n_site, n_tet, site_k, tet_k, Tet_Sphere, Compute_RPD, GPU2CPU, Non_Dup_RPCs
2027, 2267, 51, 75, 0.32000, 0.68000, 0.06000, 0.17000, 
n_site, n_tet, site_k, tet_k, Tet_Sphere, Compute_RPD, GPU2CPU, Non_Dup_RPCs
503, 150, 41, 9, 0.01000, 0.00000, 0.00000, 0.00000, 
n_site, n_tet, site_k, tet_k, Tet_Sphere, Compute_RPD, GPU2CPU, Non_Dup_RPCs
1986, 1576, 37, 35, 0.08000, 0.16000, 0.06000, 0.06000, 
n_site, n_tet, site_k, tet_k, Tet_Sphere, Compute_RPD, GPU2CPU, Non_Dup_RPCs
1560, 897, 36, 26, 0.08000, 0.10000, 0.05000, 0.01000, 
n_site, n_tet, site_k, tet_k, Tet_Sphere, Compute_RPD, GPU2CPU, Non_Dup_RPCs
1162, 512, 37, 17, 0.04000, 0.03000, 0.02000, 0.00000, 
n_site, n_tet, site_k, tet_k, Tet_Sphere, Compute_RPD, GPU2CPU, Non_Dup_RPCs
275, 72, 30, 11, 0.01000, 0.01000, 0.00000, 0.00000, 
n_site, n_tet, site_k, tet_k, Tet_Sphere, Compute_RPD, GPU2CPU, Non_Dup_RPCs
166, 30, 20, 13, 0.01000, 0.01000, 0.00000, 0.00000, 
n_site, n_tet, site_k, tet_k, Tet_Sphere, Compute_RPD, GPU2CPU, Non_Dup_RPCs
144, 26, 17, 12, 0.00000, 0.01000, 0.00000, 0.00000, 
n_site, n_tet, site_k, tet_k, Tet_Sphere, Compute_RPD, GPU2CPU, Non_Dup_RPCs
114, 24, 15, 8, 0.01000, 0.01000, 0.00000, 0.00000, 
n_site, n_tet, site_k, tet_k, Tet_Sphere, Compute_RPD, GPU2CPU, Non_Dup_RPCs
2629, 2267, 41, 82, 0.29000, 0.36000, 0.07000, 0.16000, 
n_site, n_tet, site_k, tet_k, Tet_Sphere, Compute_RPD, GPU2CPU, Non_Dup_RPCs
2629, 2267, 41, 82, 0.26000, 0.30000, 0.07000, 0.13000, 
n_site, n_tet, site_k, tet_k, Tet_Sphere, Compute_RPD, GPU2CPU, Non_Dup_RPCs
2629, 2267, 41, 82, 0.25000, 0.30000, 0.06000, 0.13000, 
n_site, n_tet, site_k, tet_k, Tet_Sphere, Compute_RPD, GPU2CPU, Non_Dup_RPCs
2629, 2267, 41, 82, 0.31000, 0.40000, 0.07000, 0.13000, 
n_site, n_tet, site_k, tet_k, Tet_Sphere, Compute_RPD, GPU2CPU, Non_Dup_RPCs
2629, 2267, 41, 82, 0.27000, 0.29000, 0.06000, 0.12000, 
n_site, n_tet, site_k, tet_k, Tet_Sphere, Compute_RPD, GPU2CPU, Non_Dup_RPCs
2629, 2267, 41, 82, 0.31000, 0.42000, 0.12000, 0.13000, 
n_site, n_tet, site_k, tet_k, Tet_Sphere, Compute_RPD, GPU2CPU, Non_Dup_RPCs
2629, 2267, 41, 82, 0.32000, 0.30000, 0.07000, 0.12000, 
n_site, n_tet, site_k, tet_k, Tet_Sphere, Compute_RPD, GPU2CPU, Non_Dup_RPCs
2629, 2267, 41, 83, 0.31000, 0.29000, 0.07000, 0.12000, 
n_site, n_tet, site_k, tet_k, Tet_Sphere, Compute_RPD, GPU2CPU, Non_Dup_RPCs
2629, 2267, 39, 79, 0.27000, 0.28000, 0.06000, 0.12000, 
n_site, n_tet, site_k, tet_k, Tet_Sphere, Compute_RPD, GPU2CPU, Non_Dup_RPCs
2629, 2267, 39, 77, 0.26000, 0.28000, 0.06000, 0.12000, 
n_site, n_tet, site_k, tet_k, Tet_Sphere, Compute_RPD, GPU2CPU, Non_Dup_RPCs
2629, 2267, 38, 78, 0.32000, 0.39000, 0.08000, 0.12000, 
n_site, n_tet, site_k, tet_k, Tet_Sphere, Compute_RPD, GPU2CPU, Non_Dup_RPCs
2629, 2267, 38, 78, 0.30000, 0.30000, 0.07000, 0.13000, 
n_site, n_tet, site_k, tet_k, Tet_Sphere, Compute_RPD, GPU2CPU, Non_Dup_RPCs
2629, 2267, 38, 79, 0.27000, 0.28000, 0.09000, 0.13000, 
n_site, n_tet, site_k, tet_k, Tet_Sphere, Compute_RPD, GPU2CPU, Non_Dup_RPCs
2629, 2267, 38, 79, 0.28000, 0.29000, 0.06000, 0.13000, 
n_site, n_tet, site_k, tet_k, Tet_Sphere, Compute_RPD, GPU2CPU, Non_Dup_RPCs
2629, 2267, 38, 79, 0.31000, 0.39000, 0.12000, 0.14000, 
n_site, n_tet, site_k, tet_k, Tet_Sphere, Compute_RPD, GPU2CPU, Non_Dup_RPCs
2629, 2267, 38, 80, 0.25000, 0.28000, 0.07000, 0.14000, 
n_site, n_tet, site_k, tet_k, Tet_Sphere, Compute_RPD, GPU2CPU, Non_Dup_RPCs
2629, 2267, 41, 81, 0.30000, 0.40000, 0.13000, 0.12000, 
n_site, n_tet, site_k, tet_k, Tet_Sphere, Compute_RPD, GPU2CPU, Non_Dup_RPCs
2629, 2267, 40, 80, 0.31000, 0.40000, 0.12000, 0.12000, 
n_site, n_tet, site_k, tet_k, Tet_Sphere, Compute_RPD, GPU2CPU, Non_Dup_RPCs
2629, 2267, 41, 79, 0.29000, 0.27000, 0.07000, 0.12000, 
n_site, n_tet, site_k, tet_k, Tet_Sphere, Compute_RPD, GPU2CPU, Non_Dup_RPCs
2629, 2267, 40, 80, 0.26000, 0.27000, 0.06000, 0.12000, 
n_site, n_tet, site_k, tet_k, Tet_Sphere, Compute_RPD, GPU2CPU, Non_Dup_RPCs
2629, 2267, 41, 81, 0.34000, 0.29000, 0.08000, 0.14000, 
n_site, n_tet, site_k, tet_k, Tet_Sphere, Compute_RPD, GPU2CPU, Non_Dup_RPCs
2629, 2267, 42, 83, 0.35000, 0.29000, 0.07000, 0.13000, 
n_site, n_tet, site_k, tet_k, Tet_Sphere, Compute_RPD, GPU2CPU, Non_Dup_RPCs
2629, 2267, 43, 83, 0.34000, 0.28000, 0.07000, 0.12000, 
n_site, n_tet, site_k, tet_k, Tet_Sphere, Compute_RPD, GPU2CPU, Non_Dup_RPCs
2629, 2267, 43, 83, 0.25000, 0.28000, 0.06000, 0.12000, 
n_site, n_tet, site_k, tet_k, Tet_Sphere, Compute_RPD, GPU2CPU, Non_Dup_RPCs
2629, 2267, 46, 82, 0.33000, 0.27000, 0.06000, 0.13000, 
n_site, n_tet, site_k, tet_k, Tet_Sphere, Compute_RPD, GPU2CPU, Non_Dup_RPCs
2629, 2267, 53, 79, 0.33000, 0.26000, 0.07000, 0.13000, 
n_site, n_tet, site_k, tet_k, Tet_Sphere, Compute_RPD, GPU2CPU, Non_Dup_RPCs
2629, 2267, 52, 79, 0.28000, 0.26000, 0.07000, 0.14000, 
n_site, n_tet, site_k, tet_k, Tet_Sphere, Compute_RPD, GPU2CPU, Non_Dup_RPCs
2629, 2267, 52, 79, 0.25000, 0.27000, 0.07000, 0.14000, 
n_site, n_tet, site_k, tet_k, Tet_Sphere, Compute_RPD, GPU2CPU, Non_Dup_RPCs
2871, 2267, 52, 92, 0.36000, 0.29000, 0.08000, 0.16000, 
n_site, n_tet, site_k, tet_k, Tet_Sphere, Compute_RPD, GPU2CPU, Non_Dup_RPCs
3171, 2267, 52, 104, 0.39000, 0.35000, 0.07000, 0.19000, 
n_site, n_tet, site_k, tet_k, Tet_Sphere, Compute_RPD, GPU2CPU, Non_Dup_RPCs
3171, 2267, 52, 104, 0.30000, 0.31000, 0.08000, 0.15000, 
n_site, n_tet, site_k, tet_k, Tet_Sphere, Compute_RPD, GPU2CPU, Non_Dup_RPCs
3171, 2267, 44, 106, 0.29000, 0.35000, 0.09000, 0.15000, 
n_site, n_tet, site_k, tet_k, Tet_Sphere, Compute_RPD, GPU2CPU, Non_Dup_RPCs
3122, 2267, 44, 99, 0.36000, 0.36000, 0.10000, 0.16000, 
n_site, n_tet, site_k, tet_k, Tet_Sphere, Compute_RPD, GPU2CPU, Non_Dup_RPCs
3045, 2267, 40, 97, 0.29000, 0.66000, 0.12000, 0.20000, 
n_site, n_tet, site_k, tet_k, Tet_Sphere, Compute_RPD, GPU2CPU, Non_Dup_RPCs
135, 31, 14, 12, 0.00000, 0.01000, 0.00000, 0.00000, 
n_site, n_tet, site_k, tet_k, Tet_Sphere, Compute_RPD, GPU2CPU, Non_Dup_RPCs
140, 26, 16, 13, 0.01000, 0.01000, 0.00000, 0.00000, 
n_site, n_tet, site_k, tet_k, Tet_Sphere, Compute_RPD, GPU2CPU, Non_Dup_RPCs
3146, 2267, 44, 100, 0.38000, 0.51000, 0.10000, 0.24000, 
n_site, n_tet, site_k, tet_k, Tet_Sphere, Compute_RPD, GPU2CPU, Non_Dup_RPCs
3146, 2267, 44, 100, 0.40000, 0.39000, 0.10000, 0.16000, 
n_site, n_tet, site_k, tet_k, Tet_Sphere, Compute_RPD, GPU2CPU, Non_Dup_RPCs
3146, 2267, 44, 100, 0.28000, 0.40000, 0.09000, 0.19000, 
n_site, n_tet, site_k, tet_k, Tet_Sphere, Compute_RPD, GPU2CPU, Non_Dup_RPCs
3146, 2267, 44, 100, 0.33000, 0.35000, 0.10000, 0.14000, 
n_site, n_tet, site_k, tet_k, Tet_Sphere, Compute_RPD, GPU2CPU, Non_Dup_RPCs
3146, 2267, 44, 100, 0.29000, 0.34000, 0.11000, 0.14000, 
n_site, n_tet, site_k, tet_k, Tet_Sphere, Compute_RPD, GPU2CPU, Non_Dup_RPCs
3146, 2267, 44, 97, 0.31000, 0.31000, 0.09000, 0.14000, 
n_site, n_tet, site_k, tet_k, Tet_Sphere, Compute_RPD, GPU2CPU, Non_Dup_RPCs
3146, 2267, 44, 98, 0.27000, 0.35000, 0.11000, 0.16000, 
n_site, n_tet, site_k, tet_k, Tet_Sphere, Compute_RPD, GPU2CPU, Non_Dup_RPCs
3146, 2267, 44, 97, 0.35000, 0.31000, 0.09000, 0.14000, 
n_site, n_tet, site_k, tet_k, Tet_Sphere, Compute_RPD, GPU2CPU, Non_Dup_RPCs
3146, 2267, 43, 93, 0.36000, 0.30000, 0.08000, 0.13000, 
n_site, n_tet, site_k, tet_k, Tet_Sphere, Compute_RPD, GPU2CPU, Non_Dup_RPCs
3146, 2267, 43, 99, 0.36000, 0.31000, 0.07000, 0.14000, 
n_site, n_tet, site_k, tet_k, Tet_Sphere, Compute_RPD, GPU2CPU, Non_Dup_RPCs
3146, 2267, 42, 98, 0.33000, 0.31000, 0.07000, 0.13000, 
n_site, n_tet, site_k, tet_k, Tet_Sphere, Compute_RPD, GPU2CPU, Non_Dup_RPCs
3146, 2267, 42, 97, 0.32000, 0.31000, 0.07000, 0.14000, 
n_site, n_tet, site_k, tet_k, Tet_Sphere, Compute_RPD, GPU2CPU, Non_Dup_RPCs
3146, 2267, 42, 97, 0.35000, 0.32000, 0.08000, 0.13000, 
n_site, n_tet, site_k, tet_k, Tet_Sphere, Compute_RPD, GPU2CPU, Non_Dup_RPCs
3146, 2267, 42, 97, 0.32000, 0.32000, 0.07000, 0.13000, 
n_site, n_tet, site_k, tet_k, Tet_Sphere, Compute_RPD, GPU2CPU, Non_Dup_RPCs
3146, 2267, 42, 94, 0.36000, 0.31000, 0.07000, 0.13000, 
n_site, n_tet, site_k, tet_k, Tet_Sphere, Compute_RPD, GPU2CPU, Non_Dup_RPCs
3146, 2267, 42, 93, 0.37000, 0.30000, 0.07000, 0.14000, 
n_site, n_tet, site_k, tet_k, Tet_Sphere, Compute_RPD, GPU2CPU, Non_Dup_RPCs
3146, 2267, 42, 93, 0.28000, 0.29000, 0.07000, 0.14000, 
n_site, n_tet, site_k, tet_k, Tet_Sphere, Compute_RPD, GPU2CPU, Non_Dup_RPCs
3146, 2267, 43, 95, 0.33000, 0.30000, 0.07000, 0.14000, 
n_site, n_tet, site_k, tet_k, Tet_Sphere, Compute_RPD, GPU2CPU, Non_Dup_RPCs
3146, 2267, 43, 96, 0.34000, 0.31000, 0.09000, 0.15000, 
n_site, n_tet, site_k, tet_k, Tet_Sphere, Compute_RPD, GPU2CPU, Non_Dup_RPCs
3146, 2267, 43, 95, 0.30000, 0.29000, 0.11000, 0.16000, 
n_site, n_tet, site_k, tet_k, Tet_Sphere, Compute_RPD, GPU2CPU, Non_Dup_RPCs
3146, 2267, 43, 95, 0.33000, 0.49000, 0.09000, 0.19000, 
n_site, n_tet, site_k, tet_k, Tet_Sphere, Compute_RPD, GPU2CPU, Non_Dup_RPCs
3201, 2267, 43, 110, 0.39000, 0.32000, 0.09000, 0.34000, 
n_site, n_tet, site_k, tet_k, Tet_Sphere, Compute_RPD, GPU2CPU, Non_Dup_RPCs
3388, 2267, 46, 116, 0.31000, 0.35000, 0.10000, 0.46000, 
n_site, n_tet, site_k, tet_k, Tet_Sphere, Compute_RPD, GPU2CPU, Non_Dup_RPCs
3388, 2267, 46, 116, 0.39000, 0.34000, 0.10000, 0.23000, 
n_site, n_tet, site_k, tet_k, Tet_Sphere, Compute_RPD, GPU2CPU, Non_Dup_RPCs
3388, 2267, 46, 120, 0.27000, 0.35000, 0.09000, 0.28000, 
n_site, n_tet, site_k, tet_k, Tet_Sphere, Compute_RPD, GPU2CPU, Non_Dup_RPCs
3349, 2267, 46, 105, 0.34000, 0.33000, 0.09000, 0.20000, 
n_site, n_tet, site_k, tet_k, Tet_Sphere, Compute_RPD, GPU2CPU, Non_Dup_RPCs
2775, 2143, 42, 85, 0.24000, 0.24000, 0.06000, 0.11000, 
n_site, n_tet, site_k, tet_k, Tet_Sphere, Compute_RPD, GPU2CPU, Non_Dup_RPCs
60, 12, 16, 12, 0.00000, 0.01000, 0.00000, 0.00000, 
n_site, n_tet, site_k, tet_k, Tet_Sphere, Compute_RPD, GPU2CPU, Non_Dup_RPCs
43, 7, 17, 9, 0.01000, 0.00000, 0.00000, 0.00000, 
n_site, n_tet, site_k, tet_k, Tet_Sphere, Compute_RPD, GPU2CPU, Non_Dup_RPCs
3357, 2267, 46, 104, 0.39000, 0.33000, 0.08000, 0.21000, 
n_site, n_tet, site_k, tet_k, Tet_Sphere, Compute_RPD, GPU2CPU, Non_Dup_RPCs
3357, 2267, 46, 104, 0.33000, 0.34000, 0.08000, 0.20000, 
n_site, n_tet, site_k, tet_k, Tet_Sphere, Compute_RPD, GPU2CPU, Non_Dup_RPCs
3357, 2267, 46, 104, 0.36000, 0.33000, 0.08000, 0.20000, 
n_site, n_tet, site_k, tet_k, Tet_Sphere, Compute_RPD, GPU2CPU, Non_Dup_RPCs
3357, 2267, 46, 105, 0.27000, 0.32000, 0.09000, 0.21000, 
n_site, n_tet, site_k, tet_k, Tet_Sphere, Compute_RPD, GPU2CPU, Non_Dup_RPCs
3357, 2267, 46, 106, 0.31000, 0.35000, 0.08000, 0.20000, 
n_site, n_tet, site_k, tet_k, Tet_Sphere, Compute_RPD, GPU2CPU, Non_Dup_RPCs
3357, 2267, 47, 106, 0.27000, 0.33000, 0.09000, 0.19000, 
n_site, n_tet, site_k, tet_k, Tet_Sphere, Compute_RPD, GPU2CPU, Non_Dup_RPCs
3357, 2267, 47, 102, 0.36000, 0.32000, 0.08000, 0.20000, 
n_site, n_tet, site_k, tet_k, Tet_Sphere, Compute_RPD, GPU2CPU, Non_Dup_RPCs
3357, 2267, 47, 103, 0.29000, 0.31000, 0.08000, 0.20000, 
n_site, n_tet, site_k, tet_k, Tet_Sphere, Compute_RPD, GPU2CPU, Non_Dup_RPCs
3357, 2267, 48, 102, 0.38000, 0.33000, 0.08000, 0.19000, 
n_site, n_tet, site_k, tet_k, Tet_Sphere, Compute_RPD, GPU2CPU, Non_Dup_RPCs
3357, 2267, 48, 104, 0.40000, 0.33000, 0.08000, 0.20000, 
n_site, n_tet, site_k, tet_k, Tet_Sphere, Compute_RPD, GPU2CPU, Non_Dup_RPCs
3357, 2267, 48, 104, 0.38000, 0.34000, 0.08000, 0.20000, 
n_site, n_tet, site_k, tet_k, Tet_Sphere, Compute_RPD, GPU2CPU, Non_Dup_RPCs
3357, 2267, 47, 103, 0.27000, 0.33000, 0.08000, 0.20000, 
n_site, n_tet, site_k, tet_k, Tet_Sphere, Compute_RPD, GPU2CPU, Non_Dup_RPCs
3357, 2267, 46, 103, 0.38000, 0.33000, 0.10000, 0.21000, 
n_site, n_tet, site_k, tet_k, Tet_Sphere, Compute_RPD, GPU2CPU, Non_Dup_RPCs
3357, 2267, 46, 101, 0.39000, 0.32000, 0.08000, 0.20000, 
n_site, n_tet, site_k, tet_k, Tet_Sphere, Compute_RPD, GPU2CPU, Non_Dup_RPCs
3357, 2267, 46, 101, 0.29000, 0.31000, 0.08000, 0.20000, 
n_site, n_tet, site_k, tet_k, Tet_Sphere, Compute_RPD, GPU2CPU, Non_Dup_RPCs
3405, 2267, 46, 125, 0.27000, 0.36000, 0.10000, 0.34000, 
n_site, n_tet, site_k, tet_k, Tet_Sphere, Compute_RPD, GPU2CPU, Non_Dup_RPCs
3582, 2267, 47, 128, 0.36000, 0.38000, 0.11000, 0.21000, 
n_site, n_tet, site_k, tet_k, Tet_Sphere, Compute_RPD, GPU2CPU, Non_Dup_RPCs
3582, 2267, 47, 128, 0.29000, 0.37000, 0.10000, 0.22000, 
n_site, n_tet, site_k, tet_k, Tet_Sphere, Compute_RPD, GPU2CPU, Non_Dup_RPCs
3582, 2267, 47, 129, 0.40000, 0.39000, 0.10000, 0.21000, 
n_site, n_tet, site_k, tet_k, Tet_Sphere, Compute_RPD, GPU2CPU, Non_Dup_RPCs
3536, 2267, 47, 126, 0.27000, 0.38000, 0.11000, 0.20000, 
n_site, n_tet, site_k, tet_k, Tet_Sphere, Compute_RPD, GPU2CPU, Non_Dup_RPCs
3536, 2267, 47, 126, 0.37000, 0.45000, 0.10000, 0.25000, 
n_site, n_tet, site_k, tet_k, Tet_Sphere, Compute_RPD, GPU2CPU, Non_Dup_RPCs
3536, 2267, 47, 126, 0.12000, 1.99000, 0.15000, 0.77000, 
n_site, n_tet, site_k, tet_k, Tet_Sphere, Compute_RPD, GPU2CPU, Non_Dup_RPCs
2027, 2267, 51, 75, 0.09000, 0.33000, 0.05000, 0.17000, 
n_site, n_tet, site_k, tet_k, Tet_Sphere, Compute_RPD, GPU2CPU, Non_Dup_RPCs
503, 150, 41, 9, 0.00000, 0.01000, 0.00000, 0.00000, 
n_site, n_tet, site_k, tet_k, Tet_Sphere, Compute_RPD, GPU2CPU, Non_Dup_RPCs
1986, 1576, 37, 35, 0.04000, 0.07000, 0.02000, 0.04000, 
n_site, n_tet, site_k, tet_k, Tet_Sphere, Compute_RPD, GPU2CPU, Non_Dup_RPCs
1560, 897, 36, 26, 0.02000, 0.04000, 0.01000, 0.00000, 
n_site, n_tet, site_k, tet_k, Tet_Sphere, Compute_RPD, GPU2CPU, Non_Dup_RPCs
2021, 4594, 199, 29, 0.15000, 0.33000, 0.05000, 0.28000, 
n_site, n_tet, site_k, tet_k, Tet_Sphere, Compute_RPD, GPU2CPU, Non_Dup_RPCs
2396, 4126, 51, 26, 0.13000, 0.24000, 0.05000, 0.16000, 
n_site, n_tet, site_k, tet_k, Tet_Sphere, Compute_RPD, GPU2CPU, Non_Dup_RPCs
1242, 981, 52, 14, 0.02000, 0.01000, 0.01000, 0.01000, 
n_site, n_tet, site_k, tet_k, Tet_Sphere, Compute_RPD, GPU2CPU, Non_Dup_RPCs
85, 53, 51, 13, 0.00000, 0.01000, 0.01000, 0.00000, 
n_site, n_tet, site_k, tet_k, Tet_Sphere, Compute_RPD, GPU2CPU, Non_Dup_RPCs
2547, 4594, 53, 29, 0.37000, 0.29000, 0.05000, 0.25000, 
n_site, n_tet, site_k, tet_k, Tet_Sphere, Compute_RPD, GPU2CPU, Non_Dup_RPCs
2547, 4594, 53, 29, 0.30000, 0.25000, 0.05000, 0.26000, 
n_site, n_tet, site_k, tet_k, Tet_Sphere, Compute_RPD, GPU2CPU, Non_Dup_RPCs
2547, 4594, 53, 29, 0.29000, 0.22000, 0.04000, 0.25000, 
n_site, n_tet, site_k, tet_k, Tet_Sphere, Compute_RPD, GPU2CPU, Non_Dup_RPCs
2547, 4594, 53, 29, 0.41000, 0.21000, 0.05000, 0.25000, 
n_site, n_tet, site_k, tet_k, Tet_Sphere, Compute_RPD, GPU2CPU, Non_Dup_RPCs
2547, 4594, 53, 29, 0.29000, 0.21000, 0.05000, 0.26000, 
n_site, n_tet, site_k, tet_k, Tet_Sphere, Compute_RPD, GPU2CPU, Non_Dup_RPCs
2547, 4594, 53, 29, 0.40000, 0.21000, 0.05000, 0.26000, 
n_site, n_tet, site_k, tet_k, Tet_Sphere, Compute_RPD, GPU2CPU, Non_Dup_RPCs
2547, 4594, 53, 29, 0.40000, 0.21000, 0.06000, 0.23000, 
n_site, n_tet, site_k, tet_k, Tet_Sphere, Compute_RPD, GPU2CPU, Non_Dup_RPCs
2547, 4594, 53, 29, 0.34000, 0.20000, 0.05000, 0.26000, 
n_site, n_tet, site_k, tet_k, Tet_Sphere, Compute_RPD, GPU2CPU, Non_Dup_RPCs
2547, 4594, 53, 29, 0.40000, 0.23000, 0.05000, 0.26000, 
n_site, n_tet, site_k, tet_k, Tet_Sphere, Compute_RPD, GPU2CPU, Non_Dup_RPCs
2547, 4594, 54, 30, 0.34000, 0.21000, 0.06000, 0.25000, 
n_site, n_tet, site_k, tet_k, Tet_Sphere, Compute_RPD, GPU2CPU, Non_Dup_RPCs
2547, 4594, 57, 29, 0.41000, 0.20000, 0.06000, 0.25000, 
n_site, n_tet, site_k, tet_k, Tet_Sphere, Compute_RPD, GPU2CPU, Non_Dup_RPCs
2547, 4594, 56, 29, 0.33000, 0.20000, 0.05000, 0.24000, 
n_site, n_tet, site_k, tet_k, Tet_Sphere, Compute_RPD, GPU2CPU, Non_Dup_RPCs
2547, 4594, 58, 29, 0.33000, 0.20000, 0.05000, 0.23000, 
n_site, n_tet, site_k, tet_k, Tet_Sphere, Compute_RPD, GPU2CPU, Non_Dup_RPCs
2547, 4594, 58, 28, 0.36000, 0.20000, 0.08000, 0.24000, 
n_site, n_tet, site_k, tet_k, Tet_Sphere, Compute_RPD, GPU2CPU, Non_Dup_RPCs
2547, 4594, 57, 27, 0.31000, 0.19000, 0.04000, 0.26000, 
n_site, n_tet, site_k, tet_k, Tet_Sphere, Compute_RPD, GPU2CPU, Non_Dup_RPCs
2547, 4594, 56, 28, 0.35000, 0.22000, 0.04000, 0.26000, 
n_site, n_tet, site_k, tet_k, Tet_Sphere, Compute_RPD, GPU2CPU, Non_Dup_RPCs
2547, 4594, 55, 29, 0.38000, 0.22000, 0.05000, 0.25000, 
n_site, n_tet, site_k, tet_k, Tet_Sphere, Compute_RPD, GPU2CPU, Non_Dup_RPCs
2547, 4594, 56, 29, 0.45000, 0.22000, 0.06000, 0.27000, 
n_site, n_tet, site_k, tet_k, Tet_Sphere, Compute_RPD, GPU2CPU, Non_Dup_RPCs
2547, 4594, 57, 29, 0.32000, 0.20000, 0.04000, 0.25000, 
n_site, n_tet, site_k, tet_k, Tet_Sphere, Compute_RPD, GPU2CPU, Non_Dup_RPCs
2547, 4594, 61, 30, 0.29000, 0.22000, 0.04000, 0.24000, 
n_site, n_tet, site_k, tet_k, Tet_Sphere, Compute_RPD, GPU2CPU, Non_Dup_RPCs
2547, 4594, 60, 31, 0.41000, 0.25000, 0.06000, 0.23000, 
n_site, n_tet, site_k, tet_k, Tet_Sphere, Compute_RPD, GPU2CPU, Non_Dup_RPCs
2547, 4594, 60, 31, 0.36000, 0.25000, 0.05000, 0.19000, 
n_site, n_tet, site_k, tet_k, Tet_Sphere, Compute_RPD, GPU2CPU, Non_Dup_RPCs
2547, 4594, 59, 31, 0.58000, 2.68000, 0.06000, 1.73000, 
n_site, n_tet, site_k, tet_k, Tet_Sphere, Compute_RPD, GPU2CPU, Non_Dup_RPCs
2547, 4594, 58, 30, 0.40000, 0.42000, 0.06000, 0.44000, 
n_site, n_tet, site_k, tet_k, Tet_Sphere, Compute_RPD, GPU2CPU, Non_Dup_RPCs
2547, 4594, 58, 30, 0.33000, 0.20000, 0.06000, 0.20000, 
n_site, n_tet, site_k, tet_k, Tet_Sphere, Compute_RPD, GPU2CPU, Non_Dup_RPCs
2547, 4594, 58, 29, 0.32000, 0.19000, 0.04000, 0.20000, 
n_site, n_tet, site_k, tet_k, Tet_Sphere, Compute_RPD, GPU2CPU, Non_Dup_RPCs
2547, 4594, 57, 29, 0.16000, 0.18000, 0.06000, 0.20000, 
n_site, n_tet, site_k, tet_k, Tet_Sphere, Compute_RPD, GPU2CPU, Non_Dup_RPCs
2021, 4594, 199, 29, 0.17000, 0.20000, 0.10000, 0.31000, 
n_site, n_tet, site_k, tet_k, Tet_Sphere, Compute_RPD, GPU2CPU, Non_Dup_RPCs
2547, 4594, 57, 29, 0.14000, 0.23000, 0.05000, 0.21000, 
n_site, n_tet, site_k, tet_k, Tet_Sphere, Compute_RPD, GPU2CPU, Non_Dup_RPCs
2396, 4126, 51, 26, 0.16000, 0.18000, 0.04000, 0.13000, 
n_site, n_tet, site_k, tet_k, Tet_Sphere, Compute_RPD, GPU2CPU, Non_Dup_RPCs
2875, 4594, 57, 29, 0.30000, 0.26000, 0.05000, 0.22000, 
n_site, n_tet, site_k, tet_k, Tet_Sphere, Compute_RPD, GPU2CPU, Non_Dup_RPCs
1242, 981, 52, 14, 0.02000, 0.01000, 0.00000, 0.02000, 
n_site, n_tet, site_k, tet_k, Tet_Sphere, Compute_RPD, GPU2CPU, Non_Dup_RPCs
85, 53, 51, 13, 0.01000, 0.01000, 0.00000, 0.00000, 
n_site, n_tet, site_k, tet_k, Tet_Sphere, Compute_RPD, GPU2CPU, Non_Dup_RPCs
3213, 4594, 58, 34, 0.36000, 0.29000, 0.06000, 0.22000, 
n_site, n_tet, site_k, tet_k, Tet_Sphere, Compute_RPD, GPU2CPU, Non_Dup_RPCs
3213, 4594, 58, 34, 0.34000, 0.45000, 0.06000, 0.22000, 
n_site, n_tet, site_k, tet_k, Tet_Sphere, Compute_RPD, GPU2CPU, Non_Dup_RPCs
2547, 4594, 53, 29, 0.22000, 0.31000, 0.12000, 0.20000, 
n_site, n_tet, site_k, tet_k, Tet_Sphere, Compute_RPD, GPU2CPU, Non_Dup_RPCs
3213, 4594, 58, 35, 0.35000, 0.26000, 0.09000, 0.28000, 
n_site, n_tet, site_k, tet_k, Tet_Sphere, Compute_RPD, GPU2CPU, Non_Dup_RPCs
2547, 4594, 53, 29, 0.27000, 0.33000, 0.15000, 0.23000, 
n_site, n_tet, site_k, tet_k, Tet_Sphere, Compute_RPD, GPU2CPU, Non_Dup_RPCs
3165, 4594, 58, 34, 0.32000, 0.28000, 0.06000, 0.22000, 
n_site, n_tet, site_k, tet_k, Tet_Sphere, Compute_RPD, GPU2CPU, Non_Dup_RPCs
2547, 4594, 53, 29, 0.23000, 0.26000, 0.07000, 0.21000, 
n_site, n_tet, site_k, tet_k, Tet_Sphere, Compute_RPD, GPU2CPU, Non_Dup_RPCs
3155, 4487, 54, 33, 0.40000, 0.27000, 0.05000, 0.21000, 
n_site, n_tet, site_k, tet_k, Tet_Sphere, Compute_RPD, GPU2CPU, Non_Dup_RPCs
2547, 4594, 53, 29, 0.15000, 0.23000, 0.05000, 0.26000, 
n_site, n_tet, site_k, tet_k, Tet_Sphere, Compute_RPD, GPU2CPU, Non_Dup_RPCs
2547, 4594, 53, 29, 0.40000, 0.29000, 0.05000, 0.30000, 
n_site, n_tet, site_k, tet_k, Tet_Sphere, Compute_RPD, GPU2CPU, Non_Dup_RPCs
3166, 4594, 58, 34, 0.19000, 0.22000, 0.07000, 0.30000, 
n_site, n_tet, site_k, tet_k, Tet_Sphere, Compute_RPD, GPU2CPU, Non_Dup_RPCs
2547, 4594, 53, 29, 0.34000, 0.33000, 0.10000, 0.28000, 
n_site, n_tet, site_k, tet_k, Tet_Sphere, Compute_RPD, GPU2CPU, Non_Dup_RPCs
3166, 4594, 58, 34, 0.33000, 0.37000, 0.11000, 0.26000, 
n_site, n_tet, site_k, tet_k, Tet_Sphere, Compute_RPD, GPU2CPU, Non_Dup_RPCs
2547, 4594, 53, 29, 0.31000, 0.36000, 0.12000, 0.20000, 
n_site, n_tet, site_k, tet_k, Tet_Sphere, Compute_RPD, GPU2CPU, Non_Dup_RPCs
3166, 4594, 58, 34, 0.46000, 0.34000, 0.10000, 0.24000, 
n_site, n_tet, site_k, tet_k, Tet_Sphere, Compute_RPD, GPU2CPU, Non_Dup_RPCs
2547, 4594, 53, 29, 0.14000, 0.16000, 0.05000, 0.23000, 
n_site, n_tet, site_k, tet_k, Tet_Sphere, Compute_RPD, GPU2CPU, Non_Dup_RPCs
3166, 4594, 58, 34, 0.40000, 0.25000, 0.06000, 0.27000, 
n_site, n_tet, site_k, tet_k, Tet_Sphere, Compute_RPD, GPU2CPU, Non_Dup_RPCs
2547, 4594, 53, 29, 0.15000, 0.23000, 0.05000, 0.24000, 
n_site, n_tet, site_k, tet_k, Tet_Sphere, Compute_RPD, GPU2CPU, Non_Dup_RPCs
2547, 4594, 54, 30, 0.37000, 0.32000, 0.06000, 0.21000, 
n_site, n_tet, site_k, tet_k, Tet_Sphere, Compute_RPD, GPU2CPU, Non_Dup_RPCs
3166, 4594, 58, 34, 0.17000, 0.20000, 0.05000, 0.22000, 
n_site, n_tet, site_k, tet_k, Tet_Sphere, Compute_RPD, GPU2CPU, Non_Dup_RPCs
2547, 4594, 57, 29, 0.38000, 0.40000, 0.10000, 0.22000, 
n_site, n_tet, site_k, tet_k, Tet_Sphere, Compute_RPD, GPU2CPU, Non_Dup_RPCs
3166, 4594, 58, 34, 0.17000, 0.25000, 0.06000, 0.21000, 
n_site, n_tet, site_k, tet_k, Tet_Sphere, Compute_RPD, GPU2CPU, Non_Dup_RPCs
2547, 4594, 56, 29, 0.30000, 0.24000, 0.05000, 0.22000, 
n_site, n_tet, site_k, tet_k, Tet_Sphere, Compute_RPD, GPU2CPU, Non_Dup_RPCs
3166, 4594, 59, 33, 0.36000, 0.28000, 0.06000, 0.30000, 
n_site, n_tet, site_k, tet_k, Tet_Sphere, Compute_RPD, GPU2CPU, Non_Dup_RPCs
2547, 4594, 58, 29, 0.15000, 0.26000, 0.06000, 0.20000, 
n_site, n_tet, site_k, tet_k, Tet_Sphere, Compute_RPD, GPU2CPU, Non_Dup_RPCs
3166, 4594, 59, 32, 0.43000, 0.25000, 0.05000, 0.24000, 
n_site, n_tet, site_k, tet_k, Tet_Sphere, Compute_RPD, GPU2CPU, Non_Dup_RPCs
2547, 4594, 58, 28, 0.15000, 0.17000, 0.05000, 0.19000, 
n_site, n_tet, site_k, tet_k, Tet_Sphere, Compute_RPD, GPU2CPU, Non_Dup_RPCs
2547, 4594, 57, 27, 0.40000, 0.24000, 0.04000, 0.21000, 
n_site, n_tet, site_k, tet_k, Tet_Sphere, Compute_RPD, GPU2CPU, Non_Dup_RPCs
3166, 4594, 59, 32, 0.21000, 0.18000, 0.05000, 0.21000, 
n_site, n_tet, site_k, tet_k, Tet_Sphere, Compute_RPD, GPU2CPU, Non_Dup_RPCs
2547, 4594, 56, 28, 0.36000, 0.41000, 0.06000, 0.23000, 
n_site, n_tet, site_k, tet_k, Tet_Sphere, Compute_RPD, GPU2CPU, Non_Dup_RPCs
3166, 4594, 60, 32, 0.18000, 0.17000, 0.06000, 0.23000, 
n_site, n_tet, site_k, tet_k, Tet_Sphere, Compute_RPD, GPU2CPU, Non_Dup_RPCs
2547, 4594, 55, 29, 0.32000, 0.39000, 0.05000, 0.22000, 
n_site, n_tet, site_k, tet_k, Tet_Sphere, Compute_RPD, GPU2CPU, Non_Dup_RPCs
3166, 4594, 60, 32, 0.34000, 0.22000, 0.08000, 0.24000, 
n_site, n_tet, site_k, tet_k, Tet_Sphere, Compute_RPD, GPU2CPU, Non_Dup_RPCs
2547, 4594, 56, 29, 0.27000, 0.28000, 0.08000, 0.20000, 
n_site, n_tet, site_k, tet_k, Tet_Sphere, Compute_RPD, GPU2CPU, Non_Dup_RPCs
3166, 4594, 60, 32, 0.43000, 0.29000, 0.11000, 0.23000, 
n_site, n_tet, site_k, tet_k, Tet_Sphere, Compute_RPD, GPU2CPU, Non_Dup_RPCs
2547, 4594, 57, 29, 0.13000, 0.19000, 0.05000, 0.20000, 
n_site, n_tet, site_k, tet_k, Tet_Sphere, Compute_RPD, GPU2CPU, Non_Dup_RPCs
2547, 4594, 61, 30, 0.52000, 0.23000, 0.05000, 0.25000, 
n_site, n_tet, site_k, tet_k, Tet_Sphere, Compute_RPD, GPU2CPU, Non_Dup_RPCs
3166, 4594, 60, 33, 0.42000, 0.28000, 0.06000, 0.23000, 
n_site, n_tet, site_k, tet_k, Tet_Sphere, Compute_RPD, GPU2CPU, Non_Dup_RPCs
2547, 4594, 60, 31, 0.34000, 0.33000, 0.06000, 0.19000, 
n_site, n_tet, site_k, tet_k, Tet_Sphere, Compute_RPD, GPU2CPU, Non_Dup_RPCs
3166, 4594, 60, 32, 0.18000, 0.18000, 0.05000, 0.20000, 
n_site, n_tet, site_k, tet_k, Tet_Sphere, Compute_RPD, GPU2CPU, Non_Dup_RPCs
2547, 4594, 60, 31, 0.36000, 0.40000, 0.05000, 0.27000, 
n_site, n_tet, site_k, tet_k, Tet_Sphere, Compute_RPD, GPU2CPU, Non_Dup_RPCs
3166, 4594, 61, 32, 0.17000, 0.24000, 0.05000, 0.22000, 
n_site, n_tet, site_k, tet_k, Tet_Sphere, Compute_RPD, GPU2CPU, Non_Dup_RPCs
2547, 4594, 59, 31, 0.32000, 0.36000, 0.08000, 0.23000, 
n_site, n_tet, site_k, tet_k, Tet_Sphere, Compute_RPD, GPU2CPU, Non_Dup_RPCs
3166, 4594, 61, 33, 0.43000, 0.25000, 0.06000, 0.23000, 
n_site, n_tet, site_k, tet_k, Tet_Sphere, Compute_RPD, GPU2CPU, Non_Dup_RPCs
2547, 4594, 58, 30, 0.16000, 0.22000, 0.05000, 0.20000, 
n_site, n_tet, site_k, tet_k, Tet_Sphere, Compute_RPD, GPU2CPU, Non_Dup_RPCs
3166, 4594, 61, 33, 0.35000, 0.26000, 0.06000, 0.23000, 
n_site, n_tet, site_k, tet_k, Tet_Sphere, Compute_RPD, GPU2CPU, Non_Dup_RPCs
2547, 4594, 58, 30, 0.16000, 0.17000, 0.05000, 0.20000, 
n_site, n_tet, site_k, tet_k, Tet_Sphere, Compute_RPD, GPU2CPU, Non_Dup_RPCs
2547, 4594, 58, 29, 0.34000, 0.25000, 0.08000, 0.21000, 
n_site, n_tet, site_k, tet_k, Tet_Sphere, Compute_RPD, GPU2CPU, Non_Dup_RPCs
3166, 4594, 61, 33, 0.21000, 0.18000, 0.06000, 0.21000, 
n_site, n_tet, site_k, tet_k, Tet_Sphere, Compute_RPD, GPU2CPU, Non_Dup_RPCs
2547, 4594, 57, 29, 0.29000, 0.32000, 0.09000, 0.22000, 
n_site, n_tet, site_k, tet_k, Tet_Sphere, Compute_RPD, GPU2CPU, Non_Dup_RPCs
3166, 4594, 61, 31, 0.18000, 0.20000, 0.07000, 0.32000, 
n_site, n_tet, site_k, tet_k, Tet_Sphere, Compute_RPD, GPU2CPU, Non_Dup_RPCs
2547, 4594, 57, 29, 0.41000, 0.44000, 0.08000, 0.27000, 
n_site, n_tet, site_k, tet_k, Tet_Sphere, Compute_RPD, GPU2CPU, Non_Dup_RPCs
3166, 4594, 61, 31, 0.32000, 0.24000, 0.06000, 0.26000, 
n_site, n_tet, site_k, tet_k, Tet_Sphere, Compute_RPD, GPU2CPU, Non_Dup_RPCs
2875, 4594, 57, 29, 0.37000, 0.23000, 0.05000, 0.23000, 
n_site, n_tet, site_k, tet_k, Tet_Sphere, Compute_RPD, GPU2CPU, Non_Dup_RPCs
3166, 4594, 61, 31, 0.33000, 0.24000, 0.06000, 0.23000, 
n_site, n_tet, site_k, tet_k, Tet_Sphere, Compute_RPD, GPU2CPU, Non_Dup_RPCs
3213, 4594, 58, 34, 0.39000, 0.29000, 0.09000, 0.28000, 
n_site, n_tet, site_k, tet_k, Tet_Sphere, Compute_RPD, GPU2CPU, Non_Dup_RPCs
3203, 4594, 62, 33, 0.21000, 0.22000, 0.06000, 0.23000, 
n_site, n_tet, site_k, tet_k, Tet_Sphere, Compute_RPD, GPU2CPU, Non_Dup_RPCs
3213, 4594, 58, 34, 0.35000, 0.26000, 0.09000, 0.25000, 
n_site, n_tet, site_k, tet_k, Tet_Sphere, Compute_RPD, GPU2CPU, Non_Dup_RPCs
3383, 4594, 62, 34, 0.33000, 0.27000, 0.06000, 0.23000, 
n_site, n_tet, site_k, tet_k, Tet_Sphere, Compute_RPD, GPU2CPU, Non_Dup_RPCs
3213, 4594, 58, 35, 0.18000, 0.20000, 0.07000, 0.23000, 
n_site, n_tet, site_k, tet_k, Tet_Sphere, Compute_RPD, GPU2CPU, Non_Dup_RPCs
3383, 4594, 62, 34, 0.40000, 0.26000, 0.12000, 0.23000, 
n_site, n_tet, site_k, tet_k, Tet_Sphere, Compute_RPD, GPU2CPU, Non_Dup_RPCs
3164, 4594, 58, 34, 0.20000, 0.26000, 0.06000, 0.23000, 
n_site, n_tet, site_k, tet_k, Tet_Sphere, Compute_RPD, GPU2CPU, Non_Dup_RPCs
3383, 4594, 60, 35, 0.40000, 0.34000, 0.06000, 0.24000, 
n_site, n_tet, site_k, tet_k, Tet_Sphere, Compute_RPD, GPU2CPU, Non_Dup_RPCs
3154, 4487, 54, 33, 0.31000, 0.38000, 0.10000, 0.25000, 
n_site, n_tet, site_k, tet_k, Tet_Sphere, Compute_RPD, GPU2CPU, Non_Dup_RPCs
3355, 4594, 60, 35, 0.44000, 0.29000, 0.07000, 0.23000, 
n_site, n_tet, site_k, tet_k, Tet_Sphere, Compute_RPD, GPU2CPU, Non_Dup_RPCs
3165, 4594, 58, 34, 0.34000, 0.27000, 0.11000, 0.26000, 
n_site, n_tet, site_k, tet_k, Tet_Sphere, Compute_RPD, GPU2CPU, Non_Dup_RPCs
3079, 4069, 56, 26, 0.21000, 0.22000, 0.11000, 0.12000, 
n_site, n_tet, site_k, tet_k, Tet_Sphere, Compute_RPD, GPU2CPU, Non_Dup_RPCs
3165, 4594, 58, 34, 0.35000, 0.27000, 0.06000, 0.25000, 
n_site, n_tet, site_k, tet_k, Tet_Sphere, Compute_RPD, GPU2CPU, Non_Dup_RPCs
3362, 4594, 60, 36, 0.42000, 0.31000, 0.07000, 0.32000, 
n_site, n_tet, site_k, tet_k, Tet_Sphere, Compute_RPD, GPU2CPU, Non_Dup_RPCs
3165, 4594, 58, 34, 0.37000, 0.36000, 0.06000, 0.23000, 
n_site, n_tet, site_k, tet_k, Tet_Sphere, Compute_RPD, GPU2CPU, Non_Dup_RPCs
3362, 4594, 60, 36, 0.46000, 0.28000, 0.06000, 0.33000, 
n_site, n_tet, site_k, tet_k, Tet_Sphere, Compute_RPD, GPU2CPU, Non_Dup_RPCs
3165, 4594, 58, 34, 0.39000, 0.27000, 0.07000, 0.25000, 
n_site, n_tet, site_k, tet_k, Tet_Sphere, Compute_RPD, GPU2CPU, Non_Dup_RPCs
3362, 4594, 60, 36, 0.55000, 0.29000, 0.15000, 0.38000, 
n_site, n_tet, site_k, tet_k, Tet_Sphere, Compute_RPD, GPU2CPU, Non_Dup_RPCs
3165, 4594, 58, 34, 0.34000, 0.36000, 0.08000, 0.22000, 
n_site, n_tet, site_k, tet_k, Tet_Sphere, Compute_RPD, GPU2CPU, Non_Dup_RPCs
3362, 4594, 60, 36, 0.50000, 0.35000, 0.13000, 0.30000, 
n_site, n_tet, site_k, tet_k, Tet_Sphere, Compute_RPD, GPU2CPU, Non_Dup_RPCs
3165, 4594, 58, 34, 0.36000, 0.34000, 0.08000, 0.23000, 
n_site, n_tet, site_k, tet_k, Tet_Sphere, Compute_RPD, GPU2CPU, Non_Dup_RPCs
3362, 4594, 60, 36, 0.47000, 0.34000, 0.09000, 0.25000, 
n_site, n_tet, site_k, tet_k, Tet_Sphere, Compute_RPD, GPU2CPU, Non_Dup_RPCs
3165, 4594, 59, 33, 0.18000, 0.19000, 0.07000, 0.22000, 
n_site, n_tet, site_k, tet_k, Tet_Sphere, Compute_RPD, GPU2CPU, Non_Dup_RPCs
3362, 4594, 61, 35, 0.49000, 0.30000, 0.07000, 0.25000, 
n_site, n_tet, site_k, tet_k, Tet_Sphere, Compute_RPD, GPU2CPU, Non_Dup_RPCs
3165, 4594, 59, 32, 0.20000, 0.18000, 0.06000, 0.22000, 
n_site, n_tet, site_k, tet_k, Tet_Sphere, Compute_RPD, GPU2CPU, Non_Dup_RPCs
3165, 4594, 59, 32, 0.38000, 0.34000, 0.13000, 0.30000, 
n_site, n_tet, site_k, tet_k, Tet_Sphere, Compute_RPD, GPU2CPU, Non_Dup_RPCs
3362, 4594, 62, 34, 0.53000, 0.35000, 0.13000, 0.30000, 
n_site, n_tet, site_k, tet_k, Tet_Sphere, Compute_RPD, GPU2CPU, Non_Dup_RPCs
3165, 4594, 60, 32, 0.39000, 0.26000, 0.06000, 0.31000, 
n_site, n_tet, site_k, tet_k, Tet_Sphere, Compute_RPD, GPU2CPU, Non_Dup_RPCs
3362, 4594, 60, 33, 0.21000, 0.27000, 0.06000, 0.28000, 
n_site, n_tet, site_k, tet_k, Tet_Sphere, Compute_RPD, GPU2CPU, Non_Dup_RPCs
3165, 4594, 60, 32, 0.45000, 0.22000, 0.07000, 0.36000, 
n_site, n_tet, site_k, tet_k, Tet_Sphere, Compute_RPD, GPU2CPU, Non_Dup_RPCs
3362, 4594, 60, 33, 0.22000, 0.31000, 0.07000, 0.28000, 
n_site, n_tet, site_k, tet_k, Tet_Sphere, Compute_RPD, GPU2CPU, Non_Dup_RPCs
3165, 4594, 60, 32, 0.40000, 0.24000, 0.06000, 0.27000, 
n_site, n_tet, site_k, tet_k, Tet_Sphere, Compute_RPD, GPU2CPU, Non_Dup_RPCs
3362, 4594, 60, 33, 0.22000, 0.27000, 0.06000, 0.23000, 
n_site, n_tet, site_k, tet_k, Tet_Sphere, Compute_RPD, GPU2CPU, Non_Dup_RPCs
3165, 4594, 60, 33, 0.40000, 0.24000, 0.08000, 0.23000, 
n_site, n_tet, site_k, tet_k, Tet_Sphere, Compute_RPD, GPU2CPU, Non_Dup_RPCs
3362, 4594, 60, 33, 0.21000, 0.20000, 0.05000, 0.23000, 
n_site, n_tet, site_k, tet_k, Tet_Sphere, Compute_RPD, GPU2CPU, Non_Dup_RPCs
3165, 4594, 60, 32, 0.34000, 0.30000, 0.07000, 0.27000, 
n_site, n_tet, site_k, tet_k, Tet_Sphere, Compute_RPD, GPU2CPU, Non_Dup_RPCs
3362, 4594, 60, 33, 0.20000, 0.21000, 0.06000, 0.26000, 
n_site, n_tet, site_k, tet_k, Tet_Sphere, Compute_RPD, GPU2CPU, Non_Dup_RPCs
3165, 4594, 61, 32, 0.46000, 0.32000, 0.08000, 0.32000, 
n_site, n_tet, site_k, tet_k, Tet_Sphere, Compute_RPD, GPU2CPU, Non_Dup_RPCs
3362, 4594, 59, 34, 0.22000, 0.25000, 0.07000, 0.28000, 
n_site, n_tet, site_k, tet_k, Tet_Sphere, Compute_RPD, GPU2CPU, Non_Dup_RPCs
3165, 4594, 61, 33, 0.90000, 5.94000, 0.09000, 0.41000, 
n_site, n_tet, site_k, tet_k, Tet_Sphere, Compute_RPD, GPU2CPU, Non_Dup_RPCs
3362, 4594, 58, 35, 1.06000, 4.78000, 0.12000, 0.38000, 
n_site, n_tet, site_k, tet_k, Tet_Sphere, Compute_RPD, GPU2CPU, Non_Dup_RPCs
3165, 4594, 61, 33, 0.62000, 0.38000, 0.14000, 2.20000, 
n_site, n_tet, site_k, tet_k, Tet_Sphere, Compute_RPD, GPU2CPU, Non_Dup_RPCs
3362, 4594, 58, 35, 0.30000, 1.05000, 0.13000, 1.46000, 
n_site, n_tet, site_k, tet_k, Tet_Sphere, Compute_RPD, GPU2CPU, Non_Dup_RPCs
3165, 4594, 61, 33, 0.45000, 0.29000, 0.08000, 0.27000, 
n_site, n_tet, site_k, tet_k, Tet_Sphere, Compute_RPD, GPU2CPU, Non_Dup_RPCs
3367, 4594, 58, 35, 0.29000, 0.23000, 0.08000, 0.26000, 
n_site, n_tet, site_k, tet_k, Tet_Sphere, Compute_RPD, GPU2CPU, Non_Dup_RPCs
3165, 4594, 61, 32, 0.50000, 0.21000, 0.07000, 0.22000, 
n_site, n_tet, site_k, tet_k, Tet_Sphere, Compute_RPD, GPU2CPU, Non_Dup_RPCs
3517, 4594, 59, 35, 0.21000, 0.22000, 0.07000, 0.23000, 
n_site, n_tet, site_k, tet_k, Tet_Sphere, Compute_RPD, GPU2CPU, Non_Dup_RPCs
3165, 4594, 61, 31, 0.54000, 0.21000, 0.06000, 0.31000, 
n_site, n_tet, site_k, tet_k, Tet_Sphere, Compute_RPD, GPU2CPU, Non_Dup_RPCs
3517, 4594, 59, 35, 0.36000, 0.27000, 0.07000, 0.26000, 
n_site, n_tet, site_k, tet_k, Tet_Sphere, Compute_RPD, GPU2CPU, Non_Dup_RPCs
3165, 4594, 61, 31, 0.31000, 0.24000, 0.10000, 0.27000, 
n_site, n_tet, site_k, tet_k, Tet_Sphere, Compute_RPD, GPU2CPU, Non_Dup_RPCs
3517, 4594, 61, 36, 0.45000, 0.27000, 0.11000, 0.28000, 
n_site, n_tet, site_k, tet_k, Tet_Sphere, Compute_RPD, GPU2CPU, Non_Dup_RPCs
3483, 4594, 61, 35, 0.51000, 0.24000, 0.08000, 0.35000, 
n_site, n_tet, site_k, tet_k, Tet_Sphere, Compute_RPD, GPU2CPU, Non_Dup_RPCs
3192, 4594, 62, 33, 0.22000, 0.22000, 0.08000, 0.30000, 
n_site, n_tet, site_k, tet_k, Tet_Sphere, Compute_RPD, GPU2CPU, Non_Dup_RPCs
2021, 4594, 199, 29, 0.32000, 0.72000, 0.08000, 0.39000, 
n_site, n_tet, site_k, tet_k, Tet_Sphere, Compute_RPD, GPU2CPU, Non_Dup_RPCs
3364, 4594, 62, 35, 0.24000, 0.30000, 0.07000, 0.41000, 
n_site, n_tet, site_k, tet_k, Tet_Sphere, Compute_RPD, GPU2CPU, Non_Dup_RPCs
2396, 4126, 51, 26, 0.19000, 0.21000, 0.06000, 0.14000, 
n_site, n_tet, site_k, tet_k, Tet_Sphere, Compute_RPD, GPU2CPU, Non_Dup_RPCs
1242, 981, 52, 14, 0.03000, 0.02000, 0.01000, 0.01000, 
n_site, n_tet, site_k, tet_k, Tet_Sphere, Compute_RPD, GPU2CPU, Non_Dup_RPCs
3364, 4594, 62, 35, 0.44000, 0.27000, 0.07000, 0.27000, 
n_site, n_tet, site_k, tet_k, Tet_Sphere, Compute_RPD, GPU2CPU, Non_Dup_RPCs
85, 53, 51, 13, 0.00000, 0.01000, 0.00000, 0.00000, 
n_site, n_tet, site_k, tet_k, Tet_Sphere, Compute_RPD, GPU2CPU, Non_Dup_RPCs
3364, 4594, 61, 35, 0.42000, 0.22000, 0.07000, 0.23000, 
n_site, n_tet, site_k, tet_k, Tet_Sphere, Compute_RPD, GPU2CPU, Non_Dup_RPCs
3337, 4594, 61, 35, 0.42000, 0.23000, 0.07000, 0.27000, 
n_site, n_tet, site_k, tet_k, Tet_Sphere, Compute_RPD, GPU2CPU, Non_Dup_RPCs
2547, 4594, 53, 29, 0.16000, 0.21000, 0.05000, 0.21000, 
n_site, n_tet, site_k, tet_k, Tet_Sphere, Compute_RPD, GPU2CPU, Non_Dup_RPCs
3007, 4009, 57, 25, 0.36000, 0.14000, 0.04000, 0.13000, 
n_site, n_tet, site_k, tet_k, Tet_Sphere, Compute_RPD, GPU2CPU, Non_Dup_RPCs
2547, 4594, 53, 29, 0.17000, 0.20000, 0.06000, 0.26000, 
n_site, n_tet, site_k, tet_k, Tet_Sphere, Compute_RPD, GPU2CPU, Non_Dup_RPCs
2547, 4594, 53, 29, 0.43000, 0.19000, 0.05000, 0.22000, 
n_site, n_tet, site_k, tet_k, Tet_Sphere, Compute_RPD, GPU2CPU, Non_Dup_RPCs
3344, 4594, 61, 36, 0.21000, 0.22000, 0.07000, 0.27000, 
n_site, n_tet, site_k, tet_k, Tet_Sphere, Compute_RPD, GPU2CPU, Non_Dup_RPCs
2547, 4594, 53, 29, 0.30000, 0.21000, 0.05000, 0.22000, 
n_site, n_tet, site_k, tet_k, Tet_Sphere, Compute_RPD, GPU2CPU, Non_Dup_RPCs
3344, 4594, 61, 36, 0.48000, 0.24000, 0.14000, 0.35000, 
n_site, n_tet, site_k, tet_k, Tet_Sphere, Compute_RPD, GPU2CPU, Non_Dup_RPCs
2547, 4594, 53, 29, 0.24000, 0.25000, 0.08000, 0.21000, 
n_site, n_tet, site_k, tet_k, Tet_Sphere, Compute_RPD, GPU2CPU, Non_Dup_RPCs
2547, 4594, 53, 29, 0.24000, 0.20000, 0.05000, 0.31000, 
n_site, n_tet, site_k, tet_k, Tet_Sphere, Compute_RPD, GPU2CPU, Non_Dup_RPCs
3344, 4594, 61, 36, 0.52000, 0.27000, 0.06000, 0.28000, 
n_site, n_tet, site_k, tet_k, Tet_Sphere, Compute_RPD, GPU2CPU, Non_Dup_RPCs
2547, 4594, 53, 29, 0.39000, 0.28000, 0.09000, 0.21000, 
n_site, n_tet, site_k, tet_k, Tet_Sphere, Compute_RPD, GPU2CPU, Non_Dup_RPCs
3344, 4594, 61, 36, 0.21000, 0.22000, 0.08000, 0.26000, 
n_site, n_tet, site_k, tet_k, Tet_Sphere, Compute_RPD, GPU2CPU, Non_Dup_RPCs
2547, 4594, 53, 29, 0.32000, 0.20000, 0.05000, 0.30000, 
n_site, n_tet, site_k, tet_k, Tet_Sphere, Compute_RPD, GPU2CPU, Non_Dup_RPCs
3344, 4594, 61, 36, 0.44000, 0.29000, 0.09000, 0.39000, 
n_site, n_tet, site_k, tet_k, Tet_Sphere, Compute_RPD, GPU2CPU, Non_Dup_RPCs
2547, 4594, 53, 29, 0.16000, 0.21000, 0.05000, 0.27000, 
n_site, n_tet, site_k, tet_k, Tet_Sphere, Compute_RPD, GPU2CPU, Non_Dup_RPCs
2547, 4594, 54, 30, 0.41000, 0.19000, 0.05000, 0.21000, 
n_site, n_tet, site_k, tet_k, Tet_Sphere, Compute_RPD, GPU2CPU, Non_Dup_RPCs
3344, 4594, 61, 34, 0.39000, 0.24000, 0.06000, 0.23000, 
n_site, n_tet, site_k, tet_k, Tet_Sphere, Compute_RPD, GPU2CPU, Non_Dup_RPCs
2547, 4594, 57, 29, 0.45000, 0.31000, 0.08000, 0.20000, 
n_site, n_tet, site_k, tet_k, Tet_Sphere, Compute_RPD, GPU2CPU, Non_Dup_RPCs
3344, 4594, 61, 34, 0.20000, 0.20000, 0.09000, 0.25000, 
n_site, n_tet, site_k, tet_k, Tet_Sphere, Compute_RPD, GPU2CPU, Non_Dup_RPCs
2547, 4594, 56, 29, 0.35000, 0.27000, 0.05000, 0.20000, 
n_site, n_tet, site_k, tet_k, Tet_Sphere, Compute_RPD, GPU2CPU, Non_Dup_RPCs
3344, 4594, 61, 33, 0.40000, 0.22000, 0.08000, 0.24000, 
n_site, n_tet, site_k, tet_k, Tet_Sphere, Compute_RPD, GPU2CPU, Non_Dup_RPCs
2547, 4594, 58, 29, 0.26000, 0.25000, 0.05000, 0.19000, 
n_site, n_tet, site_k, tet_k, Tet_Sphere, Compute_RPD, GPU2CPU, Non_Dup_RPCs
3344, 4594, 61, 33, 0.44000, 0.22000, 0.06000, 0.23000, 
n_site, n_tet, site_k, tet_k, Tet_Sphere, Compute_RPD, GPU2CPU, Non_Dup_RPCs
2547, 4594, 58, 28, 0.16000, 0.22000, 0.04000, 0.20000, 
n_site, n_tet, site_k, tet_k, Tet_Sphere, Compute_RPD, GPU2CPU, Non_Dup_RPCs
2547, 4594, 57, 27, 0.43000, 0.29000, 0.04000, 0.21000, 
n_site, n_tet, site_k, tet_k, Tet_Sphere, Compute_RPD, GPU2CPU, Non_Dup_RPCs
3344, 4594, 60, 33, 0.21000, 0.21000, 0.07000, 0.22000, 
n_site, n_tet, site_k, tet_k, Tet_Sphere, Compute_RPD, GPU2CPU, Non_Dup_RPCs
2547, 4594, 56, 28, 0.33000, 0.23000, 0.07000, 0.22000, 
n_site, n_tet, site_k, tet_k, Tet_Sphere, Compute_RPD, GPU2CPU, Non_Dup_RPCs
3344, 4594, 60, 33, 0.39000, 0.21000, 0.12000, 0.27000, 
n_site, n_tet, site_k, tet_k, Tet_Sphere, Compute_RPD, GPU2CPU, Non_Dup_RPCs
2547, 4594, 55, 29, 0.16000, 0.20000, 0.05000, 0.20000, 
n_site, n_tet, site_k, tet_k, Tet_Sphere, Compute_RPD, GPU2CPU, Non_Dup_RPCs
2547, 4594, 56, 29, 0.35000, 0.19000, 0.05000, 0.20000, 
n_site, n_tet, site_k, tet_k, Tet_Sphere, Compute_RPD, GPU2CPU, Non_Dup_RPCs
3344, 4594, 59, 33, 0.58000, 0.22000, 0.06000, 0.23000, 
n_site, n_tet, site_k, tet_k, Tet_Sphere, Compute_RPD, GPU2CPU, Non_Dup_RPCs
2547, 4594, 57, 29, 0.45000, 0.26000, 0.10000, 0.28000, 
n_site, n_tet, site_k, tet_k, Tet_Sphere, Compute_RPD, GPU2CPU, Non_Dup_RPCs
3344, 4594, 59, 33, 0.20000, 0.20000, 0.06000, 0.23000, 
n_site, n_tet, site_k, tet_k, Tet_Sphere, Compute_RPD, GPU2CPU, Non_Dup_RPCs
2547, 4594, 61, 30, 0.40000, 0.19000, 0.05000, 0.21000, 
n_site, n_tet, site_k, tet_k, Tet_Sphere, Compute_RPD, GPU2CPU, Non_Dup_RPCs
3344, 4594, 59, 33, 0.35000, 0.22000, 0.08000, 0.31000, 
n_site, n_tet, site_k, tet_k, Tet_Sphere, Compute_RPD, GPU2CPU, Non_Dup_RPCs
2547, 4594, 60, 31, 0.24000, 0.28000, 0.07000, 0.20000, 
n_site, n_tet, site_k, tet_k, Tet_Sphere, Compute_RPD, GPU2CPU, Non_Dup_RPCs
2547, 4594, 60, 31, 0.39000, 0.20000, 0.05000, 0.22000, 
n_site, n_tet, site_k, tet_k, Tet_Sphere, Compute_RPD, GPU2CPU, Non_Dup_RPCs
3344, 4594, 59, 33, 0.54000, 0.22000, 0.07000, 0.23000, 
n_site, n_tet, site_k, tet_k, Tet_Sphere, Compute_RPD, GPU2CPU, Non_Dup_RPCs
2547, 4594, 59, 31, 0.41000, 0.19000, 0.05000, 0.19000, 
n_site, n_tet, site_k, tet_k, Tet_Sphere, Compute_RPD, GPU2CPU, Non_Dup_RPCs
3347, 4594, 59, 33, 0.20000, 0.20000, 0.06000, 0.23000, 
n_site, n_tet, site_k, tet_k, Tet_Sphere, Compute_RPD, GPU2CPU, Non_Dup_RPCs
2547, 4594, 58, 30, 0.34000, 0.30000, 0.11000, 0.20000, 
n_site, n_tet, site_k, tet_k, Tet_Sphere, Compute_RPD, GPU2CPU, Non_Dup_RPCs
3488, 4594, 59, 36, 0.51000, 0.28000, 0.06000, 0.24000, 
n_site, n_tet, site_k, tet_k, Tet_Sphere, Compute_RPD, GPU2CPU, Non_Dup_RPCs
2547, 4594, 58, 30, 0.15000, 0.19000, 0.05000, 0.27000, 
n_site, n_tet, site_k, tet_k, Tet_Sphere, Compute_RPD, GPU2CPU, Non_Dup_RPCs
2547, 4594, 58, 29, 0.39000, 0.19000, 0.05000, 0.20000, 
n_site, n_tet, site_k, tet_k, Tet_Sphere, Compute_RPD, GPU2CPU, Non_Dup_RPCs
2547, 4594, 57, 29, 0.42000, 0.19000, 0.05000, 0.20000, 
n_site, n_tet, site_k, tet_k, Tet_Sphere, Compute_RPD, GPU2CPU, Non_Dup_RPCs
2547, 4594, 57, 29, 0.39000, 0.19000, 0.05000, 0.19000, 
n_site, n_tet, site_k, tet_k, Tet_Sphere, Compute_RPD, GPU2CPU, Non_Dup_RPCs
2875, 4594, 57, 29, 0.41000, 0.19000, 0.05000, 0.20000, 
n_site, n_tet, site_k, tet_k, Tet_Sphere, Compute_RPD, GPU2CPU, Non_Dup_RPCs
3213, 4594, 58, 34, 0.33000, 0.22000, 0.05000, 0.22000, 
n_site, n_tet, site_k, tet_k, Tet_Sphere, Compute_RPD, GPU2CPU, Non_Dup_RPCs
3213, 4594, 58, 34, 0.43000, 0.22000, 0.05000, 0.23000, 
n_site, n_tet, site_k, tet_k, Tet_Sphere, Compute_RPD, GPU2CPU, Non_Dup_RPCs
3213, 4594, 58, 35, 0.44000, 0.22000, 0.06000, 0.20000, 
n_site, n_tet, site_k, tet_k, Tet_Sphere, Compute_RPD, GPU2CPU, Non_Dup_RPCs
3167, 4594, 58, 34, 0.38000, 0.22000, 0.05000, 0.22000, 
n_site, n_tet, site_k, tet_k, Tet_Sphere, Compute_RPD, GPU2CPU, Non_Dup_RPCs
3157, 4487, 54, 33, 0.34000, 0.20000, 0.05000, 0.19000, 
n_site, n_tet, site_k, tet_k, Tet_Sphere, Compute_RPD, GPU2CPU, Non_Dup_RPCs
3168, 4594, 58, 34, 0.47000, 0.22000, 0.06000, 0.23000, 
n_site, n_tet, site_k, tet_k, Tet_Sphere, Compute_RPD, GPU2CPU, Non_Dup_RPCs
3168, 4594, 58, 34, 0.47000, 0.23000, 0.06000, 0.22000, 
n_site, n_tet, site_k, tet_k, Tet_Sphere, Compute_RPD, GPU2CPU, Non_Dup_RPCs
3168, 4594, 58, 34, 0.45000, 0.22000, 0.05000, 0.21000, 
n_site, n_tet, site_k, tet_k, Tet_Sphere, Compute_RPD, GPU2CPU, Non_Dup_RPCs
3168, 4594, 58, 34, 0.40000, 0.22000, 0.05000, 0.23000, 
n_site, n_tet, site_k, tet_k, Tet_Sphere, Compute_RPD, GPU2CPU, Non_Dup_RPCs
3168, 4594, 58, 34, 0.46000, 0.22000, 0.05000, 0.22000, 
n_site, n_tet, site_k, tet_k, Tet_Sphere, Compute_RPD, GPU2CPU, Non_Dup_RPCs
3168, 4594, 58, 34, 0.49000, 0.23000, 0.06000, 0.22000, 
n_site, n_tet, site_k, tet_k, Tet_Sphere, Compute_RPD, GPU2CPU, Non_Dup_RPCs
3168, 4594, 59, 33, 0.41000, 0.22000, 0.06000, 0.23000, 
n_site, n_tet, site_k, tet_k, Tet_Sphere, Compute_RPD, GPU2CPU, Non_Dup_RPCs
3168, 4594, 59, 32, 0.44000, 0.20000, 0.06000, 0.21000, 
n_site, n_tet, site_k, tet_k, Tet_Sphere, Compute_RPD, GPU2CPU, Non_Dup_RPCs
3168, 4594, 59, 32, 0.35000, 0.20000, 0.05000, 0.23000, 
n_site, n_tet, site_k, tet_k, Tet_Sphere, Compute_RPD, GPU2CPU, Non_Dup_RPCs
3168, 4594, 60, 32, 0.42000, 0.20000, 0.06000, 0.22000, 
n_site, n_tet, site_k, tet_k, Tet_Sphere, Compute_RPD, GPU2CPU, Non_Dup_RPCs
3168, 4594, 60, 32, 0.50000, 0.21000, 0.05000, 0.22000, 
n_site, n_tet, site_k, tet_k, Tet_Sphere, Compute_RPD, GPU2CPU, Non_Dup_RPCs
3168, 4594, 60, 32, 0.34000, 0.20000, 0.05000, 0.23000, 
n_site, n_tet, site_k, tet_k, Tet_Sphere, Compute_RPD, GPU2CPU, Non_Dup_RPCs
3168, 4594, 60, 33, 0.38000, 0.21000, 0.06000, 0.22000, 
n_site, n_tet, site_k, tet_k, Tet_Sphere, Compute_RPD, GPU2CPU, Non_Dup_RPCs
3168, 4594, 60, 32, 0.46000, 0.20000, 0.05000, 0.22000, 
n_site, n_tet, site_k, tet_k, Tet_Sphere, Compute_RPD, GPU2CPU, Non_Dup_RPCs
3168, 4594, 61, 32, 0.45000, 0.20000, 0.05000, 0.22000, 
n_site, n_tet, site_k, tet_k, Tet_Sphere, Compute_RPD, GPU2CPU, Non_Dup_RPCs
3168, 4594, 61, 33, 0.37000, 0.22000, 0.06000, 0.22000, 
n_site, n_tet, site_k, tet_k, Tet_Sphere, Compute_RPD, GPU2CPU, Non_Dup_RPCs
3168, 4594, 61, 33, 0.44000, 0.29000, 0.06000, 0.24000, 
n_site, n_tet, site_k, tet_k, Tet_Sphere, Compute_RPD, GPU2CPU, Non_Dup_RPCs
3168, 4594, 61, 33, 0.39000, 0.20000, 0.06000, 0.24000, 
n_site, n_tet, site_k, tet_k, Tet_Sphere, Compute_RPD, GPU2CPU, Non_Dup_RPCs
3168, 4594, 61, 32, 0.38000, 0.40000, 0.07000, 0.38000, 
n_site, n_tet, site_k, tet_k, Tet_Sphere, Compute_RPD, GPU2CPU, Non_Dup_RPCs
3168, 4594, 61, 32, 0.44000, 0.31000, 0.05000, 0.29000, 
n_site, n_tet, site_k, tet_k, Tet_Sphere, Compute_RPD, GPU2CPU, Non_Dup_RPCs
3168, 4594, 61, 32, 0.42000, 0.23000, 0.05000, 0.23000, 
n_site, n_tet, site_k, tet_k, Tet_Sphere, Compute_RPD, GPU2CPU, Non_Dup_RPCs
3199, 4594, 62, 33, 0.35000, 0.22000, 0.05000, 0.25000, 
n_site, n_tet, site_k, tet_k, Tet_Sphere, Compute_RPD, GPU2CPU, Non_Dup_RPCs
3372, 4594, 62, 34, 0.45000, 0.21000, 0.05000, 0.28000, 
n_site, n_tet, site_k, tet_k, Tet_Sphere, Compute_RPD, GPU2CPU, Non_Dup_RPCs
3372, 4594, 62, 34, 0.45000, 0.21000, 0.06000, 0.25000, 
n_site, n_tet, site_k, tet_k, Tet_Sphere, Compute_RPD, GPU2CPU, Non_Dup_RPCs
3372, 4594, 60, 34, 0.45000, 0.21000, 0.06000, 0.27000, 
n_site, n_tet, site_k, tet_k, Tet_Sphere, Compute_RPD, GPU2CPU, Non_Dup_RPCs
3343, 4594, 60, 34, 0.37000, 0.22000, 0.05000, 0.26000, 
n_site, n_tet, site_k, tet_k, Tet_Sphere, Compute_RPD, GPU2CPU, Non_Dup_RPCs
3050, 4029, 56, 26, 0.35000, 0.16000, 0.05000, 0.10000, 
n_site, n_tet, site_k, tet_k, Tet_Sphere, Compute_RPD, GPU2CPU, Non_Dup_RPCs
3350, 4594, 60, 35, 0.47000, 0.25000, 0.04000, 0.28000, 
n_site, n_tet, site_k, tet_k, Tet_Sphere, Compute_RPD, GPU2CPU, Non_Dup_RPCs
3350, 4594, 60, 35, 0.44000, 0.23000, 0.05000, 0.24000, 
n_site, n_tet, site_k, tet_k, Tet_Sphere, Compute_RPD, GPU2CPU, Non_Dup_RPCs
3350, 4594, 60, 35, 0.41000, 0.22000, 0.06000, 0.26000, 
n_site, n_tet, site_k, tet_k, Tet_Sphere, Compute_RPD, GPU2CPU, Non_Dup_RPCs
3350, 4594, 60, 35, 0.42000, 0.23000, 0.05000, 0.25000, 
n_site, n_tet, site_k, tet_k, Tet_Sphere, Compute_RPD, GPU2CPU, Non_Dup_RPCs
3350, 4594, 61, 35, 0.41000, 0.22000, 0.06000, 0.28000, 
n_site, n_tet, site_k, tet_k, Tet_Sphere, Compute_RPD, GPU2CPU, Non_Dup_RPCs
3350, 4594, 61, 34, 0.37000, 0.21000, 0.06000, 0.25000, 
n_site, n_tet, site_k, tet_k, Tet_Sphere, Compute_RPD, GPU2CPU, Non_Dup_RPCs
3350, 4594, 61, 35, 0.46000, 0.23000, 0.05000, 0.26000, 
n_site, n_tet, site_k, tet_k, Tet_Sphere, Compute_RPD, GPU2CPU, Non_Dup_RPCs
3350, 4594, 61, 36, 0.45000, 0.23000, 0.06000, 0.25000, 
n_site, n_tet, site_k, tet_k, Tet_Sphere, Compute_RPD, GPU2CPU, Non_Dup_RPCs
3350, 4594, 60, 35, 0.47000, 0.24000, 0.06000, 0.28000, 
n_site, n_tet, site_k, tet_k, Tet_Sphere, Compute_RPD, GPU2CPU, Non_Dup_RPCs
3350, 4594, 60, 34, 0.39000, 0.22000, 0.05000, 0.26000, 
n_site, n_tet, site_k, tet_k, Tet_Sphere, Compute_RPD, GPU2CPU, Non_Dup_RPCs
3350, 4594, 60, 34, 0.48000, 0.22000, 0.06000, 0.26000, 
n_site, n_tet, site_k, tet_k, Tet_Sphere, Compute_RPD, GPU2CPU, Non_Dup_RPCs
3350, 4594, 59, 35, 0.39000, 0.22000, 0.07000, 0.25000, 
n_site, n_tet, site_k, tet_k, Tet_Sphere, Compute_RPD, GPU2CPU, Non_Dup_RPCs
3350, 4594, 59, 35, 0.45000, 0.23000, 0.05000, 0.27000, 
n_site, n_tet, site_k, tet_k, Tet_Sphere, Compute_RPD, GPU2CPU, Non_Dup_RPCs
3350, 4594, 59, 35, 0.45000, 0.23000, 0.06000, 0.24000, 
n_site, n_tet, site_k, tet_k, Tet_Sphere, Compute_RPD, GPU2CPU, Non_Dup_RPCs
3350, 4594, 59, 35, 0.46000, 0.22000, 0.06000, 0.26000, 
n_site, n_tet, site_k, tet_k, Tet_Sphere, Compute_RPD, GPU2CPU, Non_Dup_RPCs
3352, 4594, 59, 35, 0.46000, 0.22000, 0.06000, 0.25000, 
n_site, n_tet, site_k, tet_k, Tet_Sphere, Compute_RPD, GPU2CPU, Non_Dup_RPCs
3492, 4594, 60, 38, 0.39000, 0.25000, 0.06000, 0.26000, 
n_site, n_tet, site_k, tet_k, Tet_Sphere, Compute_RPD, GPU2CPU, Non_Dup_RPCs
3492, 4594, 60, 38, 0.43000, 0.25000, 0.06000, 0.26000, 
n_site, n_tet, site_k, tet_k, Tet_Sphere, Compute_RPD, GPU2CPU, Non_Dup_RPCs
3492, 4594, 60, 38, 0.47000, 0.25000, 0.06000, 0.26000, 
n_site, n_tet, site_k, tet_k, Tet_Sphere, Compute_RPD, GPU2CPU, Non_Dup_RPCs
3469, 4594, 60, 38, 0.42000, 0.25000, 0.06000, 0.24000, 
n_site, n_tet, site_k, tet_k, Tet_Sphere, Compute_RPD, GPU2CPU, Non_Dup_RPCs
2732, 3424, 56, 28, 0.24000, 0.30000, 0.03000, 0.09000, 
n_site, n_tet, site_k, tet_k, Tet_Sphere, Compute_RPD, GPU2CPU, Non_Dup_RPCs
3470, 4594, 60, 38, 0.46000, 0.33000, 0.10000, 0.30000, 
n_site, n_tet, site_k, tet_k, Tet_Sphere, Compute_RPD, GPU2CPU, Non_Dup_RPCs
2021, 4594, 199, 29, 0.19000, 0.30000, 0.06000, 0.28000, 
n_site, n_tet, site_k, tet_k, Tet_Sphere, Compute_RPD, GPU2CPU, Non_Dup_RPCs
2396, 4126, 51, 26, 0.14000, 0.24000, 0.04000, 0.15000, 
n_site, n_tet, site_k, tet_k, Tet_Sphere, Compute_RPD, GPU2CPU, Non_Dup_RPCs
1242, 981, 52, 14, 0.03000, 0.01000, 0.00000, 0.02000, 
n_site, n_tet, site_k, tet_k, Tet_Sphere, Compute_RPD, GPU2CPU, Non_Dup_RPCs
85, 53, 51, 13, 0.00000, 0.02000, 0.00000, 0.00000, 
n_site, n_tet, site_k, tet_k, Tet_Sphere, Compute_RPD, GPU2CPU, Non_Dup_RPCs
2547, 4594, 53, 29, 0.42000, 0.28000, 0.05000, 0.26000, 
n_site, n_tet, site_k, tet_k, Tet_Sphere, Compute_RPD, GPU2CPU, Non_Dup_RPCs
2547, 4594, 53, 29, 0.31000, 0.27000, 0.06000, 0.31000, 
n_site, n_tet, site_k, tet_k, Tet_Sphere, Compute_RPD, GPU2CPU, Non_Dup_RPCs
2547, 4594, 53, 29, 0.41000, 0.28000, 0.05000, 0.26000, 
n_site, n_tet, site_k, tet_k, Tet_Sphere, Compute_RPD, GPU2CPU, Non_Dup_RPCs
2547, 4594, 53, 29, 0.30000, 0.28000, 0.04000, 0.34000, 
n_site, n_tet, site_k, tet_k, Tet_Sphere, Compute_RPD, GPU2CPU, Non_Dup_RPCs
2547, 4594, 53, 29, 0.33000, 0.29000, 0.05000, 0.33000, 
n_site, n_tet, site_k, tet_k, Tet_Sphere, Compute_RPD, GPU2CPU, Non_Dup_RPCs
2547, 4594, 53, 29, 0.33000, 0.28000, 0.04000, 0.36000, 
n_site, n_tet, site_k, tet_k, Tet_Sphere, Compute_RPD, GPU2CPU, Non_Dup_RPCs
2547, 4594, 53, 29, 0.31000, 0.33000, 0.05000, 0.34000, 
n_site, n_tet, site_k, tet_k, Tet_Sphere, Compute_RPD, GPU2CPU, Non_Dup_RPCs
2547, 4594, 53, 29, 0.43000, 0.28000, 0.05000, 0.26000, 
n_site, n_tet, site_k, tet_k, Tet_Sphere, Compute_RPD, GPU2CPU, Non_Dup_RPCs
2547, 4594, 53, 29, 0.39000, 0.25000, 0.04000, 0.26000, 
n_site, n_tet, site_k, tet_k, Tet_Sphere, Compute_RPD, GPU2CPU, Non_Dup_RPCs
2547, 4594, 54, 30, 0.31000, 0.30000, 0.05000, 0.35000, 
n_site, n_tet, site_k, tet_k, Tet_Sphere, Compute_RPD, GPU2CPU, Non_Dup_RPCs
2547, 4594, 57, 29, 0.38000, 0.35000, 0.04000, 0.33000, 
n_site, n_tet, site_k, tet_k, Tet_Sphere, Compute_RPD, GPU2CPU, Non_Dup_RPCs
2547, 4594, 56, 29, 0.30000, 0.27000, 0.04000, 0.32000, 
n_site, n_tet, site_k, tet_k, Tet_Sphere, Compute_RPD, GPU2CPU, Non_Dup_RPCs
2547, 4594, 58, 29, 0.38000, 0.40000, 0.04000, 0.34000, 
n_site, n_tet, site_k, tet_k, Tet_Sphere, Compute_RPD, GPU2CPU, Non_Dup_RPCs
2547, 4594, 58, 28, 0.38000, 0.24000, 0.07000, 0.28000, 
n_site, n_tet, site_k, tet_k, Tet_Sphere, Compute_RPD, GPU2CPU, Non_Dup_RPCs
2547, 4594, 57, 27, 0.41000, 0.27000, 0.04000, 0.26000, 
n_site, n_tet, site_k, tet_k, Tet_Sphere, Compute_RPD, GPU2CPU, Non_Dup_RPCs
2547, 4594, 56, 28, 0.36000, 0.33000, 0.04000, 0.34000, 
n_site, n_tet, site_k, tet_k, Tet_Sphere, Compute_RPD, GPU2CPU, Non_Dup_RPCs
2547, 4594, 55, 29, 0.40000, 0.44000, 0.04000, 0.33000, 
n_site, n_tet, site_k, tet_k, Tet_Sphere, Compute_RPD, GPU2CPU, Non_Dup_RPCs
2547, 4594, 56, 29, 0.39000, 0.33000, 0.05000, 0.35000, 
n_site, n_tet, site_k, tet_k, Tet_Sphere, Compute_RPD, GPU2CPU, Non_Dup_RPCs
2547, 4594, 57, 29, 0.37000, 0.38000, 0.04000, 0.35000, 
n_site, n_tet, site_k, tet_k, Tet_Sphere, Compute_RPD, GPU2CPU, Non_Dup_RPCs
2547, 4594, 61, 30, 0.32000, 0.27000, 0.05000, 0.27000, 
n_site, n_tet, site_k, tet_k, Tet_Sphere, Compute_RPD, GPU2CPU, Non_Dup_RPCs
2547, 4594, 60, 31, 0.38000, 0.30000, 0.05000, 0.28000, 
n_site, n_tet, site_k, tet_k, Tet_Sphere, Compute_RPD, GPU2CPU, Non_Dup_RPCs
2547, 4594, 60, 31, 0.40000, 0.34000, 0.05000, 0.35000, 
n_site, n_tet, site_k, tet_k, Tet_Sphere, Compute_RPD, GPU2CPU, Non_Dup_RPCs
2547, 4594, 59, 31, 0.34000, 0.30000, 0.04000, 0.34000, 
n_site, n_tet, site_k, tet_k, Tet_Sphere, Compute_RPD, GPU2CPU, Non_Dup_RPCs
2547, 4594, 58, 30, 0.35000, 0.38000, 0.05000, 0.32000, 
n_site, n_tet, site_k, tet_k, Tet_Sphere, Compute_RPD, GPU2CPU, Non_Dup_RPCs
2547, 4594, 58, 30, 0.30000, 0.37000, 0.05000, 0.34000, 
n_site, n_tet, site_k, tet_k, Tet_Sphere, Compute_RPD, GPU2CPU, Non_Dup_RPCs
2547, 4594, 58, 29, 0.42000, 0.27000, 0.05000, 0.27000, 
n_site, n_tet, site_k, tet_k, Tet_Sphere, Compute_RPD, GPU2CPU, Non_Dup_RPCs
2547, 4594, 57, 29, 0.39000, 0.29000, 0.05000, 0.25000, 
n_site, n_tet, site_k, tet_k, Tet_Sphere, Compute_RPD, GPU2CPU, Non_Dup_RPCs
2547, 4594, 57, 29, 0.42000, 0.30000, 0.08000, 0.40000, 
n_site, n_tet, site_k, tet_k, Tet_Sphere, Compute_RPD, GPU2CPU, Non_Dup_RPCs
2875, 4594, 57, 29, 0.34000, 0.37000, 0.04000, 0.34000, 
n_site, n_tet, site_k, tet_k, Tet_Sphere, Compute_RPD, GPU2CPU, Non_Dup_RPCs
3213, 4594, 58, 34, 0.39000, 0.45000, 0.05000, 0.38000, 
n_site, n_tet, site_k, tet_k, Tet_Sphere, Compute_RPD, GPU2CPU, Non_Dup_RPCs
3213, 4594, 58, 34, 0.33000, 0.31000, 0.07000, 0.31000, 
n_site, n_tet, site_k, tet_k, Tet_Sphere, Compute_RPD, GPU2CPU, Non_Dup_RPCs
3213, 4594, 58, 35, 0.45000, 0.32000, 0.05000, 0.27000, 
n_site, n_tet, site_k, tet_k, Tet_Sphere, Compute_RPD, GPU2CPU, Non_Dup_RPCs
3167, 4594, 58, 34, 0.44000, 0.36000, 0.05000, 0.36000, 
n_site, n_tet, site_k, tet_k, Tet_Sphere, Compute_RPD, GPU2CPU, Non_Dup_RPCs
3157, 4487, 54, 33, 0.43000, 0.37000, 0.06000, 0.33000, 
n_site, n_tet, site_k, tet_k, Tet_Sphere, Compute_RPD, GPU2CPU, Non_Dup_RPCs
3168, 4594, 58, 34, 0.46000, 0.41000, 0.05000, 0.37000, 
n_site, n_tet, site_k, tet_k, Tet_Sphere, Compute_RPD, GPU2CPU, Non_Dup_RPCs
3168, 4594, 58, 34, 0.45000, 0.29000, 0.06000, 0.31000, 
n_site, n_tet, site_k, tet_k, Tet_Sphere, Compute_RPD, GPU2CPU, Non_Dup_RPCs
3168, 4594, 58, 34, 0.48000, 0.31000, 0.06000, 0.27000, 
n_site, n_tet, site_k, tet_k, Tet_Sphere, Compute_RPD, GPU2CPU, Non_Dup_RPCs
3168, 4594, 58, 34, 0.40000, 0.46000, 0.06000, 0.34000, 
n_site, n_tet, site_k, tet_k, Tet_Sphere, Compute_RPD, GPU2CPU, Non_Dup_RPCs
3168, 4594, 58, 34, 0.35000, 0.47000, 0.06000, 0.37000, 
n_site, n_tet, site_k, tet_k, Tet_Sphere, Compute_RPD, GPU2CPU, Non_Dup_RPCs
3168, 4594, 58, 34, 0.37000, 0.44000, 0.05000, 0.35000, 
n_site, n_tet, site_k, tet_k, Tet_Sphere, Compute_RPD, GPU2CPU, Non_Dup_RPCs
3168, 4594, 59, 33, 0.38000, 0.32000, 0.06000, 0.30000, 
n_site, n_tet, site_k, tet_k, Tet_Sphere, Compute_RPD, GPU2CPU, Non_Dup_RPCs
3168, 4594, 59, 32, 0.35000, 0.37000, 0.04000, 0.38000, 
n_site, n_tet, site_k, tet_k, Tet_Sphere, Compute_RPD, GPU2CPU, Non_Dup_RPCs
3168, 4594, 59, 32, 0.38000, 0.35000, 0.06000, 0.37000, 
n_site, n_tet, site_k, tet_k, Tet_Sphere, Compute_RPD, GPU2CPU, Non_Dup_RPCs
3168, 4594, 60, 32, 0.46000, 0.36000, 0.05000, 0.38000, 
n_site, n_tet, site_k, tet_k, Tet_Sphere, Compute_RPD, GPU2CPU, Non_Dup_RPCs
3168, 4594, 60, 32, 0.45000, 0.32000, 0.06000, 0.34000, 
n_site, n_tet, site_k, tet_k, Tet_Sphere, Compute_RPD, GPU2CPU, Non_Dup_RPCs
3168, 4594, 60, 32, 0.47000, 0.31000, 0.04000, 0.29000, 
n_site, n_tet, site_k, tet_k, Tet_Sphere, Compute_RPD, GPU2CPU, Non_Dup_RPCs
3168, 4594, 60, 33, 0.37000, 0.33000, 0.06000, 0.28000, 
n_site, n_tet, site_k, tet_k, Tet_Sphere, Compute_RPD, GPU2CPU, Non_Dup_RPCs
3168, 4594, 60, 32, 0.36000, 0.30000, 0.05000, 0.27000, 
n_site, n_tet, site_k, tet_k, Tet_Sphere, Compute_RPD, GPU2CPU, Non_Dup_RPCs
3168, 4594, 61, 32, 0.45000, 0.30000, 0.05000, 0.29000, 
n_site, n_tet, site_k, tet_k, Tet_Sphere, Compute_RPD, GPU2CPU, Non_Dup_RPCs
3168, 4594, 61, 33, 0.45000, 0.29000, 0.07000, 0.31000, 
n_site, n_tet, site_k, tet_k, Tet_Sphere, Compute_RPD, GPU2CPU, Non_Dup_RPCs
3168, 4594, 61, 33, 0.43000, 0.32000, 0.05000, 0.26000, 
n_site, n_tet, site_k, tet_k, Tet_Sphere, Compute_RPD, GPU2CPU, Non_Dup_RPCs
3168, 4594, 61, 33, 0.43000, 0.31000, 0.05000, 0.27000, 
n_site, n_tet, site_k, tet_k, Tet_Sphere, Compute_RPD, GPU2CPU, Non_Dup_RPCs
3168, 4594, 61, 32, 0.45000, 0.32000, 0.05000, 0.38000, 
n_site, n_tet, site_k, tet_k, Tet_Sphere, Compute_RPD, GPU2CPU, Non_Dup_RPCs
3168, 4594, 61, 32, 0.41000, 0.33000, 0.05000, 0.37000, 
n_site, n_tet, site_k, tet_k, Tet_Sphere, Compute_RPD, GPU2CPU, Non_Dup_RPCs
3168, 4594, 61, 32, 0.36000, 0.27000, 0.04000, 0.26000, 
n_site, n_tet, site_k, tet_k, Tet_Sphere, Compute_RPD, GPU2CPU, Non_Dup_RPCs
3199, 4594, 62, 33, 0.37000, 0.30000, 0.06000, 0.36000, 
n_site, n_tet, site_k, tet_k, Tet_Sphere, Compute_RPD, GPU2CPU, Non_Dup_RPCs
3372, 4594, 62, 34, 0.46000, 0.38000, 0.05000, 0.37000, 
n_site, n_tet, site_k, tet_k, Tet_Sphere, Compute_RPD, GPU2CPU, Non_Dup_RPCs
3372, 4594, 62, 34, 0.46000, 0.32000, 0.06000, 0.36000, 
n_site, n_tet, site_k, tet_k, Tet_Sphere, Compute_RPD, GPU2CPU, Non_Dup_RPCs
3372, 4594, 60, 34, 0.49000, 0.38000, 0.05000, 0.37000, 
n_site, n_tet, site_k, tet_k, Tet_Sphere, Compute_RPD, GPU2CPU, Non_Dup_RPCs
3344, 4594, 60, 34, 0.36000, 0.29000, 0.06000, 0.29000, 
n_site, n_tet, site_k, tet_k, Tet_Sphere, Compute_RPD, GPU2CPU, Non_Dup_RPCs
3059, 4037, 56, 27, 0.31000, 0.22000, 0.04000, 0.12000, 
n_site, n_tet, site_k, tet_k, Tet_Sphere, Compute_RPD, GPU2CPU, Non_Dup_RPCs
3351, 4594, 60, 35, 0.46000, 0.39000, 0.06000, 0.36000, 
n_site, n_tet, site_k, tet_k, Tet_Sphere, Compute_RPD, GPU2CPU, Non_Dup_RPCs
3351, 4594, 60, 35, 0.45000, 0.39000, 0.06000, 0.38000, 
n_site, n_tet, site_k, tet_k, Tet_Sphere, Compute_RPD, GPU2CPU, Non_Dup_RPCs
3351, 4594, 60, 35, 0.34000, 0.38000, 0.05000, 0.38000, 
n_site, n_tet, site_k, tet_k, Tet_Sphere, Compute_RPD, GPU2CPU, Non_Dup_RPCs
3351, 4594, 60, 35, 0.38000, 0.32000, 0.06000, 0.35000, 
n_site, n_tet, site_k, tet_k, Tet_Sphere, Compute_RPD, GPU2CPU, Non_Dup_RPCs
3351, 4594, 60, 35, 0.47000, 0.37000, 0.06000, 0.38000, 
n_site, n_tet, site_k, tet_k, Tet_Sphere, Compute_RPD, GPU2CPU, Non_Dup_RPCs
3351, 4594, 61, 34, 0.44000, 0.35000, 0.07000, 0.38000, 
n_site, n_tet, site_k, tet_k, Tet_Sphere, Compute_RPD, GPU2CPU, Non_Dup_RPCs
3351, 4594, 61, 35, 0.46000, 0.37000, 0.05000, 0.38000, 
n_site, n_tet, site_k, tet_k, Tet_Sphere, Compute_RPD, GPU2CPU, Non_Dup_RPCs
3351, 4594, 61, 36, 0.42000, 0.32000, 0.07000, 0.32000, 
n_site, n_tet, site_k, tet_k, Tet_Sphere, Compute_RPD, GPU2CPU, Non_Dup_RPCs
3351, 4594, 60, 35, 0.46000, 0.32000, 0.06000, 0.38000, 
n_site, n_tet, site_k, tet_k, Tet_Sphere, Compute_RPD, GPU2CPU, Non_Dup_RPCs
3351, 4594, 60, 34, 0.35000, 0.34000, 0.06000, 0.37000, 
n_site, n_tet, site_k, tet_k, Tet_Sphere, Compute_RPD, GPU2CPU, Non_Dup_RPCs
3351, 4594, 60, 34, 0.46000, 0.35000, 0.05000, 0.38000, 
n_site, n_tet, site_k, tet_k, Tet_Sphere, Compute_RPD, GPU2CPU, Non_Dup_RPCs
3351, 4594, 59, 35, 0.47000, 0.35000, 0.07000, 0.33000, 
n_site, n_tet, site_k, tet_k, Tet_Sphere, Compute_RPD, GPU2CPU, Non_Dup_RPCs
3351, 4594, 59, 35, 0.35000, 0.33000, 0.06000, 0.31000, 
n_site, n_tet, site_k, tet_k, Tet_Sphere, Compute_RPD, GPU2CPU, Non_Dup_RPCs
3351, 4594, 59, 35, 0.40000, 0.37000, 0.05000, 0.38000, 
n_site, n_tet, site_k, tet_k, Tet_Sphere, Compute_RPD, GPU2CPU, Non_Dup_RPCs
3351, 4594, 59, 35, 0.41000, 0.36000, 0.05000, 0.37000, 
n_site, n_tet, site_k, tet_k, Tet_Sphere, Compute_RPD, GPU2CPU, Non_Dup_RPCs
3354, 4594, 59, 35, 0.46000, 0.35000, 0.06000, 0.38000, 
n_site, n_tet, site_k, tet_k, Tet_Sphere, Compute_RPD, GPU2CPU, Non_Dup_RPCs
3496, 4594, 60, 38, 0.48000, 0.34000, 0.08000, 0.32000, 
n_site, n_tet, site_k, tet_k, Tet_Sphere, Compute_RPD, GPU2CPU, Non_Dup_RPCs
3496, 4594, 60, 38, 0.47000, 0.34000, 0.06000, 0.30000, 
n_site, n_tet, site_k, tet_k, Tet_Sphere, Compute_RPD, GPU2CPU, Non_Dup_RPCs
3496, 4594, 60, 38, 0.43000, 0.38000, 0.06000, 0.39000, 
n_site, n_tet, site_k, tet_k, Tet_Sphere, Compute_RPD, GPU2CPU, Non_Dup_RPCs
3472, 4594, 60, 38, 0.45000, 0.36000, 0.05000, 0.29000, 
n_site, n_tet, site_k, tet_k, Tet_Sphere, Compute_RPD, GPU2CPU, Non_Dup_RPCs
2759, 3439, 56, 28, 0.27000, 0.18000, 0.04000, 0.10000, 
n_site, n_tet, site_k, tet_k, Tet_Sphere, Compute_RPD, GPU2CPU, Non_Dup_RPCs
3473, 4594, 60, 38, 0.42000, 0.35000, 0.07000, 0.32000, 
n_site, n_tet, site_k, tet_k, Tet_Sphere, Compute_RPD, GPU2CPU, Non_Dup_RPCs
958, 2270, 107, 55, 0.04000, 0.20000, 0.05000, 0.07000, 
n_site, n_tet, site_k, tet_k, Tet_Sphere, Compute_RPD, GPU2CPU, Non_Dup_RPCs
1260, 2235, 102, 55, 0.05000, 0.24000, 0.04000, 0.09000, 
n_site, n_tet, site_k, tet_k, Tet_Sphere, Compute_RPD, GPU2CPU, Non_Dup_RPCs
731, 824, 74, 24, 0.01000, 0.02000, 0.01000, 0.01000, 
n_site, n_tet, site_k, tet_k, Tet_Sphere, Compute_RPD, GPU2CPU, Non_Dup_RPCs
1241, 2270, 96, 55, 0.15000, 0.25000, 0.13000, 0.07000, 
n_site, n_tet, site_k, tet_k, Tet_Sphere, Compute_RPD, GPU2CPU, Non_Dup_RPCs
1241, 2270, 91, 55, 0.05000, 0.20000, 0.04000, 0.07000, 
n_site, n_tet, site_k, tet_k, Tet_Sphere, Compute_RPD, GPU2CPU, Non_Dup_RPCs
1241, 2270, 90, 55, 0.12000, 0.24000, 0.14000, 0.07000, 
n_site, n_tet, site_k, tet_k, Tet_Sphere, Compute_RPD, GPU2CPU, Non_Dup_RPCs
1241, 2270, 90, 55, 0.05000, 0.15000, 0.04000, 0.07000, 
n_site, n_tet, site_k, tet_k, Tet_Sphere, Compute_RPD, GPU2CPU, Non_Dup_RPCs
1241, 2270, 88, 56, 0.08000, 0.18000, 0.04000, 0.06000, 
n_site, n_tet, site_k, tet_k, Tet_Sphere, Compute_RPD, GPU2CPU, Non_Dup_RPCs
1241, 2270, 87, 56, 0.11000, 0.22000, 0.10000, 0.06000, 
n_site, n_tet, site_k, tet_k, Tet_Sphere, Compute_RPD, GPU2CPU, Non_Dup_RPCs
1241, 2270, 87, 55, 0.04000, 0.13000, 0.05000, 0.06000, 
n_site, n_tet, site_k, tet_k, Tet_Sphere, Compute_RPD, GPU2CPU, Non_Dup_RPCs
1241, 2270, 72, 56, 0.06000, 0.16000, 0.04000, 0.05000, 
n_site, n_tet, site_k, tet_k, Tet_Sphere, Compute_RPD, GPU2CPU, Non_Dup_RPCs
1241, 2270, 71, 57, 0.06000, 0.18000, 0.04000, 0.06000, 
n_site, n_tet, site_k, tet_k, Tet_Sphere, Compute_RPD, GPU2CPU, Non_Dup_RPCs
1241, 2270, 94, 57, 0.06000, 0.17000, 0.04000, 0.06000, 
n_site, n_tet, site_k, tet_k, Tet_Sphere, Compute_RPD, GPU2CPU, Non_Dup_RPCs
1241, 2270, 99, 55, 0.06000, 0.16000, 0.04000, 0.06000, 
n_site, n_tet, site_k, tet_k, Tet_Sphere, Compute_RPD, GPU2CPU, Non_Dup_RPCs
1241, 2270, 97, 54, 0.09000, 0.18000, 0.13000, 0.05000, 
n_site, n_tet, site_k, tet_k, Tet_Sphere, Compute_RPD, GPU2CPU, Non_Dup_RPCs
1241, 2270, 99, 53, 0.05000, 0.15000, 0.04000, 0.06000, 
n_site, n_tet, site_k, tet_k, Tet_Sphere, Compute_RPD, GPU2CPU, Non_Dup_RPCs
1241, 2270, 101, 52, 0.07000, 0.18000, 0.11000, 0.06000, 
n_site, n_tet, site_k, tet_k, Tet_Sphere, Compute_RPD, GPU2CPU, Non_Dup_RPCs
1241, 2270, 111, 54, 0.05000, 0.15000, 0.04000, 0.06000, 
n_site, n_tet, site_k, tet_k, Tet_Sphere, Compute_RPD, GPU2CPU, Non_Dup_RPCs
1241, 2270, 113, 54, 0.07000, 0.17000, 0.04000, 0.06000, 
n_site, n_tet, site_k, tet_k, Tet_Sphere, Compute_RPD, GPU2CPU, Non_Dup_RPCs
1241, 2270, 119, 52, 0.07000, 0.15000, 0.04000, 0.05000, 
n_site, n_tet, site_k, tet_k, Tet_Sphere, Compute_RPD, GPU2CPU, Non_Dup_RPCs
1241, 2270, 131, 50, 0.09000, 0.20000, 0.12000, 0.05000, 
n_site, n_tet, site_k, tet_k, Tet_Sphere, Compute_RPD, GPU2CPU, Non_Dup_RPCs
1241, 2270, 147, 50, 0.04000, 0.14000, 0.04000, 0.05000, 
n_site, n_tet, site_k, tet_k, Tet_Sphere, Compute_RPD, GPU2CPU, Non_Dup_RPCs
1241, 2270, 164, 51, 0.08000, 0.16000, 0.04000, 0.06000, 
n_site, n_tet, site_k, tet_k, Tet_Sphere, Compute_RPD, GPU2CPU, Non_Dup_RPCs
1241, 2270, 175, 51, 0.08000, 0.16000, 0.04000, 0.05000, 
n_site, n_tet, site_k, tet_k, Tet_Sphere, Compute_RPD, GPU2CPU, Non_Dup_RPCs
1241, 2270, 180, 50, 0.07000, 0.15000, 0.04000, 0.06000, 
n_site, n_tet, site_k, tet_k, Tet_Sphere, Compute_RPD, GPU2CPU, Non_Dup_RPCs
1241, 2270, 185, 49, 0.08000, 0.15000, 0.04000, 0.06000, 
n_site, n_tet, site_k, tet_k, Tet_Sphere, Compute_RPD, GPU2CPU, Non_Dup_RPCs
1241, 2270, 190, 50, 0.10000, 0.17000, 0.12000, 0.06000, 
n_site, n_tet, site_k, tet_k, Tet_Sphere, Compute_RPD, GPU2CPU, Non_Dup_RPCs
1241, 2270, 201, 49, 0.06000, 0.12000, 0.04000, 0.05000, 
n_site, n_tet, site_k, tet_k, Tet_Sphere, Compute_RPD, GPU2CPU, Non_Dup_RPCs
1241, 2270, 202, 50, 0.09000, 0.16000, 0.12000, 0.06000, 
n_site, n_tet, site_k, tet_k, Tet_Sphere, Compute_RPD, GPU2CPU, Non_Dup_RPCs
1241, 2270, 202, 50, 0.05000, 0.13000, 0.04000, 0.06000, 
n_site, n_tet, site_k, tet_k, Tet_Sphere, Compute_RPD, GPU2CPU, Non_Dup_RPCs
1391, 2270, 201, 50, 0.10000, 0.17000, 0.12000, 0.07000, 
n_site, n_tet, site_k, tet_k, Tet_Sphere, Compute_RPD, GPU2CPU, Non_Dup_RPCs
1514, 2270, 208, 50, 0.24000, 0.14000, 0.04000, 0.06000, 
n_site, n_tet, site_k, tet_k, Tet_Sphere, Compute_RPD, GPU2CPU, Non_Dup_RPCs
1514, 2270, 208, 50, 0.06000, 0.14000, 0.04000, 0.06000, 
n_site, n_tet, site_k, tet_k, Tet_Sphere, Compute_RPD, GPU2CPU, Non_Dup_RPCs
1514, 2270, 85, 52, 0.08000, 0.17000, 0.04000, 0.06000, 
n_site, n_tet, site_k, tet_k, Tet_Sphere, Compute_RPD, GPU2CPU, Non_Dup_RPCs
1495, 2270, 79, 51, 0.07000, 0.15000, 0.04000, 0.06000, 
n_site, n_tet, site_k, tet_k, Tet_Sphere, Compute_RPD, GPU2CPU, Non_Dup_RPCs
1419, 2243, 73, 30, 0.10000, 0.18000, 0.07000, 0.04000, 
n_site, n_tet, site_k, tet_k, Tet_Sphere, Compute_RPD, GPU2CPU, Non_Dup_RPCs
1503, 2270, 90, 51, 0.23000, 0.16000, 0.04000, 0.06000, 
n_site, n_tet, site_k, tet_k, Tet_Sphere, Compute_RPD, GPU2CPU, Non_Dup_RPCs
1503, 2270, 77, 51, 0.11000, 0.19000, 0.13000, 0.10000, 
n_site, n_tet, site_k, tet_k, Tet_Sphere, Compute_RPD, GPU2CPU, Non_Dup_RPCs
1503, 2270, 77, 51, 0.07000, 0.17000, 0.04000, 0.09000, 
n_site, n_tet, site_k, tet_k, Tet_Sphere, Compute_RPD, GPU2CPU, Non_Dup_RPCs
1503, 2270, 77, 51, 0.13000, 0.18000, 0.13000, 0.10000, 
n_site, n_tet, site_k, tet_k, Tet_Sphere, Compute_RPD, GPU2CPU, Non_Dup_RPCs
1503, 2270, 77, 51, 0.07000, 0.16000, 0.04000, 0.10000, 
n_site, n_tet, site_k, tet_k, Tet_Sphere, Compute_RPD, GPU2CPU, Non_Dup_RPCs
1503, 2270, 78, 51, 0.12000, 0.18000, 0.13000, 0.10000, 
n_site, n_tet, site_k, tet_k, Tet_Sphere, Compute_RPD, GPU2CPU, Non_Dup_RPCs
1503, 2270, 78, 51, 0.07000, 0.15000, 0.04000, 0.08000, 
n_site, n_tet, site_k, tet_k, Tet_Sphere, Compute_RPD, GPU2CPU, Non_Dup_RPCs
1503, 2270, 76, 50, 0.07000, 0.18000, 0.11000, 0.10000, 
n_site, n_tet, site_k, tet_k, Tet_Sphere, Compute_RPD, GPU2CPU, Non_Dup_RPCs
1503, 2270, 83, 51, 0.05000, 0.17000, 0.04000, 0.10000, 
n_site, n_tet, site_k, tet_k, Tet_Sphere, Compute_RPD, GPU2CPU, Non_Dup_RPCs
1503, 2270, 89, 52, 0.08000, 0.16000, 0.04000, 0.10000, 
n_site, n_tet, site_k, tet_k, Tet_Sphere, Compute_RPD, GPU2CPU, Non_Dup_RPCs
1503, 2270, 90, 52, 0.12000, 0.21000, 0.13000, 0.10000, 
n_site, n_tet, site_k, tet_k, Tet_Sphere, Compute_RPD, GPU2CPU, Non_Dup_RPCs
1503, 2270, 91, 52, 0.05000, 0.16000, 0.04000, 0.10000, 
n_site, n_tet, site_k, tet_k, Tet_Sphere, Compute_RPD, GPU2CPU, Non_Dup_RPCs
1503, 2270, 87, 52, 0.11000, 0.22000, 0.12000, 0.10000, 
n_site, n_tet, site_k, tet_k, Tet_Sphere, Compute_RPD, GPU2CPU, Non_Dup_RPCs
1503, 2270, 77, 53, 0.06000, 0.17000, 0.04000, 0.11000, 
n_site, n_tet, site_k, tet_k, Tet_Sphere, Compute_RPD, GPU2CPU, Non_Dup_RPCs
1503, 2270, 96, 53, 0.08000, 0.16000, 0.04000, 0.10000, 
n_site, n_tet, site_k, tet_k, Tet_Sphere, Compute_RPD, GPU2CPU, Non_Dup_RPCs
1503, 2270, 102, 52, 0.09000, 0.16000, 0.04000, 0.12000, 
n_site, n_tet, site_k, tet_k, Tet_Sphere, Compute_RPD, GPU2CPU, Non_Dup_RPCs
1503, 2270, 114, 54, 0.16000, 0.21000, 0.08000, 0.11000, 
n_site, n_tet, site_k, tet_k, Tet_Sphere, Compute_RPD, GPU2CPU, Non_Dup_RPCs
1503, 2270, 134, 54, 0.08000, 0.18000, 0.10000, 0.10000, 
n_site, n_tet, site_k, tet_k, Tet_Sphere, Compute_RPD, GPU2CPU, Non_Dup_RPCs
1503, 2270, 168, 53, 0.06000, 0.17000, 0.04000, 0.10000, 
n_site, n_tet, site_k, tet_k, Tet_Sphere, Compute_RPD, GPU2CPU, Non_Dup_RPCs
1503, 2270, 168, 53, 0.08000, 0.16000, 0.04000, 0.10000, 
n_site, n_tet, site_k, tet_k, Tet_Sphere, Compute_RPD, GPU2CPU, Non_Dup_RPCs
1543, 2270, 168, 53, 0.16000, 0.20000, 0.10000, 0.10000, 
n_site, n_tet, site_k, tet_k, Tet_Sphere, Compute_RPD, GPU2CPU, Non_Dup_RPCs
1583, 2270, 168, 53, 0.17000, 0.22000, 0.12000, 0.07000, 
n_site, n_tet, site_k, tet_k, Tet_Sphere, Compute_RPD, GPU2CPU, Non_Dup_RPCs
1583, 2270, 168, 53, 0.06000, 0.13000, 0.04000, 0.06000, 
n_site, n_tet, site_k, tet_k, Tet_Sphere, Compute_RPD, GPU2CPU, Non_Dup_RPCs
1583, 2270, 93, 54, 0.09000, 0.18000, 0.04000, 0.07000, 
n_site, n_tet, site_k, tet_k, Tet_Sphere, Compute_RPD, GPU2CPU, Non_Dup_RPCs
1572, 2270, 91, 53, 0.08000, 0.16000, 0.04000, 0.06000, 
n_site, n_tet, site_k, tet_k, Tet_Sphere, Compute_RPD, GPU2CPU, Non_Dup_RPCs
932, 1750, 71, 17, 0.05000, 0.10000, 0.04000, 0.01000, 
n_site, n_tet, site_k, tet_k, Tet_Sphere, Compute_RPD, GPU2CPU, Non_Dup_RPCs
132, 681, 63, 8, 0.00000, 0.02000, 0.00000, 0.00000, 
n_site, n_tet, site_k, tet_k, Tet_Sphere, Compute_RPD, GPU2CPU, Non_Dup_RPCs
1588, 2270, 103, 52, 0.23000, 0.16000, 0.04000, 0.06000, 
n_site, n_tet, site_k, tet_k, Tet_Sphere, Compute_RPD, GPU2CPU, Non_Dup_RPCs
1588, 2270, 73, 52, 0.12000, 0.19000, 0.10000, 0.11000, 
n_site, n_tet, site_k, tet_k, Tet_Sphere, Compute_RPD, GPU2CPU, Non_Dup_RPCs
1588, 2270, 73, 52, 0.16000, 0.19000, 0.08000, 0.11000, 
n_site, n_tet, site_k, tet_k, Tet_Sphere, Compute_RPD, GPU2CPU, Non_Dup_RPCs
1588, 2270, 73, 52, 0.19000, 0.13000, 0.04000, 0.10000, 
n_site, n_tet, site_k, tet_k, Tet_Sphere, Compute_RPD, GPU2CPU, Non_Dup_RPCs
1588, 2270, 73, 52, 0.12000, 0.21000, 0.12000, 0.10000, 
n_site, n_tet, site_k, tet_k, Tet_Sphere, Compute_RPD, GPU2CPU, Non_Dup_RPCs
1588, 2270, 73, 52, 0.13000, 0.21000, 0.10000, 0.11000, 
n_site, n_tet, site_k, tet_k, Tet_Sphere, Compute_RPD, GPU2CPU, Non_Dup_RPCs
1588, 2270, 73, 52, 0.13000, 0.20000, 0.10000, 0.10000, 
n_site, n_tet, site_k, tet_k, Tet_Sphere, Compute_RPD, GPU2CPU, Non_Dup_RPCs
1588, 2270, 73, 52, 0.13000, 0.19000, 0.10000, 0.10000, 
n_site, n_tet, site_k, tet_k, Tet_Sphere, Compute_RPD, GPU2CPU, Non_Dup_RPCs
1588, 2270, 75, 52, 0.19000, 0.14000, 0.04000, 0.10000, 
n_site, n_tet, site_k, tet_k, Tet_Sphere, Compute_RPD, GPU2CPU, Non_Dup_RPCs
1588, 2270, 75, 53, 0.13000, 0.21000, 0.12000, 0.11000, 
n_site, n_tet, site_k, tet_k, Tet_Sphere, Compute_RPD, GPU2CPU, Non_Dup_RPCs
1588, 2270, 87, 53, 0.15000, 0.19000, 0.08000, 0.11000, 
n_site, n_tet, site_k, tet_k, Tet_Sphere, Compute_RPD, GPU2CPU, Non_Dup_RPCs
1588, 2270, 94, 53, 0.20000, 0.14000, 0.05000, 0.10000, 
n_site, n_tet, site_k, tet_k, Tet_Sphere, Compute_RPD, GPU2CPU, Non_Dup_RPCs
1588, 2270, 105, 53, 0.14000, 0.19000, 0.09000, 0.11000, 
n_site, n_tet, site_k, tet_k, Tet_Sphere, Compute_RPD, GPU2CPU, Non_Dup_RPCs
1588, 2270, 105, 53, 0.18000, 0.15000, 0.04000, 0.11000, 
n_site, n_tet, site_k, tet_k, Tet_Sphere, Compute_RPD, GPU2CPU, Non_Dup_RPCs
1624, 2270, 105, 53, 0.14000, 0.24000, 0.12000, 0.11000, 
n_site, n_tet, site_k, tet_k, Tet_Sphere, Compute_RPD, GPU2CPU, Non_Dup_RPCs
1665, 2270, 111, 53, 0.18000, 0.19000, 0.13000, 0.06000, 
n_site, n_tet, site_k, tet_k, Tet_Sphere, Compute_RPD, GPU2CPU, Non_Dup_RPCs
1665, 2270, 111, 53, 0.08000, 0.16000, 0.04000, 0.07000, 
n_site, n_tet, site_k, tet_k, Tet_Sphere, Compute_RPD, GPU2CPU, Non_Dup_RPCs
1665, 2270, 98, 52, 0.06000, 0.15000, 0.04000, 0.05000, 
n_site, n_tet, site_k, tet_k, Tet_Sphere, Compute_RPD, GPU2CPU, Non_Dup_RPCs
1643, 2270, 99, 52, 0.09000, 0.19000, 0.12000, 0.05000, 
n_site, n_tet, site_k, tet_k, Tet_Sphere, Compute_RPD, GPU2CPU, Non_Dup_RPCs
851, 1832, 80, 21, 0.01000, 0.11000, 0.04000, 0.01000, 
n_site, n_tet, site_k, tet_k, Tet_Sphere, Compute_RPD, GPU2CPU, Non_Dup_RPCs
111, 592, 77, 6, 0.00000, 0.00000, 0.01000, 0.00000, 
n_site, n_tet, site_k, tet_k, Tet_Sphere, Compute_RPD, GPU2CPU, Non_Dup_RPCs
1432, 2270, 76, 52, 0.21000, 0.16000, 0.04000, 0.06000, 
n_site, n_tet, site_k, tet_k, Tet_Sphere, Compute_RPD, GPU2CPU, Non_Dup_RPCs
215, 941, 81, 10, 0.00000, 0.03000, 0.01000, 0.01000, 
n_site, n_tet, site_k, tet_k, Tet_Sphere, Compute_RPD, GPU2CPU, Non_Dup_RPCs
111, 592, 77, 6, 0.01000, 0.01000, 0.01000, 0.00000, 
n_site, n_tet, site_k, tet_k, Tet_Sphere, Compute_RPD, GPU2CPU, Non_Dup_RPCs
468, 190, 44, 50, 0.01000, 0.02000, 0.01000, 0.01000, 
n_site, n_tet, site_k, tet_k, Tet_Sphere, Compute_RPD, GPU2CPU, Non_Dup_RPCs
491, 159, 43, 22, 0.00000, 0.03000, 0.00000, 0.01000, 
n_site, n_tet, site_k, tet_k, Tet_Sphere, Compute_RPD, GPU2CPU, Non_Dup_RPCs
776, 190, 33, 57, 0.00000, 0.02000, 0.01000, 0.01000, 
n_site, n_tet, site_k, tet_k, Tet_Sphere, Compute_RPD, GPU2CPU, Non_Dup_RPCs
853, 190, 33, 40, 0.01000, 0.01000, 0.01000, 0.01000, 
n_site, n_tet, site_k, tet_k, Tet_Sphere, Compute_RPD, GPU2CPU, Non_Dup_RPCs
731, 149, 34, 31, 0.00000, 0.01000, 0.00000, 0.00000, 
n_site, n_tet, site_k, tet_k, Tet_Sphere, Compute_RPD, GPU2CPU, Non_Dup_RPCs
347, 60, 35, 18, 0.00000, 0.01000, 0.00000, 0.00000, 
n_site, n_tet, site_k, tet_k, Tet_Sphere, Compute_RPD, GPU2CPU, Non_Dup_RPCs
387, 60, 37, 29, 0.01000, 0.00000, 0.00000, 0.00000, 
n_site, n_tet, site_k, tet_k, Tet_Sphere, Compute_RPD, GPU2CPU, Non_Dup_RPCs
531, 89, 39, 18, 0.00000, 0.01000, 0.00000, 0.00000, 
n_site, n_tet, site_k, tet_k, Tet_Sphere, Compute_RPD, GPU2CPU, Non_Dup_RPCs
505, 89, 38, 17, 0.00000, 0.00000, 0.00000, 0.01000, 
n_site, n_tet, site_k, tet_k, Tet_Sphere, Compute_RPD, GPU2CPU, Non_Dup_RPCs
946, 190, 41, 58, 0.01000, 0.01000, 0.00000, 0.01000, 
n_site, n_tet, site_k, tet_k, Tet_Sphere, Compute_RPD, GPU2CPU, Non_Dup_RPCs
946, 190, 42, 58, 0.01000, 0.00000, 0.01000, 0.03000, 
n_site, n_tet, site_k, tet_k, Tet_Sphere, Compute_RPD, GPU2CPU, Non_Dup_RPCs
946, 190, 42, 57, 0.01000, 0.01000, 0.00000, 0.01000, 
n_site, n_tet, site_k, tet_k, Tet_Sphere, Compute_RPD, GPU2CPU, Non_Dup_RPCs
946, 190, 42, 57, 0.02000, 0.02000, 0.02000, 0.00000, 
n_site, n_tet, site_k, tet_k, Tet_Sphere, Compute_RPD, GPU2CPU, Non_Dup_RPCs
946, 190, 41, 57, 0.03000, 0.03000, 0.01000, 0.01000, 
n_site, n_tet, site_k, tet_k, Tet_Sphere, Compute_RPD, GPU2CPU, Non_Dup_RPCs
946, 190, 41, 57, 0.04000, 0.05000, 0.01000, 0.02000, 
n_site, n_tet, site_k, tet_k, Tet_Sphere, Compute_RPD, GPU2CPU, Non_Dup_RPCs
946, 190, 40, 56, 0.04000, 0.04000, 0.03000, 0.01000, 
n_site, n_tet, site_k, tet_k, Tet_Sphere, Compute_RPD, GPU2CPU, Non_Dup_RPCs
946, 190, 39, 54, 0.06000, 0.05000, 0.02000, 0.01000, 
n_site, n_tet, site_k, tet_k, Tet_Sphere, Compute_RPD, GPU2CPU, Non_Dup_RPCs
946, 190, 41, 53, 0.03000, 0.04000, 0.01000, 0.01000, 
n_site, n_tet, site_k, tet_k, Tet_Sphere, Compute_RPD, GPU2CPU, Non_Dup_RPCs
946, 190, 40, 55, 0.04000, 0.04000, 0.01000, 0.01000, 
n_site, n_tet, site_k, tet_k, Tet_Sphere, Compute_RPD, GPU2CPU, Non_Dup_RPCs
946, 190, 40, 59, 0.05000, 0.04000, 0.02000, 0.01000, 
n_site, n_tet, site_k, tet_k, Tet_Sphere, Compute_RPD, GPU2CPU, Non_Dup_RPCs
946, 190, 40, 60, 0.04000, 0.03000, 0.01000, 0.02000, 
n_site, n_tet, site_k, tet_k, Tet_Sphere, Compute_RPD, GPU2CPU, Non_Dup_RPCs
946, 190, 39, 59, 0.03000, 0.04000, 0.01000, 0.01000, 
n_site, n_tet, site_k, tet_k, Tet_Sphere, Compute_RPD, GPU2CPU, Non_Dup_RPCs
946, 190, 38, 59, 0.05000, 0.04000, 0.03000, 0.01000, 
n_site, n_tet, site_k, tet_k, Tet_Sphere, Compute_RPD, GPU2CPU, Non_Dup_RPCs
946, 190, 37, 60, 0.05000, 0.06000, 0.02000, 0.02000, 
n_site, n_tet, site_k, tet_k, Tet_Sphere, Compute_RPD, GPU2CPU, Non_Dup_RPCs
946, 190, 37, 59, 0.04000, 0.04000, 0.01000, 0.01000, 
n_site, n_tet, site_k, tet_k, Tet_Sphere, Compute_RPD, GPU2CPU, Non_Dup_RPCs
946, 190, 38, 59, 0.04000, 0.03000, 0.02000, 0.01000, 
n_site, n_tet, site_k, tet_k, Tet_Sphere, Compute_RPD, GPU2CPU, Non_Dup_RPCs
946, 190, 36, 59, 0.04000, 0.05000, 0.02000, 0.01000, 
n_site, n_tet, site_k, tet_k, Tet_Sphere, Compute_RPD, GPU2CPU, Non_Dup_RPCs
946, 190, 36, 57, 0.03000, 0.04000, 0.01000, 0.01000, 
n_site, n_tet, site_k, tet_k, Tet_Sphere, Compute_RPD, GPU2CPU, Non_Dup_RPCs
946, 190, 36, 58, 0.04000, 0.03000, 0.01000, 0.01000, 
n_site, n_tet, site_k, tet_k, Tet_Sphere, Compute_RPD, GPU2CPU, Non_Dup_RPCs
946, 190, 36, 58, 0.04000, 0.05000, 0.02000, 0.01000, 
n_site, n_tet, site_k, tet_k, Tet_Sphere, Compute_RPD, GPU2CPU, Non_Dup_RPCs
946, 190, 36, 59, 0.04000, 0.04000, 0.01000, 0.01000, 
n_site, n_tet, site_k, tet_k, Tet_Sphere, Compute_RPD, GPU2CPU, Non_Dup_RPCs
946, 190, 37, 57, 0.04000, 0.04000, 0.01000, 0.01000, 
n_site, n_tet, site_k, tet_k, Tet_Sphere, Compute_RPD, GPU2CPU, Non_Dup_RPCs
946, 190, 37, 57, 0.05000, 0.04000, 0.03000, 0.00000, 
n_site, n_tet, site_k, tet_k, Tet_Sphere, Compute_RPD, GPU2CPU, Non_Dup_RPCs
946, 190, 37, 57, 0.04000, 0.04000, 0.02000, 0.01000, 
n_site, n_tet, site_k, tet_k, Tet_Sphere, Compute_RPD, GPU2CPU, Non_Dup_RPCs
946, 190, 37, 57, 0.04000, 0.04000, 0.01000, 0.01000, 
n_site, n_tet, site_k, tet_k, Tet_Sphere, Compute_RPD, GPU2CPU, Non_Dup_RPCs
1138, 190, 37, 68, 0.05000, 0.04000, 0.02000, 0.02000, 
n_site, n_tet, site_k, tet_k, Tet_Sphere, Compute_RPD, GPU2CPU, Non_Dup_RPCs
1345, 190, 37, 77, 0.09000, 0.08000, 0.03000, 0.01000, 
n_site, n_tet, site_k, tet_k, Tet_Sphere, Compute_RPD, GPU2CPU, Non_Dup_RPCs
1345, 190, 37, 77, 0.07000, 0.07000, 0.03000, 0.02000, 
n_site, n_tet, site_k, tet_k, Tet_Sphere, Compute_RPD, GPU2CPU, Non_Dup_RPCs
1345, 190, 49, 78, 0.04000, 0.04000, 0.02000, 0.02000, 
n_site, n_tet, site_k, tet_k, Tet_Sphere, Compute_RPD, GPU2CPU, Non_Dup_RPCs
1308, 190, 50, 76, 0.04000, 0.03000, 0.02000, 0.01000, 
n_site, n_tet, site_k, tet_k, Tet_Sphere, Compute_RPD, GPU2CPU, Non_Dup_RPCs
1342, 190, 45, 78, 0.03000, 0.03000, 0.02000, 0.01000, 
n_site, n_tet, site_k, tet_k, Tet_Sphere, Compute_RPD, GPU2CPU, Non_Dup_RPCs
389, 52, 39, 13, 0.00000, 0.01000, 0.00000, 0.00000, 
n_site, n_tet, site_k, tet_k, Tet_Sphere, Compute_RPD, GPU2CPU, Non_Dup_RPCs
213, 30, 30, 16, 0.00000, 0.01000, 0.01000, 0.00000, 
n_site, n_tet, site_k, tet_k, Tet_Sphere, Compute_RPD, GPU2CPU, Non_Dup_RPCs
1357, 190, 46, 79, 0.10000, 0.07000, 0.03000, 0.01000, 
n_site, n_tet, site_k, tet_k, Tet_Sphere, Compute_RPD, GPU2CPU, Non_Dup_RPCs
1357, 190, 46, 79, 0.02000, 0.01000, 0.00000, 0.02000, 
n_site, n_tet, site_k, tet_k, Tet_Sphere, Compute_RPD, GPU2CPU, Non_Dup_RPCs
1357, 190, 46, 79, 0.03000, 0.03000, 0.02000, 0.01000, 
n_site, n_tet, site_k, tet_k, Tet_Sphere, Compute_RPD, GPU2CPU, Non_Dup_RPCs
1357, 190, 46, 79, 0.05000, 0.04000, 0.01000, 0.02000, 
n_site, n_tet, site_k, tet_k, Tet_Sphere, Compute_RPD, GPU2CPU, Non_Dup_RPCs
1357, 190, 47, 80, 0.04000, 0.03000, 0.02000, 0.01000, 
n_site, n_tet, site_k, tet_k, Tet_Sphere, Compute_RPD, GPU2CPU, Non_Dup_RPCs
1357, 190, 46, 79, 0.05000, 0.02000, 0.01000, 0.02000, 
n_site, n_tet, site_k, tet_k, Tet_Sphere, Compute_RPD, GPU2CPU, Non_Dup_RPCs
1357, 190, 46, 81, 0.04000, 0.03000, 0.02000, 0.01000, 
n_site, n_tet, site_k, tet_k, Tet_Sphere, Compute_RPD, GPU2CPU, Non_Dup_RPCs
1357, 190, 45, 81, 0.06000, 0.04000, 0.01000, 0.02000, 
n_site, n_tet, site_k, tet_k, Tet_Sphere, Compute_RPD, GPU2CPU, Non_Dup_RPCs
1357, 190, 45, 80, 0.04000, 0.03000, 0.02000, 0.01000, 
n_site, n_tet, site_k, tet_k, Tet_Sphere, Compute_RPD, GPU2CPU, Non_Dup_RPCs
1357, 190, 45, 79, 0.04000, 0.03000, 0.01000, 0.02000, 
n_site, n_tet, site_k, tet_k, Tet_Sphere, Compute_RPD, GPU2CPU, Non_Dup_RPCs
1357, 190, 45, 80, 0.05000, 0.03000, 0.01000, 0.01000, 
n_site, n_tet, site_k, tet_k, Tet_Sphere, Compute_RPD, GPU2CPU, Non_Dup_RPCs
1357, 190, 45, 78, 0.06000, 0.04000, 0.01000, 0.02000, 
n_site, n_tet, site_k, tet_k, Tet_Sphere, Compute_RPD, GPU2CPU, Non_Dup_RPCs
1357, 190, 45, 78, 0.05000, 0.03000, 0.02000, 0.01000, 
n_site, n_tet, site_k, tet_k, Tet_Sphere, Compute_RPD, GPU2CPU, Non_Dup_RPCs
1357, 190, 45, 79, 0.06000, 0.05000, 0.03000, 0.01000, 
n_site, n_tet, site_k, tet_k, Tet_Sphere, Compute_RPD, GPU2CPU, Non_Dup_RPCs
1357, 190, 45, 79, 0.06000, 0.05000, 0.03000, 0.01000, 
n_site, n_tet, site_k, tet_k, Tet_Sphere, Compute_RPD, GPU2CPU, Non_Dup_RPCs
1357, 190, 45, 79, 0.05000, 0.03000, 0.02000, 0.01000, 
n_site, n_tet, site_k, tet_k, Tet_Sphere, Compute_RPD, GPU2CPU, Non_Dup_RPCs
1357, 190, 46, 79, 0.04000, 0.03000, 0.02000, 0.01000, 
n_site, n_tet, site_k, tet_k, Tet_Sphere, Compute_RPD, GPU2CPU, Non_Dup_RPCs
1357, 190, 44, 79, 0.04000, 0.03000, 0.02000, 0.01000, 
n_site, n_tet, site_k, tet_k, Tet_Sphere, Compute_RPD, GPU2CPU, Non_Dup_RPCs
1357, 190, 44, 79, 0.04000, 0.03000, 0.02000, 0.01000, 
n_site, n_tet, site_k, tet_k, Tet_Sphere, Compute_RPD, GPU2CPU, Non_Dup_RPCs
1369, 190, 44, 80, 0.06000, 0.04000, 0.01000, 0.02000, 
n_site, n_tet, site_k, tet_k, Tet_Sphere, Compute_RPD, GPU2CPU, Non_Dup_RPCs
1425, 190, 45, 82, 0.08000, 0.07000, 0.04000, 0.01000, 
n_site, n_tet, site_k, tet_k, Tet_Sphere, Compute_RPD, GPU2CPU, Non_Dup_RPCs
1425, 190, 45, 82, 0.06000, 0.03000, 0.02000, 0.01000, 
n_site, n_tet, site_k, tet_k, Tet_Sphere, Compute_RPD, GPU2CPU, Non_Dup_RPCs
1425, 190, 55, 82, 0.05000, 0.03000, 0.02000, 0.01000, 
n_site, n_tet, site_k, tet_k, Tet_Sphere, Compute_RPD, GPU2CPU, Non_Dup_RPCs
1411, 190, 55, 82, 0.05000, 0.04000, 0.01000, 0.01000, 
n_site, n_tet, site_k, tet_k, Tet_Sphere, Compute_RPD, GPU2CPU, Non_Dup_RPCs
1330, 185, 44, 50, 0.04000, 0.03000, 0.02000, 0.01000, 
n_site, n_tet, site_k, tet_k, Tet_Sphere, Compute_RPD, GPU2CPU, Non_Dup_RPCs
280, 38, 33, 14, 0.01000, 0.01000, 0.00000, 0.00000, 
n_site, n_tet, site_k, tet_k, Tet_Sphere, Compute_RPD, GPU2CPU, Non_Dup_RPCs
122, 19, 45, 12, 0.01000, 0.00000, 0.00000, 0.00000, 
n_site, n_tet, site_k, tet_k, Tet_Sphere, Compute_RPD, GPU2CPU, Non_Dup_RPCs
1444, 190, 47, 82, 0.12000, 0.09000, 0.01000, 0.02000, 
n_site, n_tet, site_k, tet_k, Tet_Sphere, Compute_RPD, GPU2CPU, Non_Dup_RPCs
1444, 190, 47, 82, 0.01000, 0.01000, 0.01000, 0.02000, 
n_site, n_tet, site_k, tet_k, Tet_Sphere, Compute_RPD, GPU2CPU, Non_Dup_RPCs
1444, 190, 47, 82, 0.03000, 0.03000, 0.02000, 0.02000, 
n_site, n_tet, site_k, tet_k, Tet_Sphere, Compute_RPD, GPU2CPU, Non_Dup_RPCs
1444, 190, 47, 82, 0.06000, 0.04000, 0.01000, 0.02000, 
n_site, n_tet, site_k, tet_k, Tet_Sphere, Compute_RPD, GPU2CPU, Non_Dup_RPCs
1444, 190, 46, 82, 0.05000, 0.03000, 0.02000, 0.01000, 
n_site, n_tet, site_k, tet_k, Tet_Sphere, Compute_RPD, GPU2CPU, Non_Dup_RPCs
1444, 190, 46, 83, 0.08000, 0.04000, 0.04000, 0.01000, 
n_site, n_tet, site_k, tet_k, Tet_Sphere, Compute_RPD, GPU2CPU, Non_Dup_RPCs
1444, 190, 47, 85, 0.04000, 0.03000, 0.01000, 0.02000, 
n_site, n_tet, site_k, tet_k, Tet_Sphere, Compute_RPD, GPU2CPU, Non_Dup_RPCs
1444, 190, 47, 84, 0.07000, 0.05000, 0.04000, 0.01000, 
n_site, n_tet, site_k, tet_k, Tet_Sphere, Compute_RPD, GPU2CPU, Non_Dup_RPCs
1444, 190, 46, 84, 0.01000, 0.02000, 0.00000, 0.02000, 
n_site, n_tet, site_k, tet_k, Tet_Sphere, Compute_RPD, GPU2CPU, Non_Dup_RPCs
1444, 190, 46, 84, 0.04000, 0.03000, 0.01000, 0.02000, 
n_site, n_tet, site_k, tet_k, Tet_Sphere, Compute_RPD, GPU2CPU, Non_Dup_RPCs
1444, 190, 46, 84, 0.06000, 0.04000, 0.02000, 0.01000, 
n_site, n_tet, site_k, tet_k, Tet_Sphere, Compute_RPD, GPU2CPU, Non_Dup_RPCs
1444, 190, 45, 84, 0.05000, 0.03000, 0.02000, 0.01000, 
n_site, n_tet, site_k, tet_k, Tet_Sphere, Compute_RPD, GPU2CPU, Non_Dup_RPCs
1444, 190, 45, 84, 0.09000, 0.05000, 0.04000, 0.01000, 
n_site, n_tet, site_k, tet_k, Tet_Sphere, Compute_RPD, GPU2CPU, Non_Dup_RPCs
1444, 190, 45, 84, 0.02000, 0.01000, 0.00000, 0.02000, 
n_site, n_tet, site_k, tet_k, Tet_Sphere, Compute_RPD, GPU2CPU, Non_Dup_RPCs
1446, 190, 45, 84, 0.04000, 0.03000, 0.02000, 0.01000, 
n_site, n_tet, site_k, tet_k, Tet_Sphere, Compute_RPD, GPU2CPU, Non_Dup_RPCs
1470, 190, 45, 85, 0.03000, 0.03000, 0.02000, 0.01000, 
n_site, n_tet, site_k, tet_k, Tet_Sphere, Compute_RPD, GPU2CPU, Non_Dup_RPCs
1470, 190, 45, 85, 0.05000, 0.04000, 0.02000, 0.01000, 
n_site, n_tet, site_k, tet_k, Tet_Sphere, Compute_RPD, GPU2CPU, Non_Dup_RPCs
1470, 190, 56, 85, 0.07000, 0.05000, 0.04000, 0.02000, 
n_site, n_tet, site_k, tet_k, Tet_Sphere, Compute_RPD, GPU2CPU, Non_Dup_RPCs
1464, 190, 56, 85, 0.02000, 0.02000, 0.00000, 0.02000, 
n_site, n_tet, site_k, tet_k, Tet_Sphere, Compute_RPD, GPU2CPU, Non_Dup_RPCs
901, 152, 49, 30, 0.01000, 0.01000, 0.01000, 0.00000, 
n_site, n_tet, site_k, tet_k, Tet_Sphere, Compute_RPD, GPU2CPU, Non_Dup_RPCs
12, 3, 10, 7, 0.00000, 0.00000, 0.00000, 0.00000, 
n_site, n_tet, site_k, tet_k, Tet_Sphere, Compute_RPD, GPU2CPU, Non_Dup_RPCs
46, 12, 19, 13, 0.00000, 0.01000, 0.00000, 0.00000, 
n_site, n_tet, site_k, tet_k, Tet_Sphere, Compute_RPD, GPU2CPU, Non_Dup_RPCs
51, 11, 19, 12, 0.00000, 0.02000, 0.00000, 0.00000, 
n_site, n_tet, site_k, tet_k, Tet_Sphere, Compute_RPD, GPU2CPU, Non_Dup_RPCs
52, 11, 19, 11, 0.01000, 0.01000, 0.00000, 0.00000, 
n_site, n_tet, site_k, tet_k, Tet_Sphere, Compute_RPD, GPU2CPU, Non_Dup_RPCs
41, 10, 19, 9, 0.00000, 0.02000, 0.00000, 0.00000, 
n_site, n_tet, site_k, tet_k, Tet_Sphere, Compute_RPD, GPU2CPU, Non_Dup_RPCs
1475, 190, 56, 85, 0.12000, 0.06000, 0.04000, 0.01000, 
n_site, n_tet, site_k, tet_k, Tet_Sphere, Compute_RPD, GPU2CPU, Non_Dup_RPCs
1232, 562, 47, 63, 0.02000, 0.06000, 0.01000, 0.06000, 
n_site, n_tet, site_k, tet_k, Tet_Sphere, Compute_RPD, GPU2CPU, Non_Dup_RPCs
982, 406, 48, 30, 0.00000, 0.02000, 0.01000, 0.00000, 
n_site, n_tet, site_k, tet_k, Tet_Sphere, Compute_RPD, GPU2CPU, Non_Dup_RPCs
1591, 543, 56, 62, 0.02000, 0.05000, 0.01000, 0.02000, 
n_site, n_tet, site_k, tet_k, Tet_Sphere, Compute_RPD, GPU2CPU, Non_Dup_RPCs
1535, 473, 63, 33, 0.02000, 0.02000, 0.01000, 0.00000, 
n_site, n_tet, site_k, tet_k, Tet_Sphere, Compute_RPD, GPU2CPU, Non_Dup_RPCs
1131, 361, 69, 26, 0.00000, 0.01000, 0.01000, 0.00000, 
n_site, n_tet, site_k, tet_k, Tet_Sphere, Compute_RPD, GPU2CPU, Non_Dup_RPCs
310, 51, 62, 7, 0.00000, 0.00000, 0.00000, 0.00000, 
n_site, n_tet, site_k, tet_k, Tet_Sphere, Compute_RPD, GPU2CPU, Non_Dup_RPCs
593, 150, 37, 24, 0.01000, 0.02000, 0.01000, 0.00000, 
n_site, n_tet, site_k, tet_k, Tet_Sphere, Compute_RPD, GPU2CPU, Non_Dup_RPCs
487, 105, 45, 17, 0.02000, 0.01000, 0.01000, 0.00000, 
n_site, n_tet, site_k, tet_k, Tet_Sphere, Compute_RPD, GPU2CPU, Non_Dup_RPCs
489, 124, 42, 13, 0.02000, 0.01000, 0.01000, 0.00000, 
n_site, n_tet, site_k, tet_k, Tet_Sphere, Compute_RPD, GPU2CPU, Non_Dup_RPCs
260, 55, 62, 17, 0.01000, 0.01000, 0.00000, 0.00000, 
n_site, n_tet, site_k, tet_k, Tet_Sphere, Compute_RPD, GPU2CPU, Non_Dup_RPCs
145, 65, 38, 11, 0.01000, 0.02000, 0.00000, 0.00000, 
n_site, n_tet, site_k, tet_k, Tet_Sphere, Compute_RPD, GPU2CPU, Non_Dup_RPCs
170, 84, 26, 15, 0.00000, 0.02000, 0.00000, 0.01000, 
n_site, n_tet, site_k, tet_k, Tet_Sphere, Compute_RPD, GPU2CPU, Non_Dup_RPCs
87, 24, 36, 11, 0.00000, 0.03000, 0.00000, 0.00000, 
n_site, n_tet, site_k, tet_k, Tet_Sphere, Compute_RPD, GPU2CPU, Non_Dup_RPCs
66, 34, 27, 9, 0.01000, 0.02000, 0.00000, 0.00000, 
n_site, n_tet, site_k, tet_k, Tet_Sphere, Compute_RPD, GPU2CPU, Non_Dup_RPCs
1820, 562, 71, 71, 0.21000, 0.07000, 0.01000, 0.05000, 
n_site, n_tet, site_k, tet_k, Tet_Sphere, Compute_RPD, GPU2CPU, Non_Dup_RPCs
1820, 562, 71, 71, 0.11000, 0.09000, 0.05000, 0.04000, 
n_site, n_tet, site_k, tet_k, Tet_Sphere, Compute_RPD, GPU2CPU, Non_Dup_RPCs
1820, 562, 73, 71, 0.07000, 0.09000, 0.04000, 0.05000, 
n_site, n_tet, site_k, tet_k, Tet_Sphere, Compute_RPD, GPU2CPU, Non_Dup_RPCs
1820, 562, 73, 71, 0.07000, 0.08000, 0.02000, 0.04000, 
n_site, n_tet, site_k, tet_k, Tet_Sphere, Compute_RPD, GPU2CPU, Non_Dup_RPCs
1820, 562, 73, 70, 0.06000, 0.10000, 0.04000, 0.04000, 
n_site, n_tet, site_k, tet_k, Tet_Sphere, Compute_RPD, GPU2CPU, Non_Dup_RPCs
1820, 562, 73, 69, 0.06000, 0.08000, 0.04000, 0.05000, 
n_site, n_tet, site_k, tet_k, Tet_Sphere, Compute_RPD, GPU2CPU, Non_Dup_RPCs
1820, 562, 74, 67, 0.12000, 0.10000, 0.02000, 0.04000, 
n_site, n_tet, site_k, tet_k, Tet_Sphere, Compute_RPD, GPU2CPU, Non_Dup_RPCs
1820, 562, 72, 68, 0.03000, 0.08000, 0.04000, 0.04000, 
n_site, n_tet, site_k, tet_k, Tet_Sphere, Compute_RPD, GPU2CPU, Non_Dup_RPCs
1820, 562, 73, 69, 0.10000, 0.10000, 0.04000, 0.04000, 
n_site, n_tet, site_k, tet_k, Tet_Sphere, Compute_RPD, GPU2CPU, Non_Dup_RPCs
1820, 562, 73, 68, 0.18000, 0.06000, 0.01000, 0.05000, 
n_site, n_tet, site_k, tet_k, Tet_Sphere, Compute_RPD, GPU2CPU, Non_Dup_RPCs
1820, 562, 75, 65, 0.03000, 0.07000, 0.02000, 0.04000, 
n_site, n_tet, site_k, tet_k, Tet_Sphere, Compute_RPD, GPU2CPU, Non_Dup_RPCs
1820, 562, 73, 65, 0.11000, 0.11000, 0.01000, 0.04000, 
n_site, n_tet, site_k, tet_k, Tet_Sphere, Compute_RPD, GPU2CPU, Non_Dup_RPCs
1820, 562, 73, 64, 0.03000, 0.07000, 0.04000, 0.04000, 
n_site, n_tet, site_k, tet_k, Tet_Sphere, Compute_RPD, GPU2CPU, Non_Dup_RPCs
1820, 562, 73, 64, 0.11000, 0.09000, 0.04000, 0.04000, 
n_site, n_tet, site_k, tet_k, Tet_Sphere, Compute_RPD, GPU2CPU, Non_Dup_RPCs
1820, 562, 72, 65, 0.08000, 0.09000, 0.03000, 0.05000, 
n_site, n_tet, site_k, tet_k, Tet_Sphere, Compute_RPD, GPU2CPU, Non_Dup_RPCs
1820, 562, 73, 67, 0.05000, 0.06000, 0.02000, 0.04000, 
n_site, n_tet, site_k, tet_k, Tet_Sphere, Compute_RPD, GPU2CPU, Non_Dup_RPCs
1820, 562, 72, 64, 0.05000, 0.07000, 0.04000, 0.04000, 
n_site, n_tet, site_k, tet_k, Tet_Sphere, Compute_RPD, GPU2CPU, Non_Dup_RPCs
1820, 562, 71, 64, 0.13000, 0.09000, 0.01000, 0.05000, 
n_site, n_tet, site_k, tet_k, Tet_Sphere, Compute_RPD, GPU2CPU, Non_Dup_RPCs
1820, 562, 71, 67, 0.04000, 0.06000, 0.04000, 0.04000, 
n_site, n_tet, site_k, tet_k, Tet_Sphere, Compute_RPD, GPU2CPU, Non_Dup_RPCs
1820, 562, 66, 68, 0.11000, 0.11000, 0.01000, 0.04000, 
n_site, n_tet, site_k, tet_k, Tet_Sphere, Compute_RPD, GPU2CPU, Non_Dup_RPCs
1820, 562, 65, 67, 0.03000, 0.06000, 0.01000, 0.04000, 
n_site, n_tet, site_k, tet_k, Tet_Sphere, Compute_RPD, GPU2CPU, Non_Dup_RPCs
1820, 562, 70, 67, 0.09000, 0.10000, 0.04000, 0.04000, 
n_site, n_tet, site_k, tet_k, Tet_Sphere, Compute_RPD, GPU2CPU, Non_Dup_RPCs
1820, 562, 70, 68, 0.07000, 0.09000, 0.04000, 0.04000, 
n_site, n_tet, site_k, tet_k, Tet_Sphere, Compute_RPD, GPU2CPU, Non_Dup_RPCs
1820, 562, 69, 66, 0.12000, 0.12000, 0.01000, 0.04000, 
n_site, n_tet, site_k, tet_k, Tet_Sphere, Compute_RPD, GPU2CPU, Non_Dup_RPCs
1820, 562, 69, 66, 0.04000, 0.05000, 0.01000, 0.04000, 
n_site, n_tet, site_k, tet_k, Tet_Sphere, Compute_RPD, GPU2CPU, Non_Dup_RPCs
1820, 562, 69, 66, 0.11000, 0.10000, 0.04000, 0.04000, 
n_site, n_tet, site_k, tet_k, Tet_Sphere, Compute_RPD, GPU2CPU, Non_Dup_RPCs
1820, 562, 69, 66, 0.03000, 0.06000, 0.01000, 0.04000, 
n_site, n_tet, site_k, tet_k, Tet_Sphere, Compute_RPD, GPU2CPU, Non_Dup_RPCs
1989, 562, 67, 74, 0.08000, 0.10000, 0.04000, 0.04000, 
n_site, n_tet, site_k, tet_k, Tet_Sphere, Compute_RPD, GPU2CPU, Non_Dup_RPCs
2229, 562, 67, 90, 0.21000, 0.16000, 0.05000, 0.07000, 
n_site, n_tet, site_k, tet_k, Tet_Sphere, Compute_RPD, GPU2CPU, Non_Dup_RPCs
2229, 562, 67, 90, 0.09000, 0.12000, 0.05000, 0.05000, 
n_site, n_tet, site_k, tet_k, Tet_Sphere, Compute_RPD, GPU2CPU, Non_Dup_RPCs
2229, 562, 69, 97, 0.07000, 0.09000, 0.02000, 0.06000, 
n_site, n_tet, site_k, tet_k, Tet_Sphere, Compute_RPD, GPU2CPU, Non_Dup_RPCs
2185, 562, 69, 92, 0.22000, 0.07000, 0.02000, 0.05000, 
n_site, n_tet, site_k, tet_k, Tet_Sphere, Compute_RPD, GPU2CPU, Non_Dup_RPCs
2169, 562, 65, 87, 0.10000, 0.15000, 0.09000, 0.05000, 
n_site, n_tet, site_k, tet_k, Tet_Sphere, Compute_RPD, GPU2CPU, Non_Dup_RPCs
279, 65, 41, 11, 0.00000, 0.00000, 0.00000, 0.00000, 
n_site, n_tet, site_k, tet_k, Tet_Sphere, Compute_RPD, GPU2CPU, Non_Dup_RPCs
462, 110, 43, 14, 0.01000, 0.01000, 0.00000, 0.00000, 
n_site, n_tet, site_k, tet_k, Tet_Sphere, Compute_RPD, GPU2CPU, Non_Dup_RPCs
2215, 562, 69, 88, 0.24000, 0.08000, 0.02000, 0.05000, 
n_site, n_tet, site_k, tet_k, Tet_Sphere, Compute_RPD, GPU2CPU, Non_Dup_RPCs
2215, 562, 69, 88, 0.14000, 0.12000, 0.05000, 0.05000, 
n_site, n_tet, site_k, tet_k, Tet_Sphere, Compute_RPD, GPU2CPU, Non_Dup_RPCs
2215, 562, 69, 89, 0.22000, 0.08000, 0.02000, 0.05000, 
n_site, n_tet, site_k, tet_k, Tet_Sphere, Compute_RPD, GPU2CPU, Non_Dup_RPCs
2215, 562, 69, 90, 0.14000, 0.12000, 0.05000, 0.06000, 
n_site, n_tet, site_k, tet_k, Tet_Sphere, Compute_RPD, GPU2CPU, Non_Dup_RPCs
2215, 562, 69, 90, 0.24000, 0.07000, 0.02000, 0.06000, 
n_site, n_tet, site_k, tet_k, Tet_Sphere, Compute_RPD, GPU2CPU, Non_Dup_RPCs
2215, 562, 69, 91, 0.14000, 0.14000, 0.06000, 0.05000, 
n_site, n_tet, site_k, tet_k, Tet_Sphere, Compute_RPD, GPU2CPU, Non_Dup_RPCs
2215, 562, 68, 90, 0.24000, 0.17000, 0.09000, 0.06000, 
n_site, n_tet, site_k, tet_k, Tet_Sphere, Compute_RPD, GPU2CPU, Non_Dup_RPCs
2215, 562, 68, 90, 0.15000, 0.11000, 0.05000, 0.06000, 
n_site, n_tet, site_k, tet_k, Tet_Sphere, Compute_RPD, GPU2CPU, Non_Dup_RPCs
2215, 562, 68, 85, 0.20000, 0.07000, 0.01000, 0.06000, 
n_site, n_tet, site_k, tet_k, Tet_Sphere, Compute_RPD, GPU2CPU, Non_Dup_RPCs
2215, 562, 68, 86, 0.13000, 0.14000, 0.05000, 0.06000, 
n_site, n_tet, site_k, tet_k, Tet_Sphere, Compute_RPD, GPU2CPU, Non_Dup_RPCs
2215, 562, 68, 87, 0.25000, 0.07000, 0.03000, 0.05000, 
n_site, n_tet, site_k, tet_k, Tet_Sphere, Compute_RPD, GPU2CPU, Non_Dup_RPCs
2215, 562, 68, 88, 0.14000, 0.12000, 0.06000, 0.05000, 
n_site, n_tet, site_k, tet_k, Tet_Sphere, Compute_RPD, GPU2CPU, Non_Dup_RPCs
2215, 562, 68, 90, 0.19000, 0.07000, 0.02000, 0.05000, 
n_site, n_tet, site_k, tet_k, Tet_Sphere, Compute_RPD, GPU2CPU, Non_Dup_RPCs
2215, 562, 68, 88, 0.13000, 0.15000, 0.05000, 0.05000, 
n_site, n_tet, site_k, tet_k, Tet_Sphere, Compute_RPD, GPU2CPU, Non_Dup_RPCs
2215, 562, 68, 86, 0.21000, 0.27000, 0.08000, 0.04000, 
n_site, n_tet, site_k, tet_k, Tet_Sphere, Compute_RPD, GPU2CPU, Non_Dup_RPCs
2215, 562, 68, 86, 0.15000, 0.11000, 0.05000, 0.05000, 
n_site, n_tet, site_k, tet_k, Tet_Sphere, Compute_RPD, GPU2CPU, Non_Dup_RPCs
2215, 562, 69, 84, 0.25000, 0.06000, 0.03000, 0.05000, 
n_site, n_tet, site_k, tet_k, Tet_Sphere, Compute_RPD, GPU2CPU, Non_Dup_RPCs
2215, 562, 69, 85, 0.14000, 0.11000, 0.06000, 0.05000, 
n_site, n_tet, site_k, tet_k, Tet_Sphere, Compute_RPD, GPU2CPU, Non_Dup_RPCs
2215, 562, 69, 85, 0.22000, 0.07000, 0.01000, 0.05000, 
n_site, n_tet, site_k, tet_k, Tet_Sphere, Compute_RPD, GPU2CPU, Non_Dup_RPCs
2215, 562, 69, 85, 0.13000, 0.14000, 0.06000, 0.04000, 
n_site, n_tet, site_k, tet_k, Tet_Sphere, Compute_RPD, GPU2CPU, Non_Dup_RPCs
2304, 562, 69, 103, 0.23000, 0.08000, 0.02000, 0.05000, 
n_site, n_tet, site_k, tet_k, Tet_Sphere, Compute_RPD, GPU2CPU, Non_Dup_RPCs
2388, 562, 69, 109, 0.17000, 0.14000, 0.07000, 0.06000, 
n_site, n_tet, site_k, tet_k, Tet_Sphere, Compute_RPD, GPU2CPU, Non_Dup_RPCs
2388, 562, 69, 109, 0.07000, 0.10000, 0.03000, 0.05000, 
n_site, n_tet, site_k, tet_k, Tet_Sphere, Compute_RPD, GPU2CPU, Non_Dup_RPCs
2388, 562, 69, 107, 0.16000, 0.12000, 0.06000, 0.06000, 
n_site, n_tet, site_k, tet_k, Tet_Sphere, Compute_RPD, GPU2CPU, Non_Dup_RPCs
2350, 562, 69, 100, 0.19000, 0.08000, 0.02000, 0.05000, 
n_site, n_tet, site_k, tet_k, Tet_Sphere, Compute_RPD, GPU2CPU, Non_Dup_RPCs
1948, 537, 55, 74, 0.06000, 0.13000, 0.08000, 0.02000, 
n_site, n_tet, site_k, tet_k, Tet_Sphere, Compute_RPD, GPU2CPU, Non_Dup_RPCs
179, 49, 43, 11, 0.00000, 0.00000, 0.00000, 0.00000, 
n_site, n_tet, site_k, tet_k, Tet_Sphere, Compute_RPD, GPU2CPU, Non_Dup_RPCs
209, 55, 44, 12, 0.01000, 0.01000, 0.00000, 0.00000, 
n_site, n_tet, site_k, tet_k, Tet_Sphere, Compute_RPD, GPU2CPU, Non_Dup_RPCs
2363, 562, 69, 107, 0.20000, 0.10000, 0.02000, 0.06000, 
n_site, n_tet, site_k, tet_k, Tet_Sphere, Compute_RPD, GPU2CPU, Non_Dup_RPCs
2363, 562, 69, 107, 0.15000, 0.15000, 0.06000, 0.06000, 
n_site, n_tet, site_k, tet_k, Tet_Sphere, Compute_RPD, GPU2CPU, Non_Dup_RPCs
2363, 562, 69, 107, 0.26000, 0.08000, 0.02000, 0.06000, 
n_site, n_tet, site_k, tet_k, Tet_Sphere, Compute_RPD, GPU2CPU, Non_Dup_RPCs
2363, 562, 69, 107, 0.16000, 0.12000, 0.06000, 0.06000, 
n_site, n_tet, site_k, tet_k, Tet_Sphere, Compute_RPD, GPU2CPU, Non_Dup_RPCs
2363, 562, 69, 108, 0.22000, 0.09000, 0.03000, 0.06000, 
n_site, n_tet, site_k, tet_k, Tet_Sphere, Compute_RPD, GPU2CPU, Non_Dup_RPCs
2363, 562, 69, 104, 0.17000, 0.08000, 0.02000, 0.05000, 
n_site, n_tet, site_k, tet_k, Tet_Sphere, Compute_RPD, GPU2CPU, Non_Dup_RPCs
2363, 562, 69, 103, 0.17000, 0.09000, 0.02000, 0.06000, 
n_site, n_tet, site_k, tet_k, Tet_Sphere, Compute_RPD, GPU2CPU, Non_Dup_RPCs
2363, 562, 69, 100, 0.17000, 0.13000, 0.06000, 0.04000, 
n_site, n_tet, site_k, tet_k, Tet_Sphere, Compute_RPD, GPU2CPU, Non_Dup_RPCs
2363, 562, 69, 105, 0.26000, 0.08000, 0.02000, 0.06000, 
n_site, n_tet, site_k, tet_k, Tet_Sphere, Compute_RPD, GPU2CPU, Non_Dup_RPCs
2363, 562, 69, 109, 0.16000, 0.09000, 0.02000, 0.05000, 
n_site, n_tet, site_k, tet_k, Tet_Sphere, Compute_RPD, GPU2CPU, Non_Dup_RPCs
2363, 562, 69, 107, 0.16000, 0.16000, 0.06000, 0.06000, 
n_site, n_tet, site_k, tet_k, Tet_Sphere, Compute_RPD, GPU2CPU, Non_Dup_RPCs
2363, 562, 69, 108, 0.23000, 0.08000, 0.02000, 0.07000, 
n_site, n_tet, site_k, tet_k, Tet_Sphere, Compute_RPD, GPU2CPU, Non_Dup_RPCs
2363, 562, 69, 106, 0.17000, 0.08000, 0.02000, 0.06000, 
n_site, n_tet, site_k, tet_k, Tet_Sphere, Compute_RPD, GPU2CPU, Non_Dup_RPCs
2363, 562, 68, 104, 0.16000, 0.15000, 0.06000, 0.06000, 
n_site, n_tet, site_k, tet_k, Tet_Sphere, Compute_RPD, GPU2CPU, Non_Dup_RPCs
2363, 562, 68, 104, 0.27000, 0.08000, 0.02000, 0.06000, 
n_site, n_tet, site_k, tet_k, Tet_Sphere, Compute_RPD, GPU2CPU, Non_Dup_RPCs
2461, 562, 68, 128, 0.15000, 0.17000, 0.07000, 0.07000, 
n_site, n_tet, site_k, tet_k, Tet_Sphere, Compute_RPD, GPU2CPU, Non_Dup_RPCs
2542, 562, 68, 137, 0.19000, 0.11000, 0.03000, 0.07000, 
n_site, n_tet, site_k, tet_k, Tet_Sphere, Compute_RPD, GPU2CPU, Non_Dup_RPCs
2542, 562, 68, 137, 0.12000, 0.16000, 0.08000, 0.06000, 
n_site, n_tet, site_k, tet_k, Tet_Sphere, Compute_RPD, GPU2CPU, Non_Dup_RPCs
2542, 562, 68, 135, 0.21000, 0.10000, 0.03000, 0.06000, 
n_site, n_tet, site_k, tet_k, Tet_Sphere, Compute_RPD, GPU2CPU, Non_Dup_RPCs
2492, 562, 68, 123, 0.16000, 0.16000, 0.07000, 0.06000, 
n_site, n_tet, site_k, tet_k, Tet_Sphere, Compute_RPD, GPU2CPU, Non_Dup_RPCs
1846, 508, 49, 88, 0.09000, 0.17000, 0.02000, 0.02000, 
n_site, n_tet, site_k, tet_k, Tet_Sphere, Compute_RPD, GPU2CPU, Non_Dup_RPCs
149, 40, 44, 8, 0.00000, 0.00000, 0.00000, 0.00000, 
n_site, n_tet, site_k, tet_k, Tet_Sphere, Compute_RPD, GPU2CPU, Non_Dup_RPCs
215, 62, 45, 12, 0.01000, 0.01000, 0.00000, 0.00000, 
n_site, n_tet, site_k, tet_k, Tet_Sphere, Compute_RPD, GPU2CPU, Non_Dup_RPCs
247, 89, 36, 19, 0.01000, 0.03000, 0.00000, 0.01000, 
n_site, n_tet, site_k, tet_k, Tet_Sphere, Compute_RPD, GPU2CPU, Non_Dup_RPCs
140, 61, 36, 11, 0.01000, 0.03000, 0.00000, 0.00000, 
n_site, n_tet, site_k, tet_k, Tet_Sphere, Compute_RPD, GPU2CPU, Non_Dup_RPCs
110, 30, 35, 30, 0.01000, 0.03000, 0.00000, 0.00000, 
n_site, n_tet, site_k, tet_k, Tet_Sphere, Compute_RPD, GPU2CPU, Non_Dup_RPCs
52, 22, 37, 9, 0.00000, 0.04000, 0.00000, 0.00000, 
n_site, n_tet, site_k, tet_k, Tet_Sphere, Compute_RPD, GPU2CPU, Non_Dup_RPCs
227, 50, 49, 54, 0.01000, 0.04000, 0.01000, 0.00000, 
n_site, n_tet, site_k, tet_k, Tet_Sphere, Compute_RPD, GPU2CPU, Non_Dup_RPCs
90, 31, 47, 17, 0.01000, 0.03000, 0.01000, 0.00000, 
n_site, n_tet, site_k, tet_k, Tet_Sphere, Compute_RPD, GPU2CPU, Non_Dup_RPCs
120, 26, 50, 17, 0.01000, 0.04000, 0.00000, 0.00000, 
n_site, n_tet, site_k, tet_k, Tet_Sphere, Compute_RPD, GPU2CPU, Non_Dup_RPCs
64, 24, 49, 7, 0.01000, 0.05000, 0.00000, 0.00000, 
n_site, n_tet, site_k, tet_k, Tet_Sphere, Compute_RPD, GPU2CPU, Non_Dup_RPCs
90, 30, 50, 16, 0.01000, 0.05000, 0.00000, 0.00000, 
n_site, n_tet, site_k, tet_k, Tet_Sphere, Compute_RPD, GPU2CPU, Non_Dup_RPCs
81, 31, 51, 12, 0.00000, 0.05000, 0.00000, 0.00000, 
n_site, n_tet, site_k, tet_k, Tet_Sphere, Compute_RPD, GPU2CPU, Non_Dup_RPCs
77, 31, 23, 17, 0.02000, 0.02000, 0.00000, 0.00000, 
n_site, n_tet, site_k, tet_k, Tet_Sphere, Compute_RPD, GPU2CPU, Non_Dup_RPCs
186, 36, 53, 47, 0.01000, 0.05000, 0.01000, 0.00000, 
n_site, n_tet, site_k, tet_k, Tet_Sphere, Compute_RPD, GPU2CPU, Non_Dup_RPCs
82, 26, 54, 12, 0.01000, 0.05000, 0.00000, 0.01000, 
n_site, n_tet, site_k, tet_k, Tet_Sphere, Compute_RPD, GPU2CPU, Non_Dup_RPCs
91, 28, 55, 19, 0.01000, 0.05000, 0.00000, 0.00000, 
n_site, n_tet, site_k, tet_k, Tet_Sphere, Compute_RPD, GPU2CPU, Non_Dup_RPCs
178, 31, 55, 46, 0.01000, 0.06000, 0.00000, 0.00000, 
n_site, n_tet, site_k, tet_k, Tet_Sphere, Compute_RPD, GPU2CPU, Non_Dup_RPCs
1131, 562, 167, 52, 0.03000, 0.05000, 0.01000, 0.03000, 
n_site, n_tet, site_k, tet_k, Tet_Sphere, Compute_RPD, GPU2CPU, Non_Dup_RPCs
1131, 562, 44, 50, 0.02000, 0.04000, 0.01000, 0.03000, 
n_site, n_tet, site_k, tet_k, Tet_Sphere, Compute_RPD, GPU2CPU, Non_Dup_RPCs
1341, 562, 46, 73, 0.02000, 0.06000, 0.02000, 0.04000, 
n_site, n_tet, site_k, tet_k, Tet_Sphere, Compute_RPD, GPU2CPU, Non_Dup_RPCs
1438, 562, 148, 80, 0.07000, 0.09000, 0.04000, 0.03000, 
n_site, n_tet, site_k, tet_k, Tet_Sphere, Compute_RPD, GPU2CPU, Non_Dup_RPCs
1351, 562, 141, 70, 0.04000, 0.07000, 0.02000, 0.03000, 
n_site, n_tet, site_k, tet_k, Tet_Sphere, Compute_RPD, GPU2CPU, Non_Dup_RPCs
1351, 562, 48, 71, 0.12000, 0.14000, 0.07000, 0.03000, 
n_site, n_tet, site_k, tet_k, Tet_Sphere, Compute_RPD, GPU2CPU, Non_Dup_RPCs
1449, 562, 48, 81, 0.02000, 0.06000, 0.02000, 0.03000, 
n_site, n_tet, site_k, tet_k, Tet_Sphere, Compute_RPD, GPU2CPU, Non_Dup_RPCs
1537, 562, 78, 105, 0.08000, 0.12000, 0.06000, 0.05000, 
n_site, n_tet, site_k, tet_k, Tet_Sphere, Compute_RPD, GPU2CPU, Non_Dup_RPCs
1483, 562, 73, 98, 0.04000, 0.09000, 0.02000, 0.04000, 
n_site, n_tet, site_k, tet_k, Tet_Sphere, Compute_RPD, GPU2CPU, Non_Dup_RPCs
1483, 562, 74, 85, 0.16000, 0.09000, 0.02000, 0.03000, 
n_site, n_tet, site_k, tet_k, Tet_Sphere, Compute_RPD, GPU2CPU, Non_Dup_RPCs
1547, 562, 76, 96, 0.03000, 0.07000, 0.02000, 0.04000, 
n_site, n_tet, site_k, tet_k, Tet_Sphere, Compute_RPD, GPU2CPU, Non_Dup_RPCs
1623, 562, 83, 106, 0.09000, 0.13000, 0.07000, 0.04000, 
n_site, n_tet, site_k, tet_k, Tet_Sphere, Compute_RPD, GPU2CPU, Non_Dup_RPCs
1576, 562, 82, 96, 0.05000, 0.09000, 0.02000, 0.04000, 
n_site, n_tet, site_k, tet_k, Tet_Sphere, Compute_RPD, GPU2CPU, Non_Dup_RPCs
1576, 562, 85, 107, 0.17000, 0.08000, 0.02000, 0.05000, 
n_site, n_tet, site_k, tet_k, Tet_Sphere, Compute_RPD, GPU2CPU, Non_Dup_RPCs
1639, 562, 88, 117, 0.03000, 0.08000, 0.03000, 0.04000, 
n_site, n_tet, site_k, tet_k, Tet_Sphere, Compute_RPD, GPU2CPU, Non_Dup_RPCs
1720, 562, 97, 119, 0.10000, 0.15000, 0.07000, 0.04000, 
n_site, n_tet, site_k, tet_k, Tet_Sphere, Compute_RPD, GPU2CPU, Non_Dup_RPCs
1675, 562, 92, 117, 0.07000, 0.11000, 0.07000, 0.05000, 
n_site, n_tet, site_k, tet_k, Tet_Sphere, Compute_RPD, GPU2CPU, Non_Dup_RPCs
1675, 562, 92, 113, 0.20000, 0.08000, 0.02000, 0.05000, 
n_site, n_tet, site_k, tet_k, Tet_Sphere, Compute_RPD, GPU2CPU, Non_Dup_RPCs
1762, 562, 92, 141, 0.03000, 0.10000, 0.03000, 0.05000, 
n_site, n_tet, site_k, tet_k, Tet_Sphere, Compute_RPD, GPU2CPU, Non_Dup_RPCs
1856, 562, 113, 146, 0.12000, 0.14000, 0.08000, 0.06000, 
n_site, n_tet, site_k, tet_k, Tet_Sphere, Compute_RPD, GPU2CPU, Non_Dup_RPCs
1780, 562, 100, 126, 0.06000, 0.10000, 0.03000, 0.04000, 
n_site, n_tet, site_k, tet_k, Tet_Sphere, Compute_RPD, GPU2CPU, Non_Dup_RPCs
1790, 562, 106, 128, 0.10000, 0.17000, 0.08000, 0.06000, 
n_site, n_tet, site_k, tet_k, Tet_Sphere, Compute_RPD, GPU2CPU, Non_Dup_RPCs
446, 138, 107, 39, 0.01000, 0.01000, 0.01000, 0.00000, 
n_site, n_tet, site_k, tet_k, Tet_Sphere, Compute_RPD, GPU2CPU, Non_Dup_RPCs
168, 70, 108, 13, 0.01000, 0.02000, 0.00000, 0.01000, 
n_site, n_tet, site_k, tet_k, Tet_Sphere, Compute_RPD, GPU2CPU, Non_Dup_RPCs
311, 96, 108, 39, 0.02000, 0.03000, 0.01000, 0.00000, 
n_site, n_tet, site_k, tet_k, Tet_Sphere, Compute_RPD, GPU2CPU, Non_Dup_RPCs
1794, 562, 108, 129, 0.23000, 0.20000, 0.08000, 0.06000, 
n_site, n_tet, site_k, tet_k, Tet_Sphere, Compute_RPD, GPU2CPU, Non_Dup_RPCs
249, 3328, 11, 32, 0.01000, 0.12000, 0.04000, 0.03000, 
n_site, n_tet, site_k, tet_k, Tet_Sphere, Compute_RPD, GPU2CPU, Non_Dup_RPCs
622, 3328, 39, 32, 0.02000, 0.12000, 0.04000, 0.04000, 
n_site, n_tet, site_k, tet_k, Tet_Sphere, Compute_RPD, GPU2CPU, Non_Dup_RPCs
643, 2226, 36, 18, 0.02000, 0.05000, 0.01000, 0.03000, 
n_site, n_tet, site_k, tet_k, Tet_Sphere, Compute_RPD, GPU2CPU, Non_Dup_RPCs
412, 885, 40, 19, 0.00000, 0.02000, 0.01000, 0.01000, 
n_site, n_tet, site_k, tet_k, Tet_Sphere, Compute_RPD, GPU2CPU, Non_Dup_RPCs
114, 404, 24, 17, 0.00000, 0.01000, 0.00000, 0.00000, 
n_site, n_tet, site_k, tet_k, Tet_Sphere, Compute_RPD, GPU2CPU, Non_Dup_RPCs
1111, 3313, 46, 39, 0.09000, 0.28000, 0.11000, 0.06000, 
n_site, n_tet, site_k, tet_k, Tet_Sphere, Compute_RPD, GPU2CPU, Non_Dup_RPCs
1304, 3190, 49, 40, 0.10000, 0.23000, 0.11000, 0.06000, 
n_site, n_tet, site_k, tet_k, Tet_Sphere, Compute_RPD, GPU2CPU, Non_Dup_RPCs
1380, 2264, 52, 36, 0.03000, 0.09000, 0.03000, 0.02000, 
n_site, n_tet, site_k, tet_k, Tet_Sphere, Compute_RPD, GPU2CPU, Non_Dup_RPCs
296, 160, 53, 15, 0.01000, 0.00000, 0.01000, 0.00000, 
n_site, n_tet, site_k, tet_k, Tet_Sphere, Compute_RPD, GPU2CPU, Non_Dup_RPCs
95, 195, 52, 6, 0.00000, 0.00000, 0.01000, 0.00000, 
n_site, n_tet, site_k, tet_k, Tet_Sphere, Compute_RPD, GPU2CPU, Non_Dup_RPCs
1403, 3328, 53, 48, 0.17000, 0.31000, 0.12000, 0.08000, 
n_site, n_tet, site_k, tet_k, Tet_Sphere, Compute_RPD, GPU2CPU, Non_Dup_RPCs
1403, 3328, 53, 48, 0.12000, 0.27000, 0.17000, 0.08000, 
n_site, n_tet, site_k, tet_k, Tet_Sphere, Compute_RPD, GPU2CPU, Non_Dup_RPCs
1403, 3328, 53, 48, 0.06000, 0.18000, 0.06000, 0.08000, 
n_site, n_tet, site_k, tet_k, Tet_Sphere, Compute_RPD, GPU2CPU, Non_Dup_RPCs
1403, 3328, 53, 48, 0.06000, 0.18000, 0.06000, 0.09000, 
n_site, n_tet, site_k, tet_k, Tet_Sphere, Compute_RPD, GPU2CPU, Non_Dup_RPCs
1403, 3328, 53, 48, 0.09000, 0.24000, 0.17000, 0.09000, 
n_site, n_tet, site_k, tet_k, Tet_Sphere, Compute_RPD, GPU2CPU, Non_Dup_RPCs
1403, 3328, 53, 47, 0.06000, 0.18000, 0.06000, 0.07000, 
n_site, n_tet, site_k, tet_k, Tet_Sphere, Compute_RPD, GPU2CPU, Non_Dup_RPCs
1403, 3328, 53, 48, 0.06000, 0.18000, 0.06000, 0.06000, 
n_site, n_tet, site_k, tet_k, Tet_Sphere, Compute_RPD, GPU2CPU, Non_Dup_RPCs
1403, 3328, 52, 47, 0.09000, 0.23000, 0.12000, 0.06000, 
n_site, n_tet, site_k, tet_k, Tet_Sphere, Compute_RPD, GPU2CPU, Non_Dup_RPCs
1403, 3328, 52, 46, 0.06000, 0.18000, 0.05000, 0.07000, 
n_site, n_tet, site_k, tet_k, Tet_Sphere, Compute_RPD, GPU2CPU, Non_Dup_RPCs
1403, 3328, 51, 45, 0.06000, 0.17000, 0.04000, 0.06000, 
n_site, n_tet, site_k, tet_k, Tet_Sphere, Compute_RPD, GPU2CPU, Non_Dup_RPCs
1403, 3328, 89, 46, 0.09000, 0.23000, 0.05000, 0.08000, 
n_site, n_tet, site_k, tet_k, Tet_Sphere, Compute_RPD, GPU2CPU, Non_Dup_RPCs
1403, 3328, 210, 48, 0.19000, 0.22000, 0.15000, 0.07000, 
n_site, n_tet, site_k, tet_k, Tet_Sphere, Compute_RPD, GPU2CPU, Non_Dup_RPCs
1403, 3328, 265, 48, 0.08000, 0.19000, 0.05000, 0.06000, 
n_site, n_tet, site_k, tet_k, Tet_Sphere, Compute_RPD, GPU2CPU, Non_Dup_RPCs
1403, 3328, 273, 48, 0.09000, 0.18000, 0.06000, 0.06000, 
n_site, n_tet, site_k, tet_k, Tet_Sphere, Compute_RPD, GPU2CPU, Non_Dup_RPCs
1403, 3328, 291, 47, 0.09000, 0.18000, 0.05000, 0.09000, 
n_site, n_tet, site_k, tet_k, Tet_Sphere, Compute_RPD, GPU2CPU, Non_Dup_RPCs
1403, 3328, 295, 47, 0.18000, 0.19000, 0.06000, 0.07000, 
n_site, n_tet, site_k, tet_k, Tet_Sphere, Compute_RPD, GPU2CPU, Non_Dup_RPCs
1403, 3328, 310, 45, 0.10000, 0.22000, 0.06000, 0.08000, 
n_site, n_tet, site_k, tet_k, Tet_Sphere, Compute_RPD, GPU2CPU, Non_Dup_RPCs
1403, 3328, 310, 45, 0.10000, 0.18000, 0.04000, 0.06000, 
n_site, n_tet, site_k, tet_k, Tet_Sphere, Compute_RPD, GPU2CPU, Non_Dup_RPCs
1403, 3328, 314, 45, 0.20000, 0.16000, 0.06000, 0.06000, 
n_site, n_tet, site_k, tet_k, Tet_Sphere, Compute_RPD, GPU2CPU, Non_Dup_RPCs
1403, 3328, 324, 44, 0.10000, 0.17000, 0.05000, 0.06000, 
n_site, n_tet, site_k, tet_k, Tet_Sphere, Compute_RPD, GPU2CPU, Non_Dup_RPCs
1403, 3328, 337, 45, 0.10000, 0.18000, 0.05000, 0.07000, 
n_site, n_tet, site_k, tet_k, Tet_Sphere, Compute_RPD, GPU2CPU, Non_Dup_RPCs
1403, 3328, 339, 45, 0.11000, 0.17000, 0.05000, 0.06000, 
n_site, n_tet, site_k, tet_k, Tet_Sphere, Compute_RPD, GPU2CPU, Non_Dup_RPCs
1403, 3328, 341, 45, 0.10000, 0.18000, 0.05000, 0.07000, 
n_site, n_tet, site_k, tet_k, Tet_Sphere, Compute_RPD, GPU2CPU, Non_Dup_RPCs
1403, 3328, 346, 45, 0.16000, 0.18000, 0.06000, 0.06000, 
n_site, n_tet, site_k, tet_k, Tet_Sphere, Compute_RPD, GPU2CPU, Non_Dup_RPCs
1403, 3328, 354, 46, 0.11000, 0.17000, 0.05000, 0.06000, 
n_site, n_tet, site_k, tet_k, Tet_Sphere, Compute_RPD, GPU2CPU, Non_Dup_RPCs
1403, 3328, 354, 46, 0.10000, 0.18000, 0.06000, 0.06000, 
n_site, n_tet, site_k, tet_k, Tet_Sphere, Compute_RPD, GPU2CPU, Non_Dup_RPCs
1875, 3328, 363, 59, 0.29000, 0.26000, 0.11000, 0.12000, 
n_site, n_tet, site_k, tet_k, Tet_Sphere, Compute_RPD, GPU2CPU, Non_Dup_RPCs
1944, 3328, 343, 59, 0.32000, 0.26000, 0.10000, 0.14000, 
n_site, n_tet, site_k, tet_k, Tet_Sphere, Compute_RPD, GPU2CPU, Non_Dup_RPCs
1944, 3328, 343, 59, 0.14000, 0.23000, 0.07000, 0.16000, 
n_site, n_tet, site_k, tet_k, Tet_Sphere, Compute_RPD, GPU2CPU, Non_Dup_RPCs
1944, 3328, 373, 58, 0.14000, 0.22000, 0.07000, 0.18000, 
n_site, n_tet, site_k, tet_k, Tet_Sphere, Compute_RPD, GPU2CPU, Non_Dup_RPCs
1907, 3328, 64, 58, 0.16000, 0.34000, 0.18000, 0.13000, 
n_site, n_tet, site_k, tet_k, Tet_Sphere, Compute_RPD, GPU2CPU, Non_Dup_RPCs
1935, 3328, 62, 56, 0.19000, 0.46000, 0.12000, 0.14000, 
n_site, n_tet, site_k, tet_k, Tet_Sphere, Compute_RPD, GPU2CPU, Non_Dup_RPCs
1011, 892, 57, 9, 0.01000, 0.02000, 0.01000, 0.00000, 
n_site, n_tet, site_k, tet_k, Tet_Sphere, Compute_RPD, GPU2CPU, Non_Dup_RPCs
94, 90, 26, 4, 0.00000, 0.01000, 0.00000, 0.00000, 
n_site, n_tet, site_k, tet_k, Tet_Sphere, Compute_RPD, GPU2CPU, Non_Dup_RPCs
1946, 3328, 59, 59, 0.29000, 0.32000, 0.06000, 0.11000, 
n_site, n_tet, site_k, tet_k, Tet_Sphere, Compute_RPD, GPU2CPU, Non_Dup_RPCs
1946, 3328, 59, 59, 0.15000, 0.33000, 0.18000, 0.12000, 
n_site, n_tet, site_k, tet_k, Tet_Sphere, Compute_RPD, GPU2CPU, Non_Dup_RPCs
1946, 3328, 59, 59, 0.20000, 0.36000, 0.16000, 0.13000, 
n_site, n_tet, site_k, tet_k, Tet_Sphere, Compute_RPD, GPU2CPU, Non_Dup_RPCs
1946, 3328, 59, 60, 0.18000, 0.35000, 0.17000, 0.12000, 
n_site, n_tet, site_k, tet_k, Tet_Sphere, Compute_RPD, GPU2CPU, Non_Dup_RPCs
1946, 3328, 59, 59, 0.18000, 0.33000, 0.17000, 0.12000, 
n_site, n_tet, site_k, tet_k, Tet_Sphere, Compute_RPD, GPU2CPU, Non_Dup_RPCs
1946, 3328, 59, 59, 0.18000, 0.36000, 0.18000, 0.13000, 
n_site, n_tet, site_k, tet_k, Tet_Sphere, Compute_RPD, GPU2CPU, Non_Dup_RPCs
1946, 3328, 60, 60, 0.18000, 0.34000, 0.17000, 0.13000, 
n_site, n_tet, site_k, tet_k, Tet_Sphere, Compute_RPD, GPU2CPU, Non_Dup_RPCs
1946, 3328, 60, 58, 0.22000, 0.30000, 0.14000, 0.12000, 
n_site, n_tet, site_k, tet_k, Tet_Sphere, Compute_RPD, GPU2CPU, Non_Dup_RPCs
1946, 3328, 60, 59, 0.19000, 0.30000, 0.17000, 0.15000, 
n_site, n_tet, site_k, tet_k, Tet_Sphere, Compute_RPD, GPU2CPU, Non_Dup_RPCs
1946, 3328, 60, 58, 0.19000, 0.39000, 0.18000, 0.12000, 
n_site, n_tet, site_k, tet_k, Tet_Sphere, Compute_RPD, GPU2CPU, Non_Dup_RPCs
1946, 3328, 73, 60, 0.21000, 0.36000, 0.16000, 0.12000, 
n_site, n_tet, site_k, tet_k, Tet_Sphere, Compute_RPD, GPU2CPU, Non_Dup_RPCs
1946, 3328, 162, 59, 0.24000, 0.31000, 0.16000, 0.12000, 
n_site, n_tet, site_k, tet_k, Tet_Sphere, Compute_RPD, GPU2CPU, Non_Dup_RPCs
1946, 3328, 207, 59, 0.27000, 0.24000, 0.11000, 0.12000, 
n_site, n_tet, site_k, tet_k, Tet_Sphere, Compute_RPD, GPU2CPU, Non_Dup_RPCs
1946, 3328, 252, 59, 0.23000, 0.24000, 0.11000, 0.12000, 
n_site, n_tet, site_k, tet_k, Tet_Sphere, Compute_RPD, GPU2CPU, Non_Dup_RPCs
1946, 3328, 275, 61, 0.31000, 0.26000, 0.11000, 0.12000, 
n_site, n_tet, site_k, tet_k, Tet_Sphere, Compute_RPD, GPU2CPU, Non_Dup_RPCs
1946, 3328, 272, 61, 0.32000, 0.25000, 0.11000, 0.12000, 
n_site, n_tet, site_k, tet_k, Tet_Sphere, Compute_RPD, GPU2CPU, Non_Dup_RPCs
1946, 3328, 274, 61, 0.32000, 0.26000, 0.11000, 0.12000, 
n_site, n_tet, site_k, tet_k, Tet_Sphere, Compute_RPD, GPU2CPU, Non_Dup_RPCs
1946, 3328, 283, 62, 0.32000, 0.25000, 0.12000, 0.12000, 
n_site, n_tet, site_k, tet_k, Tet_Sphere, Compute_RPD, GPU2CPU, Non_Dup_RPCs
1946, 3328, 283, 62, 0.34000, 0.25000, 0.11000, 0.12000, 
n_site, n_tet, site_k, tet_k, Tet_Sphere, Compute_RPD, GPU2CPU, Non_Dup_RPCs
1948, 3328, 283, 62, 0.35000, 0.25000, 0.11000, 0.12000, 
n_site, n_tet, site_k, tet_k, Tet_Sphere, Compute_RPD, GPU2CPU, Non_Dup_RPCs
1980, 3328, 285, 62, 0.34000, 0.29000, 0.11000, 0.13000, 
n_site, n_tet, site_k, tet_k, Tet_Sphere, Compute_RPD, GPU2CPU, Non_Dup_RPCs
1980, 3328, 285, 62, 0.15000, 0.30000, 0.08000, 0.12000, 
n_site, n_tet, site_k, tet_k, Tet_Sphere, Compute_RPD, GPU2CPU, Non_Dup_RPCs
1980, 3328, 290, 62, 0.29000, 0.26000, 0.11000, 0.12000, 
n_site, n_tet, site_k, tet_k, Tet_Sphere, Compute_RPD, GPU2CPU, Non_Dup_RPCs
1972, 3328, 59, 62, 0.16000, 0.32000, 0.14000, 0.12000, 
n_site, n_tet, site_k, tet_k, Tet_Sphere, Compute_RPD, GPU2CPU, Non_Dup_RPCs
1067, 1456, 58, 20, 0.04000, 0.08000, 0.02000, 0.02000, 
n_site, n_tet, site_k, tet_k, Tet_Sphere, Compute_RPD, GPU2CPU, Non_Dup_RPCs
505, 446, 59, 8, 0.01000, 0.01000, 0.01000, 0.00000, 
n_site, n_tet, site_k, tet_k, Tet_Sphere, Compute_RPD, GPU2CPU, Non_Dup_RPCs
142, 146, 31, 6, 0.00000, 0.02000, 0.00000, 0.00000, 
n_site, n_tet, site_k, tet_k, Tet_Sphere, Compute_RPD, GPU2CPU, Non_Dup_RPCs
1990, 3328, 61, 62, 0.30000, 0.33000, 0.08000, 0.19000, 
n_site, n_tet, site_k, tet_k, Tet_Sphere, Compute_RPD, GPU2CPU, Non_Dup_RPCs
1990, 3328, 61, 62, 0.17000, 0.35000, 0.19000, 0.14000, 
n_site, n_tet, site_k, tet_k, Tet_Sphere, Compute_RPD, GPU2CPU, Non_Dup_RPCs
1990, 3328, 61, 62, 0.19000, 0.32000, 0.17000, 0.12000, 
n_site, n_tet, site_k, tet_k, Tet_Sphere, Compute_RPD, GPU2CPU, Non_Dup_RPCs
1990, 3328, 61, 61, 0.19000, 0.31000, 0.16000, 0.12000, 
n_site, n_tet, site_k, tet_k, Tet_Sphere, Compute_RPD, GPU2CPU, Non_Dup_RPCs
1990, 3328, 61, 62, 0.21000, 0.25000, 0.11000, 0.11000, 
n_site, n_tet, site_k, tet_k, Tet_Sphere, Compute_RPD, GPU2CPU, Non_Dup_RPCs
1990, 3328, 61, 62, 0.17000, 0.34000, 0.17000, 0.13000, 
n_site, n_tet, site_k, tet_k, Tet_Sphere, Compute_RPD, GPU2CPU, Non_Dup_RPCs
1990, 3328, 61, 61, 0.19000, 0.32000, 0.17000, 0.13000, 
n_site, n_tet, site_k, tet_k, Tet_Sphere, Compute_RPD, GPU2CPU, Non_Dup_RPCs
1990, 3328, 61, 61, 0.18000, 0.32000, 0.15000, 0.12000, 
n_site, n_tet, site_k, tet_k, Tet_Sphere, Compute_RPD, GPU2CPU, Non_Dup_RPCs
1990, 3328, 61, 61, 0.22000, 0.34000, 0.12000, 0.12000, 
n_site, n_tet, site_k, tet_k, Tet_Sphere, Compute_RPD, GPU2CPU, Non_Dup_RPCs
1990, 3328, 61, 61, 0.24000, 0.42000, 0.14000, 0.13000, 
n_site, n_tet, site_k, tet_k, Tet_Sphere, Compute_RPD, GPU2CPU, Non_Dup_RPCs
1990, 3328, 61, 61, 0.20000, 0.35000, 0.20000, 0.12000, 
n_site, n_tet, site_k, tet_k, Tet_Sphere, Compute_RPD, GPU2CPU, Non_Dup_RPCs
1990, 3328, 61, 60, 0.19000, 0.32000, 0.16000, 0.13000, 
n_site, n_tet, site_k, tet_k, Tet_Sphere, Compute_RPD, GPU2CPU, Non_Dup_RPCs
1990, 3328, 61, 60, 0.19000, 0.32000, 0.16000, 0.12000, 
n_site, n_tet, site_k, tet_k, Tet_Sphere, Compute_RPD, GPU2CPU, Non_Dup_RPCs
1991, 3328, 61, 60, 0.19000, 0.31000, 0.12000, 0.13000, 
n_site, n_tet, site_k, tet_k, Tet_Sphere, Compute_RPD, GPU2CPU, Non_Dup_RPCs
2004, 3328, 61, 60, 0.21000, 0.23000, 0.09000, 0.13000, 
n_site, n_tet, site_k, tet_k, Tet_Sphere, Compute_RPD, GPU2CPU, Non_Dup_RPCs
2004, 3328, 61, 60, 0.09000, 0.31000, 0.07000, 0.12000, 
n_site, n_tet, site_k, tet_k, Tet_Sphere, Compute_RPD, GPU2CPU, Non_Dup_RPCs
2004, 3328, 60, 60, 0.10000, 0.25000, 0.07000, 0.12000, 
n_site, n_tet, site_k, tet_k, Tet_Sphere, Compute_RPD, GPU2CPU, Non_Dup_RPCs
2001, 3328, 60, 60, 0.22000, 0.39000, 0.15000, 0.11000, 
n_site, n_tet, site_k, tet_k, Tet_Sphere, Compute_RPD, GPU2CPU, Non_Dup_RPCs
1143, 1204, 58, 11, 0.04000, 0.05000, 0.03000, 0.00000, 
n_site, n_tet, site_k, tet_k, Tet_Sphere, Compute_RPD, GPU2CPU, Non_Dup_RPCs
2010, 3328, 60, 60, 0.28000, 0.30000, 0.07000, 0.18000, 
n_site, n_tet, site_k, tet_k, Tet_Sphere, Compute_RPD, GPU2CPU, Non_Dup_RPCs
681, 6903, 51, 43, 0.05000, 0.44000, 0.11000, 0.22000, 
n_site, n_tet, site_k, tet_k, Tet_Sphere, Compute_RPD, GPU2CPU, Non_Dup_RPCs
494, 1725, 48, 13, 0.01000, 0.03000, 0.01000, 0.01000, 
n_site, n_tet, site_k, tet_k, Tet_Sphere, Compute_RPD, GPU2CPU, Non_Dup_RPCs
945, 6531, 58, 55, 0.08000, 0.53000, 0.13000, 0.14000, 
n_site, n_tet, site_k, tet_k, Tet_Sphere, Compute_RPD, GPU2CPU, Non_Dup_RPCs
943, 3945, 57, 31, 0.04000, 0.13000, 0.04000, 0.02000, 
n_site, n_tet, site_k, tet_k, Tet_Sphere, Compute_RPD, GPU2CPU, Non_Dup_RPCs
764, 1305, 43, 19, 0.02000, 0.03000, 0.01000, 0.01000, 
n_site, n_tet, site_k, tet_k, Tet_Sphere, Compute_RPD, GPU2CPU, Non_Dup_RPCs
345, 518, 39, 11, 0.01000, 0.01000, 0.01000, 0.00000, 
n_site, n_tet, site_k, tet_k, Tet_Sphere, Compute_RPD, GPU2CPU, Non_Dup_RPCs
875, 6740, 46, 28, 0.10000, 0.44000, 0.10000, 0.15000, 
n_site, n_tet, site_k, tet_k, Tet_Sphere, Compute_RPD, GPU2CPU, Non_Dup_RPCs
497, 877, 43, 19, 0.02000, 0.06000, 0.02000, 0.00000, 
n_site, n_tet, site_k, tet_k, Tet_Sphere, Compute_RPD, GPU2CPU, Non_Dup_RPCs
432, 890, 40, 15, 0.02000, 0.04000, 0.02000, 0.01000, 
n_site, n_tet, site_k, tet_k, Tet_Sphere, Compute_RPD, GPU2CPU, Non_Dup_RPCs
65, 133, 30, 6, 0.00000, 0.01000, 0.00000, 0.00000, 
n_site, n_tet, site_k, tet_k, Tet_Sphere, Compute_RPD, GPU2CPU, Non_Dup_RPCs
144, 2016, 49, 11, 0.01000, 0.10000, 0.05000, 0.01000, 
n_site, n_tet, site_k, tet_k, Tet_Sphere, Compute_RPD, GPU2CPU, Non_Dup_RPCs
56, 81, 25, 9, 0.01000, 0.01000, 0.00000, 0.00000, 
n_site, n_tet, site_k, tet_k, Tet_Sphere, Compute_RPD, GPU2CPU, Non_Dup_RPCs
975, 6903, 50, 59, 0.20000, 0.71000, 0.14000, 0.15000, 
n_site, n_tet, site_k, tet_k, Tet_Sphere, Compute_RPD, GPU2CPU, Non_Dup_RPCs
975, 6903, 46, 59, 0.11000, 0.74000, 0.21000, 0.14000, 
n_site, n_tet, site_k, tet_k, Tet_Sphere, Compute_RPD, GPU2CPU, Non_Dup_RPCs
975, 6903, 45, 59, 0.05000, 0.64000, 0.17000, 0.13000, 
n_site, n_tet, site_k, tet_k, Tet_Sphere, Compute_RPD, GPU2CPU, Non_Dup_RPCs
975, 6903, 45, 59, 0.08000, 0.63000, 0.14000, 0.14000, 
n_site, n_tet, site_k, tet_k, Tet_Sphere, Compute_RPD, GPU2CPU, Non_Dup_RPCs
975, 6903, 46, 58, 0.07000, 0.63000, 0.14000, 0.14000, 
n_site, n_tet, site_k, tet_k, Tet_Sphere, Compute_RPD, GPU2CPU, Non_Dup_RPCs
975, 6903, 46, 58, 0.07000, 0.64000, 0.18000, 0.14000, 
n_site, n_tet, site_k, tet_k, Tet_Sphere, Compute_RPD, GPU2CPU, Non_Dup_RPCs
975, 6903, 46, 58, 0.06000, 0.49000, 0.18000, 0.14000, 
n_site, n_tet, site_k, tet_k, Tet_Sphere, Compute_RPD, GPU2CPU, Non_Dup_RPCs
975, 6903, 47, 57, 0.08000, 0.53000, 0.15000, 0.13000, 
n_site, n_tet, site_k, tet_k, Tet_Sphere, Compute_RPD, GPU2CPU, Non_Dup_RPCs
975, 6903, 47, 57, 0.06000, 0.51000, 0.13000, 0.16000, 
n_site, n_tet, site_k, tet_k, Tet_Sphere, Compute_RPD, GPU2CPU, Non_Dup_RPCs
975, 6903, 47, 57, 0.07000, 0.66000, 0.13000, 0.14000, 
n_site, n_tet, site_k, tet_k, Tet_Sphere, Compute_RPD, GPU2CPU, Non_Dup_RPCs
975, 6903, 47, 57, 0.06000, 0.51000, 0.13000, 0.14000, 
n_site, n_tet, site_k, tet_k, Tet_Sphere, Compute_RPD, GPU2CPU, Non_Dup_RPCs
975, 6903, 46, 54, 0.06000, 0.46000, 0.13000, 0.12000, 
n_site, n_tet, site_k, tet_k, Tet_Sphere, Compute_RPD, GPU2CPU, Non_Dup_RPCs
975, 6903, 46, 55, 0.07000, 0.48000, 0.13000, 0.13000, 
n_site, n_tet, site_k, tet_k, Tet_Sphere, Compute_RPD, GPU2CPU, Non_Dup_RPCs
975, 6903, 46, 56, 0.06000, 0.48000, 0.13000, 0.14000, 
n_site, n_tet, site_k, tet_k, Tet_Sphere, Compute_RPD, GPU2CPU, Non_Dup_RPCs
975, 6903, 46, 55, 0.05000, 0.50000, 0.14000, 0.13000, 
n_site, n_tet, site_k, tet_k, Tet_Sphere, Compute_RPD, GPU2CPU, Non_Dup_RPCs
975, 6903, 47, 55, 0.08000, 0.39000, 0.13000, 0.10000, 
n_site, n_tet, site_k, tet_k, Tet_Sphere, Compute_RPD, GPU2CPU, Non_Dup_RPCs
975, 6903, 47, 52, 0.07000, 0.37000, 0.13000, 0.10000, 
n_site, n_tet, site_k, tet_k, Tet_Sphere, Compute_RPD, GPU2CPU, Non_Dup_RPCs
975, 6903, 47, 52, 0.07000, 0.37000, 0.11000, 0.12000, 
n_site, n_tet, site_k, tet_k, Tet_Sphere, Compute_RPD, GPU2CPU, Non_Dup_RPCs
975, 6903, 47, 52, 0.07000, 0.62000, 0.13000, 0.18000, 
n_site, n_tet, site_k, tet_k, Tet_Sphere, Compute_RPD, GPU2CPU, Non_Dup_RPCs
975, 6903, 48, 51, 0.06000, 0.47000, 0.11000, 0.20000, 
n_site, n_tet, site_k, tet_k, Tet_Sphere, Compute_RPD, GPU2CPU, Non_Dup_RPCs
975, 6903, 50, 52, 0.06000, 0.45000, 0.16000, 0.15000, 
n_site, n_tet, site_k, tet_k, Tet_Sphere, Compute_RPD, GPU2CPU, Non_Dup_RPCs
975, 6903, 50, 52, 0.06000, 0.36000, 0.13000, 0.10000, 
n_site, n_tet, site_k, tet_k, Tet_Sphere, Compute_RPD, GPU2CPU, Non_Dup_RPCs
975, 6903, 50, 52, 0.07000, 0.36000, 0.14000, 0.11000, 
n_site, n_tet, site_k, tet_k, Tet_Sphere, Compute_RPD, GPU2CPU, Non_Dup_RPCs
975, 6903, 51, 52, 0.06000, 0.37000, 0.13000, 0.12000, 
n_site, n_tet, site_k, tet_k, Tet_Sphere, Compute_RPD, GPU2CPU, Non_Dup_RPCs
975, 6903, 51, 52, 0.07000, 0.67000, 0.16000, 0.13000, 
n_site, n_tet, site_k, tet_k, Tet_Sphere, Compute_RPD, GPU2CPU, Non_Dup_RPCs
975, 6903, 50, 52, 0.07000, 0.45000, 0.12000, 0.15000, 
n_site, n_tet, site_k, tet_k, Tet_Sphere, Compute_RPD, GPU2CPU, Non_Dup_RPCs
975, 6903, 50, 52, 0.06000, 0.47000, 0.12000, 0.10000, 
n_site, n_tet, site_k, tet_k, Tet_Sphere, Compute_RPD, GPU2CPU, Non_Dup_RPCs
1143, 6903, 50, 68, 0.16000, 0.96000, 0.25000, 0.16000, 
n_site, n_tet, site_k, tet_k, Tet_Sphere, Compute_RPD, GPU2CPU, Non_Dup_RPCs
1281, 6903, 47, 85, 0.18000, 1.19000, 0.31000, 0.16000, 
n_site, n_tet, site_k, tet_k, Tet_Sphere, Compute_RPD, GPU2CPU, Non_Dup_RPCs
1281, 6903, 47, 85, 0.09000, 1.07000, 0.32000, 0.15000, 
n_site, n_tet, site_k, tet_k, Tet_Sphere, Compute_RPD, GPU2CPU, Non_Dup_RPCs
1281, 6903, 69, 87, 0.08000, 0.84000, 0.20000, 0.15000, 
n_site, n_tet, site_k, tet_k, Tet_Sphere, Compute_RPD, GPU2CPU, Non_Dup_RPCs
1243, 6903, 67, 85, 0.14000, 0.97000, 0.19000, 0.15000, 
n_site, n_tet, site_k, tet_k, Tet_Sphere, Compute_RPD, GPU2CPU, Non_Dup_RPCs
1232, 6411, 62, 86, 0.13000, 1.02000, 0.19000, 0.16000, 
n_site, n_tet, site_k, tet_k, Tet_Sphere, Compute_RPD, GPU2CPU, Non_Dup_RPCs
259, 620, 57, 18, 0.01000, 0.00000, 0.00000, 0.01000, 
n_site, n_tet, site_k, tet_k, Tet_Sphere, Compute_RPD, GPU2CPU, Non_Dup_RPCs
279, 920, 58, 19, 0.01000, 0.04000, 0.02000, 0.01000, 
n_site, n_tet, site_k, tet_k, Tet_Sphere, Compute_RPD, GPU2CPU, Non_Dup_RPCs
1272, 6903, 61, 87, 0.27000, 1.28000, 0.33000, 0.18000, 
n_site, n_tet, site_k, tet_k, Tet_Sphere, Compute_RPD, GPU2CPU, Non_Dup_RPCs
1272, 6903, 61, 87, 0.23000, 0.99000, 0.39000, 0.22000, 
n_site, n_tet, site_k, tet_k, Tet_Sphere, Compute_RPD, GPU2CPU, Non_Dup_RPCs
1272, 6903, 61, 87, 0.18000, 1.15000, 0.21000, 0.15000, 
n_site, n_tet, site_k, tet_k, Tet_Sphere, Compute_RPD, GPU2CPU, Non_Dup_RPCs
1272, 6903, 61, 87, 0.14000, 0.94000, 0.20000, 0.16000, 
n_site, n_tet, site_k, tet_k, Tet_Sphere, Compute_RPD, GPU2CPU, Non_Dup_RPCs
1272, 6903, 61, 86, 0.15000, 0.98000, 0.20000, 0.16000, 
n_site, n_tet, site_k, tet_k, Tet_Sphere, Compute_RPD, GPU2CPU, Non_Dup_RPCs
1272, 6903, 61, 84, 0.16000, 0.93000, 0.19000, 0.16000, 
n_site, n_tet, site_k, tet_k, Tet_Sphere, Compute_RPD, GPU2CPU, Non_Dup_RPCs
1272, 6903, 61, 86, 0.14000, 0.99000, 0.33000, 0.15000, 
n_site, n_tet, site_k, tet_k, Tet_Sphere, Compute_RPD, GPU2CPU, Non_Dup_RPCs
1272, 6903, 61, 85, 0.17000, 0.97000, 0.33000, 0.17000, 
n_site, n_tet, site_k, tet_k, Tet_Sphere, Compute_RPD, GPU2CPU, Non_Dup_RPCs
1272, 6903, 61, 85, 0.15000, 1.02000, 0.36000, 0.20000, 
n_site, n_tet, site_k, tet_k, Tet_Sphere, Compute_RPD, GPU2CPU, Non_Dup_RPCs
1272, 6903, 61, 82, 0.18000, 1.05000, 0.30000, 0.16000, 
n_site, n_tet, site_k, tet_k, Tet_Sphere, Compute_RPD, GPU2CPU, Non_Dup_RPCs
1272, 6903, 61, 82, 0.15000, 0.96000, 0.18000, 0.15000, 
n_site, n_tet, site_k, tet_k, Tet_Sphere, Compute_RPD, GPU2CPU, Non_Dup_RPCs
1272, 6903, 61, 82, 0.16000, 0.85000, 0.19000, 0.15000, 
n_site, n_tet, site_k, tet_k, Tet_Sphere, Compute_RPD, GPU2CPU, Non_Dup_RPCs
1272, 6903, 61, 84, 0.14000, 0.99000, 0.31000, 0.16000, 
n_site, n_tet, site_k, tet_k, Tet_Sphere, Compute_RPD, GPU2CPU, Non_Dup_RPCs
1272, 6903, 61, 86, 0.17000, 0.93000, 0.32000, 0.16000, 
n_site, n_tet, site_k, tet_k, Tet_Sphere, Compute_RPD, GPU2CPU, Non_Dup_RPCs
1272, 6903, 61, 86, 0.14000, 0.99000, 0.33000, 0.15000, 
n_site, n_tet, site_k, tet_k, Tet_Sphere, Compute_RPD, GPU2CPU, Non_Dup_RPCs
1272, 6903, 61, 86, 0.17000, 0.97000, 0.32000, 0.15000, 
n_site, n_tet, site_k, tet_k, Tet_Sphere, Compute_RPD, GPU2CPU, Non_Dup_RPCs
1272, 6903, 61, 86, 0.16000, 1.03000, 0.32000, 0.16000, 
n_site, n_tet, site_k, tet_k, Tet_Sphere, Compute_RPD, GPU2CPU, Non_Dup_RPCs
1272, 6903, 60, 86, 0.18000, 0.92000, 0.33000, 0.19000, 
n_site, n_tet, site_k, tet_k, Tet_Sphere, Compute_RPD, GPU2CPU, Non_Dup_RPCs
1272, 6903, 60, 85, 0.17000, 1.04000, 0.21000, 0.14000, 
n_site, n_tet, site_k, tet_k, Tet_Sphere, Compute_RPD, GPU2CPU, Non_Dup_RPCs
1272, 6903, 60, 85, 0.15000, 0.92000, 0.20000, 0.15000, 
n_site, n_tet, site_k, tet_k, Tet_Sphere, Compute_RPD, GPU2CPU, Non_Dup_RPCs
1292, 6903, 60, 85, 0.18000, 0.96000, 0.20000, 0.16000, 
n_site, n_tet, site_k, tet_k, Tet_Sphere, Compute_RPD, GPU2CPU, Non_Dup_RPCs
1372, 6903, 60, 92, 0.19000, 1.17000, 0.35000, 0.17000, 
n_site, n_tet, site_k, tet_k, Tet_Sphere, Compute_RPD, GPU2CPU, Non_Dup_RPCs
1372, 6903, 60, 92, 0.17000, 1.02000, 0.22000, 0.16000, 
n_site, n_tet, site_k, tet_k, Tet_Sphere, Compute_RPD, GPU2CPU, Non_Dup_RPCs
1372, 6903, 64, 92, 0.16000, 1.05000, 0.24000, 0.16000, 
n_site, n_tet, site_k, tet_k, Tet_Sphere, Compute_RPD, GPU2CPU, Non_Dup_RPCs
1351, 6903, 61, 89, 0.18000, 0.96000, 0.22000, 0.16000, 
n_site, n_tet, site_k, tet_k, Tet_Sphere, Compute_RPD, GPU2CPU, Non_Dup_RPCs
1283, 6237, 61, 50, 0.14000, 0.52000, 0.10000, 0.11000, 
n_site, n_tet, site_k, tet_k, Tet_Sphere, Compute_RPD, GPU2CPU, Non_Dup_RPCs
314, 2558, 52, 9, 0.01000, 0.03000, 0.01000, 0.01000, 
n_site, n_tet, site_k, tet_k, Tet_Sphere, Compute_RPD, GPU2CPU, Non_Dup_RPCs
73, 35, 22, 9, 0.00000, 0.01000, 0.00000, 0.00000, 
n_site, n_tet, site_k, tet_k, Tet_Sphere, Compute_RPD, GPU2CPU, Non_Dup_RPCs
1378, 6903, 61, 89, 0.28000, 1.00000, 0.28000, 0.20000, 
n_site, n_tet, site_k, tet_k, Tet_Sphere, Compute_RPD, GPU2CPU, Non_Dup_RPCs
1378, 6903, 61, 89, 0.21000, 1.18000, 0.38000, 0.18000, 
n_site, n_tet, site_k, tet_k, Tet_Sphere, Compute_RPD, GPU2CPU, Non_Dup_RPCs
1378, 6903, 61, 89, 0.23000, 1.20000, 0.34000, 0.16000, 
n_site, n_tet, site_k, tet_k, Tet_Sphere, Compute_RPD, GPU2CPU, Non_Dup_RPCs
1378, 6903, 61, 89, 0.18000, 1.00000, 0.22000, 0.16000, 
n_site, n_tet, site_k, tet_k, Tet_Sphere, Compute_RPD, GPU2CPU, Non_Dup_RPCs
1378, 6903, 61, 89, 0.18000, 1.00000, 0.20000, 0.15000, 
n_site, n_tet, site_k, tet_k, Tet_Sphere, Compute_RPD, GPU2CPU, Non_Dup_RPCs
1378, 6903, 61, 89, 0.19000, 1.00000, 0.21000, 0.16000, 
n_site, n_tet, site_k, tet_k, Tet_Sphere, Compute_RPD, GPU2CPU, Non_Dup_RPCs
1378, 6903, 61, 89, 0.19000, 0.98000, 0.21000, 0.16000, 
n_site, n_tet, site_k, tet_k, Tet_Sphere, Compute_RPD, GPU2CPU, Non_Dup_RPCs
1378, 6903, 61, 89, 0.19000, 0.99000, 0.23000, 0.19000, 
n_site, n_tet, site_k, tet_k, Tet_Sphere, Compute_RPD, GPU2CPU, Non_Dup_RPCs
1378, 6903, 61, 89, 0.20000, 1.14000, 0.22000, 0.15000, 
n_site, n_tet, site_k, tet_k, Tet_Sphere, Compute_RPD, GPU2CPU, Non_Dup_RPCs
1378, 6903, 61, 89, 0.20000, 1.02000, 0.33000, 0.17000, 
n_site, n_tet, site_k, tet_k, Tet_Sphere, Compute_RPD, GPU2CPU, Non_Dup_RPCs
1378, 6903, 61, 89, 0.19000, 1.03000, 0.34000, 0.16000, 
n_site, n_tet, site_k, tet_k, Tet_Sphere, Compute_RPD, GPU2CPU, Non_Dup_RPCs
1378, 6903, 61, 89, 0.20000, 0.97000, 0.34000, 0.16000, 
n_site, n_tet, site_k, tet_k, Tet_Sphere, Compute_RPD, GPU2CPU, Non_Dup_RPCs
1378, 6903, 61, 89, 0.20000, 0.96000, 0.22000, 0.16000, 
n_site, n_tet, site_k, tet_k, Tet_Sphere, Compute_RPD, GPU2CPU, Non_Dup_RPCs
1378, 6903, 61, 89, 0.17000, 0.93000, 0.35000, 0.16000, 
n_site, n_tet, site_k, tet_k, Tet_Sphere, Compute_RPD, GPU2CPU, Non_Dup_RPCs
1378, 6903, 61, 89, 0.18000, 1.00000, 0.21000, 0.16000, 
n_site, n_tet, site_k, tet_k, Tet_Sphere, Compute_RPD, GPU2CPU, Non_Dup_RPCs
1378, 6903, 61, 89, 0.20000, 0.94000, 0.21000, 0.14000, 
n_site, n_tet, site_k, tet_k, Tet_Sphere, Compute_RPD, GPU2CPU, Non_Dup_RPCs
1378, 6903, 61, 89, 0.19000, 0.96000, 0.30000, 0.20000, 
n_site, n_tet, site_k, tet_k, Tet_Sphere, Compute_RPD, GPU2CPU, Non_Dup_RPCs
1378, 6903, 61, 89, 0.20000, 1.14000, 0.33000, 0.15000, 
n_site, n_tet, site_k, tet_k, Tet_Sphere, Compute_RPD, GPU2CPU, Non_Dup_RPCs
1378, 6903, 61, 89, 0.20000, 1.10000, 0.35000, 0.16000, 
n_site, n_tet, site_k, tet_k, Tet_Sphere, Compute_RPD, GPU2CPU, Non_Dup_RPCs
1378, 6903, 61, 89, 0.19000, 0.98000, 0.20000, 0.16000, 
n_site, n_tet, site_k, tet_k, Tet_Sphere, Compute_RPD, GPU2CPU, Non_Dup_RPCs
1378, 6903, 61, 89, 0.18000, 0.97000, 0.33000, 0.16000, 
n_site, n_tet, site_k, tet_k, Tet_Sphere, Compute_RPD, GPU2CPU, Non_Dup_RPCs
1378, 6903, 61, 89, 0.19000, 0.97000, 0.20000, 0.16000, 
n_site, n_tet, site_k, tet_k, Tet_Sphere, Compute_RPD, GPU2CPU, Non_Dup_RPCs
1378, 6903, 61, 89, 0.18000, 0.94000, 0.33000, 0.16000, 
n_site, n_tet, site_k, tet_k, Tet_Sphere, Compute_RPD, GPU2CPU, Non_Dup_RPCs
1378, 6903, 61, 89, 0.17000, 0.95000, 0.28000, 0.18000, 
n_site, n_tet, site_k, tet_k, Tet_Sphere, Compute_RPD, GPU2CPU, Non_Dup_RPCs
1378, 6903, 61, 89, 0.18000, 1.00000, 0.21000, 0.15000, 
n_site, n_tet, site_k, tet_k, Tet_Sphere, Compute_RPD, GPU2CPU, Non_Dup_RPCs
1378, 6903, 61, 89, 0.20000, 1.04000, 0.27000, 0.20000, 
n_site, n_tet, site_k, tet_k, Tet_Sphere, Compute_RPD, GPU2CPU, Non_Dup_RPCs
1378, 6903, 61, 89, 0.18000, 1.00000, 0.21000, 0.14000, 
n_site, n_tet, site_k, tet_k, Tet_Sphere, Compute_RPD, GPU2CPU, Non_Dup_RPCs
1378, 6903, 61, 89, 0.18000, 0.95000, 0.20000, 0.16000, 
n_site, n_tet, site_k, tet_k, Tet_Sphere, Compute_RPD, GPU2CPU, Non_Dup_RPCs
1378, 6903, 61, 89, 0.18000, 0.98000, 0.35000, 0.15000, 
n_site, n_tet, site_k, tet_k, Tet_Sphere, Compute_RPD, GPU2CPU, Non_Dup_RPCs
1378, 6903, 61, 89, 0.20000, 1.12000, 0.45000, 0.24000, 
n_site, n_tet, site_k, tet_k, Tet_Sphere, Compute_RPD, GPU2CPU, Non_Dup_RPCs
1378, 6903, 61, 89, 0.24000, 1.14000, 0.34000, 0.18000, 
n_site, n_tet, site_k, tet_k, Tet_Sphere, Compute_RPD, GPU2CPU, Non_Dup_RPCs
1416, 6903, 72, 90, 0.24000, 1.06000, 0.27000, 0.18000, 
n_site, n_tet, site_k, tet_k, Tet_Sphere, Compute_RPD, GPU2CPU, Non_Dup_RPCs
1471, 6903, 64, 95, 0.28000, 1.08000, 0.35000, 0.19000, 
n_site, n_tet, site_k, tet_k, Tet_Sphere, Compute_RPD, GPU2CPU, Non_Dup_RPCs
1471, 6903, 64, 95, 0.20000, 1.17000, 0.41000, 0.20000, 
n_site, n_tet, site_k, tet_k, Tet_Sphere, Compute_RPD, GPU2CPU, Non_Dup_RPCs
1471, 6903, 65, 93, 0.20000, 1.17000, 0.22000, 0.15000, 
n_site, n_tet, site_k, tet_k, Tet_Sphere, Compute_RPD, GPU2CPU, Non_Dup_RPCs
1426, 6903, 65, 91, 0.19000, 0.97000, 0.34000, 0.16000, 
n_site, n_tet, site_k, tet_k, Tet_Sphere, Compute_RPD, GPU2CPU, Non_Dup_RPCs
1075, 5460, 66, 36, 0.10000, 0.38000, 0.07000, 0.11000, 
n_site, n_tet, site_k, tet_k, Tet_Sphere, Compute_RPD, GPU2CPU, Non_Dup_RPCs
159, 1262, 62, 6, 0.00000, 0.01000, 0.00000, 0.01000, 
n_site, n_tet, site_k, tet_k, Tet_Sphere, Compute_RPD, GPU2CPU, Non_Dup_RPCs
588, 3122, 125, 36, 0.08000, 0.33000, 0.15000, 0.04000, 
n_site, n_tet, site_k, tet_k, Tet_Sphere, Compute_RPD, GPU2CPU, Non_Dup_RPCs
129, 371, 65, 16, 0.01000, 0.00000, 0.01000, 0.00000, 
n_site, n_tet, site_k, tet_k, Tet_Sphere, Compute_RPD, GPU2CPU, Non_Dup_RPCs
1297, 6903, 121, 90, 0.29000, 1.05000, 0.20000, 0.16000, 
n_site, n_tet, site_k, tet_k, Tet_Sphere, Compute_RPD, GPU2CPU, Non_Dup_RPCs
486, 3341, 119, 24, 0.03000, 0.19000, 0.09000, 0.01000, 
n_site, n_tet, site_k, tet_k, Tet_Sphere, Compute_RPD, GPU2CPU, Non_Dup_RPCs
807, 3678, 49, 45, 0.04000, 0.22000, 0.06000, 0.11000, 
n_site, n_tet, site_k, tet_k, Tet_Sphere, Compute_RPD, GPU2CPU, Non_Dup_RPCs
576, 918, 49, 11, 0.00000, 0.02000, 0.00000, 0.00000, 
n_site, n_tet, site_k, tet_k, Tet_Sphere, Compute_RPD, GPU2CPU, Non_Dup_RPCs
1143, 3451, 37, 50, 0.05000, 0.22000, 0.05000, 0.08000, 
n_site, n_tet, site_k, tet_k, Tet_Sphere, Compute_RPD, GPU2CPU, Non_Dup_RPCs
1047, 1727, 34, 36, 0.02000, 0.07000, 0.02000, 0.01000, 
n_site, n_tet, site_k, tet_k, Tet_Sphere, Compute_RPD, GPU2CPU, Non_Dup_RPCs
733, 751, 33, 18, 0.02000, 0.02000, 0.02000, 0.00000, 
n_site, n_tet, site_k, tet_k, Tet_Sphere, Compute_RPD, GPU2CPU, Non_Dup_RPCs
176, 167, 27, 7, 0.01000, 0.00000, 0.01000, 0.00000, 
n_site, n_tet, site_k, tet_k, Tet_Sphere, Compute_RPD, GPU2CPU, Non_Dup_RPCs
783, 1883, 38, 21, 0.05000, 0.16000, 0.09000, 0.03000, 
n_site, n_tet, site_k, tet_k, Tet_Sphere, Compute_RPD, GPU2CPU, Non_Dup_RPCs
436, 746, 39, 13, 0.02000, 0.03000, 0.02000, 0.00000, 
n_site, n_tet, site_k, tet_k, Tet_Sphere, Compute_RPD, GPU2CPU, Non_Dup_RPCs
225, 173, 38, 10, 0.01000, 0.01000, 0.00000, 0.00000, 
n_site, n_tet, site_k, tet_k, Tet_Sphere, Compute_RPD, GPU2CPU, Non_Dup_RPCs
1284, 3678, 40, 54, 0.21000, 0.48000, 0.07000, 0.12000, 
n_site, n_tet, site_k, tet_k, Tet_Sphere, Compute_RPD, GPU2CPU, Non_Dup_RPCs
1284, 3678, 47, 54, 0.13000, 0.37000, 0.12000, 0.11000, 
n_site, n_tet, site_k, tet_k, Tet_Sphere, Compute_RPD, GPU2CPU, Non_Dup_RPCs
1284, 3678, 47, 54, 0.05000, 0.28000, 0.12000, 0.11000, 
n_site, n_tet, site_k, tet_k, Tet_Sphere, Compute_RPD, GPU2CPU, Non_Dup_RPCs
1284, 3678, 47, 54, 0.05000, 0.27000, 0.07000, 0.10000, 
n_site, n_tet, site_k, tet_k, Tet_Sphere, Compute_RPD, GPU2CPU, Non_Dup_RPCs
1284, 3678, 47, 54, 0.07000, 0.28000, 0.16000, 0.10000, 
n_site, n_tet, site_k, tet_k, Tet_Sphere, Compute_RPD, GPU2CPU, Non_Dup_RPCs
1284, 3678, 47, 54, 0.05000, 0.28000, 0.07000, 0.11000, 
n_site, n_tet, site_k, tet_k, Tet_Sphere, Compute_RPD, GPU2CPU, Non_Dup_RPCs
1284, 3678, 47, 54, 0.07000, 0.30000, 0.16000, 0.12000, 
n_site, n_tet, site_k, tet_k, Tet_Sphere, Compute_RPD, GPU2CPU, Non_Dup_RPCs
1284, 3678, 46, 51, 0.05000, 0.27000, 0.06000, 0.10000, 
n_site, n_tet, site_k, tet_k, Tet_Sphere, Compute_RPD, GPU2CPU, Non_Dup_RPCs
1284, 3678, 113, 51, 0.08000, 0.28000, 0.18000, 0.11000, 
n_site, n_tet, site_k, tet_k, Tet_Sphere, Compute_RPD, GPU2CPU, Non_Dup_RPCs
1284, 3678, 118, 52, 0.05000, 0.26000, 0.07000, 0.10000, 
n_site, n_tet, site_k, tet_k, Tet_Sphere, Compute_RPD, GPU2CPU, Non_Dup_RPCs
1284, 3678, 132, 51, 0.06000, 0.26000, 0.07000, 0.11000, 
n_site, n_tet, site_k, tet_k, Tet_Sphere, Compute_RPD, GPU2CPU, Non_Dup_RPCs
1284, 3678, 142, 50, 0.06000, 0.26000, 0.07000, 0.10000, 
n_site, n_tet, site_k, tet_k, Tet_Sphere, Compute_RPD, GPU2CPU, Non_Dup_RPCs
1284, 3678, 150, 50, 0.08000, 0.27000, 0.18000, 0.11000, 
n_site, n_tet, site_k, tet_k, Tet_Sphere, Compute_RPD, GPU2CPU, Non_Dup_RPCs
1284, 3678, 151, 50, 0.05000, 0.24000, 0.07000, 0.10000, 
n_site, n_tet, site_k, tet_k, Tet_Sphere, Compute_RPD, GPU2CPU, Non_Dup_RPCs
1284, 3678, 154, 51, 0.07000, 0.25000, 0.07000, 0.11000, 
n_site, n_tet, site_k, tet_k, Tet_Sphere, Compute_RPD, GPU2CPU, Non_Dup_RPCs
1284, 3678, 157, 50, 0.07000, 0.25000, 0.07000, 0.09000, 
n_site, n_tet, site_k, tet_k, Tet_Sphere, Compute_RPD, GPU2CPU, Non_Dup_RPCs
1284, 3678, 159, 50, 0.08000, 0.25000, 0.07000, 0.10000, 
n_site, n_tet, site_k, tet_k, Tet_Sphere, Compute_RPD, GPU2CPU, Non_Dup_RPCs
1284, 3678, 162, 48, 0.08000, 0.25000, 0.06000, 0.09000, 
n_site, n_tet, site_k, tet_k, Tet_Sphere, Compute_RPD, GPU2CPU, Non_Dup_RPCs
1284, 3678, 162, 48, 0.09000, 0.25000, 0.07000, 0.11000, 
n_site, n_tet, site_k, tet_k, Tet_Sphere, Compute_RPD, GPU2CPU, Non_Dup_RPCs
1284, 3678, 163, 48, 0.10000, 0.26000, 0.16000, 0.10000, 
n_site, n_tet, site_k, tet_k, Tet_Sphere, Compute_RPD, GPU2CPU, Non_Dup_RPCs
1284, 3678, 164, 48, 0.06000, 0.23000, 0.07000, 0.09000, 
n_site, n_tet, site_k, tet_k, Tet_Sphere, Compute_RPD, GPU2CPU, Non_Dup_RPCs
1284, 3678, 164, 47, 0.06000, 0.23000, 0.07000, 0.10000, 
n_site, n_tet, site_k, tet_k, Tet_Sphere, Compute_RPD, GPU2CPU, Non_Dup_RPCs
1284, 3678, 164, 47, 0.06000, 0.23000, 0.07000, 0.09000, 
n_site, n_tet, site_k, tet_k, Tet_Sphere, Compute_RPD, GPU2CPU, Non_Dup_RPCs
1284, 3678, 164, 47, 0.06000, 0.26000, 0.13000, 0.10000, 
n_site, n_tet, site_k, tet_k, Tet_Sphere, Compute_RPD, GPU2CPU, Non_Dup_RPCs
1284, 3678, 164, 47, 0.06000, 0.23000, 0.06000, 0.10000, 
n_site, n_tet, site_k, tet_k, Tet_Sphere, Compute_RPD, GPU2CPU, Non_Dup_RPCs
1284, 3678, 167, 46, 0.07000, 0.23000, 0.06000, 0.09000, 
n_site, n_tet, site_k, tet_k, Tet_Sphere, Compute_RPD, GPU2CPU, Non_Dup_RPCs
1284, 3678, 167, 46, 0.06000, 0.22000, 0.06000, 0.10000, 
n_site, n_tet, site_k, tet_k, Tet_Sphere, Compute_RPD, GPU2CPU, Non_Dup_RPCs
1443, 3678, 167, 48, 0.23000, 0.33000, 0.18000, 0.11000, 
n_site, n_tet, site_k, tet_k, Tet_Sphere, Compute_RPD, GPU2CPU, Non_Dup_RPCs
1658, 3678, 167, 61, 0.26000, 0.28000, 0.08000, 0.12000, 
n_site, n_tet, site_k, tet_k, Tet_Sphere, Compute_RPD, GPU2CPU, Non_Dup_RPCs
1658, 3678, 167, 61, 0.15000, 0.32000, 0.08000, 0.12000, 
n_site, n_tet, site_k, tet_k, Tet_Sphere, Compute_RPD, GPU2CPU, Non_Dup_RPCs
1658, 3678, 195, 61, 0.23000, 0.35000, 0.21000, 0.12000, 
n_site, n_tet, site_k, tet_k, Tet_Sphere, Compute_RPD, GPU2CPU, Non_Dup_RPCs
1625, 3678, 54, 60, 0.15000, 0.39000, 0.17000, 0.10000, 
n_site, n_tet, site_k, tet_k, Tet_Sphere, Compute_RPD, GPU2CPU, Non_Dup_RPCs
1628, 3621, 52, 53, 0.19000, 0.21000, 0.07000, 0.10000, 
n_site, n_tet, site_k, tet_k, Tet_Sphere, Compute_RPD, GPU2CPU, Non_Dup_RPCs
122, 160, 37, 7, 0.00000, 0.00000, 0.00000, 0.00000, 
n_site, n_tet, site_k, tet_k, Tet_Sphere, Compute_RPD, GPU2CPU, Non_Dup_RPCs
165, 225, 38, 7, 0.00000, 0.01000, 0.00000, 0.00000, 
n_site, n_tet, site_k, tet_k, Tet_Sphere, Compute_RPD, GPU2CPU, Non_Dup_RPCs
1640, 3678, 54, 60, 0.24000, 0.30000, 0.07000, 0.14000, 
n_site, n_tet, site_k, tet_k, Tet_Sphere, Compute_RPD, GPU2CPU, Non_Dup_RPCs
1640, 3678, 54, 60, 0.14000, 0.37000, 0.16000, 0.12000, 
n_site, n_tet, site_k, tet_k, Tet_Sphere, Compute_RPD, GPU2CPU, Non_Dup_RPCs
1640, 3678, 54, 60, 0.16000, 0.37000, 0.14000, 0.11000, 
n_site, n_tet, site_k, tet_k, Tet_Sphere, Compute_RPD, GPU2CPU, Non_Dup_RPCs
1640, 3678, 54, 60, 0.14000, 0.36000, 0.14000, 0.12000, 
n_site, n_tet, site_k, tet_k, Tet_Sphere, Compute_RPD, GPU2CPU, Non_Dup_RPCs
1640, 3678, 54, 60, 0.15000, 0.36000, 0.13000, 0.11000, 
n_site, n_tet, site_k, tet_k, Tet_Sphere, Compute_RPD, GPU2CPU, Non_Dup_RPCs
1640, 3678, 54, 60, 0.14000, 0.36000, 0.15000, 0.12000, 
n_site, n_tet, site_k, tet_k, Tet_Sphere, Compute_RPD, GPU2CPU, Non_Dup_RPCs
1640, 3678, 53, 60, 0.16000, 0.38000, 0.14000, 0.13000, 
n_site, n_tet, site_k, tet_k, Tet_Sphere, Compute_RPD, GPU2CPU, Non_Dup_RPCs
1640, 3678, 53, 60, 0.14000, 0.38000, 0.14000, 0.11000, 
n_site, n_tet, site_k, tet_k, Tet_Sphere, Compute_RPD, GPU2CPU, Non_Dup_RPCs
1640, 3678, 53, 61, 0.13000, 0.38000, 0.14000, 0.12000, 
n_site, n_tet, site_k, tet_k, Tet_Sphere, Compute_RPD, GPU2CPU, Non_Dup_RPCs
1640, 3678, 53, 61, 0.15000, 0.37000, 0.14000, 0.13000, 
n_site, n_tet, site_k, tet_k, Tet_Sphere, Compute_RPD, GPU2CPU, Non_Dup_RPCs
1640, 3678, 53, 60, 0.14000, 0.37000, 0.16000, 0.11000, 
n_site, n_tet, site_k, tet_k, Tet_Sphere, Compute_RPD, GPU2CPU, Non_Dup_RPCs
1640, 3678, 53, 61, 0.15000, 0.37000, 0.16000, 0.12000, 
n_site, n_tet, site_k, tet_k, Tet_Sphere, Compute_RPD, GPU2CPU, Non_Dup_RPCs
1640, 3678, 53, 59, 0.15000, 0.36000, 0.15000, 0.11000, 
n_site, n_tet, site_k, tet_k, Tet_Sphere, Compute_RPD, GPU2CPU, Non_Dup_RPCs
1640, 3678, 53, 57, 0.14000, 0.36000, 0.15000, 0.12000, 
n_site, n_tet, site_k, tet_k, Tet_Sphere, Compute_RPD, GPU2CPU, Non_Dup_RPCs
1640, 3678, 53, 58, 0.16000, 0.36000, 0.12000, 0.13000, 
n_site, n_tet, site_k, tet_k, Tet_Sphere, Compute_RPD, GPU2CPU, Non_Dup_RPCs
1640, 3678, 53, 58, 0.13000, 0.35000, 0.14000, 0.12000, 
n_site, n_tet, site_k, tet_k, Tet_Sphere, Compute_RPD, GPU2CPU, Non_Dup_RPCs
1640, 3678, 52, 58, 0.15000, 0.35000, 0.15000, 0.12000, 
n_site, n_tet, site_k, tet_k, Tet_Sphere, Compute_RPD, GPU2CPU, Non_Dup_RPCs
1640, 3678, 52, 58, 0.16000, 0.35000, 0.17000, 0.12000, 
n_site, n_tet, site_k, tet_k, Tet_Sphere, Compute_RPD, GPU2CPU, Non_Dup_RPCs
1640, 3678, 52, 57, 0.14000, 0.35000, 0.19000, 0.12000, 
n_site, n_tet, site_k, tet_k, Tet_Sphere, Compute_RPD, GPU2CPU, Non_Dup_RPCs
1640, 3678, 52, 57, 0.14000, 0.36000, 0.19000, 0.13000, 
n_site, n_tet, site_k, tet_k, Tet_Sphere, Compute_RPD, GPU2CPU, Non_Dup_RPCs
1650, 3678, 54, 57, 0.18000, 0.40000, 0.19000, 0.15000, 
n_site, n_tet, site_k, tet_k, Tet_Sphere, Compute_RPD, GPU2CPU, Non_Dup_RPCs
1781, 3678, 59, 62, 0.23000, 0.53000, 0.17000, 0.14000, 
n_site, n_tet, site_k, tet_k, Tet_Sphere, Compute_RPD, GPU2CPU, Non_Dup_RPCs
1781, 3678, 59, 62, 0.16000, 0.36000, 0.15000, 0.12000, 
n_site, n_tet, site_k, tet_k, Tet_Sphere, Compute_RPD, GPU2CPU, Non_Dup_RPCs
1781, 3678, 64, 64, 0.15000, 0.35000, 0.19000, 0.13000, 
n_site, n_tet, site_k, tet_k, Tet_Sphere, Compute_RPD, GPU2CPU, Non_Dup_RPCs
1760, 3678, 59, 64, 0.16000, 0.35000, 0.15000, 0.12000, 
n_site, n_tet, site_k, tet_k, Tet_Sphere, Compute_RPD, GPU2CPU, Non_Dup_RPCs
1614, 3398, 57, 41, 0.11000, 0.32000, 0.08000, 0.09000, 
n_site, n_tet, site_k, tet_k, Tet_Sphere, Compute_RPD, GPU2CPU, Non_Dup_RPCs
22, 11, 10, 6, 0.00000, 0.00000, 0.00000, 0.00000, 
n_site, n_tet, site_k, tet_k, Tet_Sphere, Compute_RPD, GPU2CPU, Non_Dup_RPCs
12, 4, 8, 8, 0.00000, 0.00000, 0.00000, 0.00000, 
n_site, n_tet, site_k, tet_k, Tet_Sphere, Compute_RPD, GPU2CPU, Non_Dup_RPCs
1767, 3678, 59, 63, 0.28000, 0.32000, 0.08000, 0.12000, 
n_site, n_tet, site_k, tet_k, Tet_Sphere, Compute_RPD, GPU2CPU, Non_Dup_RPCs
1767, 3678, 59, 63, 0.16000, 0.37000, 0.11000, 0.13000, 
n_site, n_tet, site_k, tet_k, Tet_Sphere, Compute_RPD, GPU2CPU, Non_Dup_RPCs
1767, 3678, 59, 63, 0.16000, 0.40000, 0.09000, 0.14000, 
n_site, n_tet, site_k, tet_k, Tet_Sphere, Compute_RPD, GPU2CPU, Non_Dup_RPCs
1767, 3678, 59, 63, 0.17000, 0.37000, 0.08000, 0.13000, 
n_site, n_tet, site_k, tet_k, Tet_Sphere, Compute_RPD, GPU2CPU, Non_Dup_RPCs
1767, 3678, 60, 64, 0.23000, 0.46000, 0.17000, 0.12000, 
n_site, n_tet, site_k, tet_k, Tet_Sphere, Compute_RPD, GPU2CPU, Non_Dup_RPCs
1767, 3678, 60, 63, 0.17000, 0.38000, 0.12000, 0.12000, 
n_site, n_tet, site_k, tet_k, Tet_Sphere, Compute_RPD, GPU2CPU, Non_Dup_RPCs
1767, 3678, 60, 63, 0.15000, 0.39000, 0.07000, 0.13000, 
n_site, n_tet, site_k, tet_k, Tet_Sphere, Compute_RPD, GPU2CPU, Non_Dup_RPCs
1767, 3678, 59, 63, 0.23000, 0.50000, 0.08000, 0.12000, 
n_site, n_tet, site_k, tet_k, Tet_Sphere, Compute_RPD, GPU2CPU, Non_Dup_RPCs
1767, 3678, 59, 60, 0.17000, 0.38000, 0.14000, 0.14000, 
n_site, n_tet, site_k, tet_k, Tet_Sphere, Compute_RPD, GPU2CPU, Non_Dup_RPCs
1767, 3678, 59, 60, 0.16000, 0.34000, 0.16000, 0.11000, 
n_site, n_tet, site_k, tet_k, Tet_Sphere, Compute_RPD, GPU2CPU, Non_Dup_RPCs
1767, 3678, 59, 60, 0.17000, 0.36000, 0.15000, 0.14000, 
n_site, n_tet, site_k, tet_k, Tet_Sphere, Compute_RPD, GPU2CPU, Non_Dup_RPCs
1767, 3678, 59, 60, 0.16000, 0.37000, 0.12000, 0.12000, 
n_site, n_tet, site_k, tet_k, Tet_Sphere, Compute_RPD, GPU2CPU, Non_Dup_RPCs
1767, 3678, 59, 60, 0.21000, 0.42000, 0.14000, 0.13000, 
n_site, n_tet, site_k, tet_k, Tet_Sphere, Compute_RPD, GPU2CPU, Non_Dup_RPCs
1767, 3678, 59, 60, 0.16000, 0.37000, 0.12000, 0.12000, 
n_site, n_tet, site_k, tet_k, Tet_Sphere, Compute_RPD, GPU2CPU, Non_Dup_RPCs
1770, 3678, 59, 60, 0.17000, 0.42000, 0.18000, 0.13000, 
n_site, n_tet, site_k, tet_k, Tet_Sphere, Compute_RPD, GPU2CPU, Non_Dup_RPCs
1903, 3678, 64, 66, 0.26000, 0.32000, 0.08000, 0.13000, 
n_site, n_tet, site_k, tet_k, Tet_Sphere, Compute_RPD, GPU2CPU, Non_Dup_RPCs
1903, 3678, 64, 66, 0.15000, 0.40000, 0.20000, 0.14000, 
n_site, n_tet, site_k, tet_k, Tet_Sphere, Compute_RPD, GPU2CPU, Non_Dup_RPCs
1903, 3678, 65, 67, 0.18000, 0.47000, 0.15000, 0.14000, 
n_site, n_tet, site_k, tet_k, Tet_Sphere, Compute_RPD, GPU2CPU, Non_Dup_RPCs
1858, 3678, 65, 66, 0.18000, 0.38000, 0.22000, 0.13000, 
n_site, n_tet, site_k, tet_k, Tet_Sphere, Compute_RPD, GPU2CPU, Non_Dup_RPCs
1610, 3114, 63, 40, 0.13000, 0.28000, 0.15000, 0.05000, 
n_site, n_tet, site_k, tet_k, Tet_Sphere, Compute_RPD, GPU2CPU, Non_Dup_RPCs
1860, 3678, 65, 66, 0.25000, 0.47000, 0.08000, 0.13000, 
n_site, n_tet, site_k, tet_k, Tet_Sphere, Compute_RPD, GPU2CPU, Non_Dup_RPCs
1213, 3783, 70, 75, 0.11000, 0.63000, 0.10000, 0.16000, 
n_site, n_tet, site_k, tet_k, Tet_Sphere, Compute_RPD, GPU2CPU, Non_Dup_RPCs
812, 980, 76, 12, 0.02000, 0.02000, 0.00000, 0.01000, 
n_site, n_tet, site_k, tet_k, Tet_Sphere, Compute_RPD, GPU2CPU, Non_Dup_RPCs
118, 97, 34, 8, 0.00000, 0.00000, 0.00000, 0.00000, 
n_site, n_tet, site_k, tet_k, Tet_Sphere, Compute_RPD, GPU2CPU, Non_Dup_RPCs
699, 3783, 66, 73, 0.13000, 0.58000, 0.09000, 0.15000, 
n_site, n_tet, site_k, tet_k, Tet_Sphere, Compute_RPD, GPU2CPU, Non_Dup_RPCs
699, 3783, 71, 70, 0.09000, 0.44000, 0.14000, 0.12000, 
n_site, n_tet, site_k, tet_k, Tet_Sphere, Compute_RPD, GPU2CPU, Non_Dup_RPCs
699, 3783, 71, 70, 0.04000, 0.30000, 0.09000, 0.12000, 
n_site, n_tet, site_k, tet_k, Tet_Sphere, Compute_RPD, GPU2CPU, Non_Dup_RPCs
699, 3783, 71, 70, 0.04000, 0.30000, 0.09000, 0.12000, 
n_site, n_tet, site_k, tet_k, Tet_Sphere, Compute_RPD, GPU2CPU, Non_Dup_RPCs
699, 3783, 72, 70, 0.04000, 0.30000, 0.09000, 0.12000, 
n_site, n_tet, site_k, tet_k, Tet_Sphere, Compute_RPD, GPU2CPU, Non_Dup_RPCs
699, 3783, 72, 70, 0.04000, 0.30000, 0.09000, 0.12000, 
n_site, n_tet, site_k, tet_k, Tet_Sphere, Compute_RPD, GPU2CPU, Non_Dup_RPCs
699, 3783, 72, 70, 0.03000, 0.39000, 0.14000, 0.12000, 
n_site, n_tet, site_k, tet_k, Tet_Sphere, Compute_RPD, GPU2CPU, Non_Dup_RPCs
699, 3783, 69, 69, 0.03000, 0.40000, 0.10000, 0.12000, 
n_site, n_tet, site_k, tet_k, Tet_Sphere, Compute_RPD, GPU2CPU, Non_Dup_RPCs
699, 3783, 66, 68, 0.04000, 0.31000, 0.09000, 0.11000, 
n_site, n_tet, site_k, tet_k, Tet_Sphere, Compute_RPD, GPU2CPU, Non_Dup_RPCs
699, 3783, 64, 67, 0.04000, 0.37000, 0.13000, 0.11000, 
n_site, n_tet, site_k, tet_k, Tet_Sphere, Compute_RPD, GPU2CPU, Non_Dup_RPCs
699, 3783, 57, 67, 0.04000, 0.36000, 0.14000, 0.11000, 
n_site, n_tet, site_k, tet_k, Tet_Sphere, Compute_RPD, GPU2CPU, Non_Dup_RPCs
699, 3783, 56, 65, 0.04000, 0.30000, 0.08000, 0.11000, 
n_site, n_tet, site_k, tet_k, Tet_Sphere, Compute_RPD, GPU2CPU, Non_Dup_RPCs
699, 3783, 56, 63, 0.04000, 0.27000, 0.08000, 0.11000, 
n_site, n_tet, site_k, tet_k, Tet_Sphere, Compute_RPD, GPU2CPU, Non_Dup_RPCs
699, 3783, 56, 62, 0.02000, 0.24000, 0.09000, 0.10000, 
n_site, n_tet, site_k, tet_k, Tet_Sphere, Compute_RPD, GPU2CPU, Non_Dup_RPCs
699, 3783, 66, 59, 0.03000, 0.24000, 0.08000, 0.10000, 
n_site, n_tet, site_k, tet_k, Tet_Sphere, Compute_RPD, GPU2CPU, Non_Dup_RPCs
699, 3783, 66, 59, 0.03000, 0.25000, 0.08000, 0.10000, 
n_site, n_tet, site_k, tet_k, Tet_Sphere, Compute_RPD, GPU2CPU, Non_Dup_RPCs
699, 3783, 66, 59, 0.03000, 0.24000, 0.08000, 0.11000, 
n_site, n_tet, site_k, tet_k, Tet_Sphere, Compute_RPD, GPU2CPU, Non_Dup_RPCs
699, 3783, 71, 59, 0.03000, 0.25000, 0.09000, 0.10000, 
n_site, n_tet, site_k, tet_k, Tet_Sphere, Compute_RPD, GPU2CPU, Non_Dup_RPCs
699, 3783, 74, 61, 0.03000, 0.26000, 0.07000, 0.12000, 
n_site, n_tet, site_k, tet_k, Tet_Sphere, Compute_RPD, GPU2CPU, Non_Dup_RPCs
699, 3783, 75, 59, 0.04000, 0.24000, 0.07000, 0.10000, 
n_site, n_tet, site_k, tet_k, Tet_Sphere, Compute_RPD, GPU2CPU, Non_Dup_RPCs
699, 3783, 75, 59, 0.04000, 0.24000, 0.07000, 0.11000, 
n_site, n_tet, site_k, tet_k, Tet_Sphere, Compute_RPD, GPU2CPU, Non_Dup_RPCs
699, 3783, 75, 56, 0.03000, 0.23000, 0.08000, 0.10000, 
n_site, n_tet, site_k, tet_k, Tet_Sphere, Compute_RPD, GPU2CPU, Non_Dup_RPCs
699, 3783, 75, 53, 0.04000, 0.25000, 0.07000, 0.10000, 
n_site, n_tet, site_k, tet_k, Tet_Sphere, Compute_RPD, GPU2CPU, Non_Dup_RPCs
699, 3783, 78, 52, 0.04000, 0.24000, 0.07000, 0.11000, 
n_site, n_tet, site_k, tet_k, Tet_Sphere, Compute_RPD, GPU2CPU, Non_Dup_RPCs
699, 3783, 79, 49, 0.03000, 0.22000, 0.08000, 0.10000, 
n_site, n_tet, site_k, tet_k, Tet_Sphere, Compute_RPD, GPU2CPU, Non_Dup_RPCs
699, 3783, 79, 49, 0.03000, 0.20000, 0.07000, 0.10000, 
n_site, n_tet, site_k, tet_k, Tet_Sphere, Compute_RPD, GPU2CPU, Non_Dup_RPCs
889, 3783, 89, 55, 0.08000, 0.31000, 0.14000, 0.13000, 
n_site, n_tet, site_k, tet_k, Tet_Sphere, Compute_RPD, GPU2CPU, Non_Dup_RPCs
990, 3783, 70, 71, 0.13000, 0.54000, 0.10000, 0.13000, 
n_site, n_tet, site_k, tet_k, Tet_Sphere, Compute_RPD, GPU2CPU, Non_Dup_RPCs
990, 3783, 70, 71, 0.05000, 0.38000, 0.11000, 0.12000, 
n_site, n_tet, site_k, tet_k, Tet_Sphere, Compute_RPD, GPU2CPU, Non_Dup_RPCs
990, 3783, 82, 81, 0.05000, 0.45000, 0.12000, 0.14000, 
n_site, n_tet, site_k, tet_k, Tet_Sphere, Compute_RPD, GPU2CPU, Non_Dup_RPCs
941, 3783, 95, 78, 0.11000, 0.54000, 0.17000, 0.13000, 
n_site, n_tet, site_k, tet_k, Tet_Sphere, Compute_RPD, GPU2CPU, Non_Dup_RPCs
943, 3712, 91, 78, 0.11000, 0.47000, 0.23000, 0.13000, 
n_site, n_tet, site_k, tet_k, Tet_Sphere, Compute_RPD, GPU2CPU, Non_Dup_RPCs
943, 3783, 81, 80, 0.18000, 0.50000, 0.11000, 0.13000, 
n_site, n_tet, site_k, tet_k, Tet_Sphere, Compute_RPD, GPU2CPU, Non_Dup_RPCs
943, 3783, 81, 80, 0.04000, 0.43000, 0.17000, 0.14000, 
n_site, n_tet, site_k, tet_k, Tet_Sphere, Compute_RPD, GPU2CPU, Non_Dup_RPCs
943, 3783, 81, 80, 0.10000, 0.48000, 0.18000, 0.13000, 
n_site, n_tet, site_k, tet_k, Tet_Sphere, Compute_RPD, GPU2CPU, Non_Dup_RPCs
943, 3783, 81, 80, 0.05000, 0.44000, 0.20000, 0.12000, 
n_site, n_tet, site_k, tet_k, Tet_Sphere, Compute_RPD, GPU2CPU, Non_Dup_RPCs
943, 3783, 88, 73, 0.09000, 0.47000, 0.15000, 0.13000, 
n_site, n_tet, site_k, tet_k, Tet_Sphere, Compute_RPD, GPU2CPU, Non_Dup_RPCs
943, 3783, 85, 74, 0.05000, 0.41000, 0.10000, 0.14000, 
n_site, n_tet, site_k, tet_k, Tet_Sphere, Compute_RPD, GPU2CPU, Non_Dup_RPCs
943, 3783, 89, 75, 0.04000, 0.40000, 0.14000, 0.14000, 
n_site, n_tet, site_k, tet_k, Tet_Sphere, Compute_RPD, GPU2CPU, Non_Dup_RPCs
943, 3783, 95, 77, 0.10000, 0.46000, 0.16000, 0.12000, 
n_site, n_tet, site_k, tet_k, Tet_Sphere, Compute_RPD, GPU2CPU, Non_Dup_RPCs
943, 3783, 95, 76, 0.10000, 0.47000, 0.16000, 0.13000, 
n_site, n_tet, site_k, tet_k, Tet_Sphere, Compute_RPD, GPU2CPU, Non_Dup_RPCs
943, 3783, 94, 74, 0.04000, 0.40000, 0.10000, 0.12000, 
n_site, n_tet, site_k, tet_k, Tet_Sphere, Compute_RPD, GPU2CPU, Non_Dup_RPCs
943, 3783, 94, 72, 0.13000, 0.46000, 0.19000, 0.16000, 
n_site, n_tet, site_k, tet_k, Tet_Sphere, Compute_RPD, GPU2CPU, Non_Dup_RPCs
943, 3783, 95, 77, 0.10000, 0.47000, 0.16000, 0.13000, 
n_site, n_tet, site_k, tet_k, Tet_Sphere, Compute_RPD, GPU2CPU, Non_Dup_RPCs
943, 3783, 93, 73, 0.05000, 0.37000, 0.12000, 0.12000, 
n_site, n_tet, site_k, tet_k, Tet_Sphere, Compute_RPD, GPU2CPU, Non_Dup_RPCs
943, 3783, 87, 74, 0.05000, 0.41000, 0.16000, 0.13000, 
n_site, n_tet, site_k, tet_k, Tet_Sphere, Compute_RPD, GPU2CPU, Non_Dup_RPCs
943, 3783, 83, 73, 0.10000, 0.45000, 0.16000, 0.13000, 
n_site, n_tet, site_k, tet_k, Tet_Sphere, Compute_RPD, GPU2CPU, Non_Dup_RPCs
943, 3783, 77, 77, 0.05000, 0.41000, 0.12000, 0.14000, 
n_site, n_tet, site_k, tet_k, Tet_Sphere, Compute_RPD, GPU2CPU, Non_Dup_RPCs
943, 3783, 76, 73, 0.05000, 0.41000, 0.13000, 0.12000, 
n_site, n_tet, site_k, tet_k, Tet_Sphere, Compute_RPD, GPU2CPU, Non_Dup_RPCs
943, 3783, 74, 73, 0.04000, 0.38000, 0.10000, 0.14000, 
n_site, n_tet, site_k, tet_k, Tet_Sphere, Compute_RPD, GPU2CPU, Non_Dup_RPCs
943, 3783, 74, 73, 0.05000, 0.41000, 0.11000, 0.14000, 
n_site, n_tet, site_k, tet_k, Tet_Sphere, Compute_RPD, GPU2CPU, Non_Dup_RPCs
957, 3783, 70, 74, 0.11000, 0.51000, 0.15000, 0.13000, 
n_site, n_tet, site_k, tet_k, Tet_Sphere, Compute_RPD, GPU2CPU, Non_Dup_RPCs
1085, 3783, 63, 87, 0.13000, 0.55000, 0.12000, 0.14000, 
n_site, n_tet, site_k, tet_k, Tet_Sphere, Compute_RPD, GPU2CPU, Non_Dup_RPCs
1085, 3783, 63, 87, 0.10000, 0.50000, 0.24000, 0.14000, 
n_site, n_tet, site_k, tet_k, Tet_Sphere, Compute_RPD, GPU2CPU, Non_Dup_RPCs
1085, 3783, 104, 93, 0.11000, 0.59000, 0.19000, 0.14000, 
n_site, n_tet, site_k, tet_k, Tet_Sphere, Compute_RPD, GPU2CPU, Non_Dup_RPCs
1064, 3783, 122, 92, 0.14000, 0.50000, 0.18000, 0.14000, 
n_site, n_tet, site_k, tet_k, Tet_Sphere, Compute_RPD, GPU2CPU, Non_Dup_RPCs
1064, 3783, 126, 92, 0.21000, 0.43000, 0.12000, 0.16000, 
n_site, n_tet, site_k, tet_k, Tet_Sphere, Compute_RPD, GPU2CPU, Non_Dup_RPCs
1064, 3783, 126, 91, 0.14000, 0.57000, 0.19000, 0.15000, 
n_site, n_tet, site_k, tet_k, Tet_Sphere, Compute_RPD, GPU2CPU, Non_Dup_RPCs
1064, 3783, 126, 92, 0.14000, 0.52000, 0.22000, 0.16000, 
n_site, n_tet, site_k, tet_k, Tet_Sphere, Compute_RPD, GPU2CPU, Non_Dup_RPCs
1064, 3783, 126, 92, 0.13000, 0.57000, 0.23000, 0.14000, 
n_site, n_tet, site_k, tet_k, Tet_Sphere, Compute_RPD, GPU2CPU, Non_Dup_RPCs
1064, 3783, 125, 91, 0.13000, 0.50000, 0.19000, 0.14000, 
n_site, n_tet, site_k, tet_k, Tet_Sphere, Compute_RPD, GPU2CPU, Non_Dup_RPCs
1064, 3783, 125, 91, 0.12000, 0.56000, 0.14000, 0.15000, 
n_site, n_tet, site_k, tet_k, Tet_Sphere, Compute_RPD, GPU2CPU, Non_Dup_RPCs
1064, 3783, 121, 90, 0.13000, 0.50000, 0.18000, 0.14000, 
n_site, n_tet, site_k, tet_k, Tet_Sphere, Compute_RPD, GPU2CPU, Non_Dup_RPCs
1064, 3783, 121, 88, 0.13000, 0.52000, 0.22000, 0.14000, 
n_site, n_tet, site_k, tet_k, Tet_Sphere, Compute_RPD, GPU2CPU, Non_Dup_RPCs
1064, 3783, 121, 87, 0.14000, 0.49000, 0.18000, 0.14000, 
n_site, n_tet, site_k, tet_k, Tet_Sphere, Compute_RPD, GPU2CPU, Non_Dup_RPCs
1064, 3783, 121, 87, 0.13000, 0.49000, 0.18000, 0.15000, 
n_site, n_tet, site_k, tet_k, Tet_Sphere, Compute_RPD, GPU2CPU, Non_Dup_RPCs
1064, 3783, 123, 87, 0.12000, 0.57000, 0.13000, 0.14000, 
n_site, n_tet, site_k, tet_k, Tet_Sphere, Compute_RPD, GPU2CPU, Non_Dup_RPCs
1064, 3783, 126, 87, 0.12000, 0.54000, 0.18000, 0.16000, 
n_site, n_tet, site_k, tet_k, Tet_Sphere, Compute_RPD, GPU2CPU, Non_Dup_RPCs
1064, 3783, 126, 85, 0.13000, 0.47000, 0.18000, 0.14000, 
n_site, n_tet, site_k, tet_k, Tet_Sphere, Compute_RPD, GPU2CPU, Non_Dup_RPCs
1064, 3783, 126, 85, 0.12000, 0.48000, 0.17000, 0.15000, 
n_site, n_tet, site_k, tet_k, Tet_Sphere, Compute_RPD, GPU2CPU, Non_Dup_RPCs
1069, 3783, 126, 87, 0.17000, 0.57000, 0.18000, 0.15000, 
n_site, n_tet, site_k, tet_k, Tet_Sphere, Compute_RPD, GPU2CPU, Non_Dup_RPCs
1207, 3783, 75, 99, 0.16000, 0.68000, 0.20000, 0.16000, 
n_site, n_tet, site_k, tet_k, Tet_Sphere, Compute_RPD, GPU2CPU, Non_Dup_RPCs
1207, 3783, 75, 99, 0.12000, 0.54000, 0.22000, 0.14000, 
n_site, n_tet, site_k, tet_k, Tet_Sphere, Compute_RPD, GPU2CPU, Non_Dup_RPCs
1207, 3783, 123, 115, 0.15000, 0.65000, 0.15000, 0.15000, 
n_site, n_tet, site_k, tet_k, Tet_Sphere, Compute_RPD, GPU2CPU, Non_Dup_RPCs
1188, 3783, 144, 111, 0.18000, 0.58000, 0.23000, 0.17000, 
n_site, n_tet, site_k, tet_k, Tet_Sphere, Compute_RPD, GPU2CPU, Non_Dup_RPCs
1181, 3783, 144, 108, 0.27000, 0.69000, 0.13000, 0.16000, 
n_site, n_tet, site_k, tet_k, Tet_Sphere, Compute_RPD, GPU2CPU, Non_Dup_RPCs
2011, 2456, 29, 89, 0.06000, 0.26000, 0.07000, 0.20000, 
n_site, n_tet, site_k, tet_k, Tet_Sphere, Compute_RPD, GPU2CPU, Non_Dup_RPCs
217, 147, 21, 7, 0.00000, 0.00000, 0.00000, 0.01000, 
n_site, n_tet, site_k, tet_k, Tet_Sphere, Compute_RPD, GPU2CPU, Non_Dup_RPCs
915, 434, 28, 25, 0.03000, 0.02000, 0.01000, 0.01000, 
n_site, n_tet, site_k, tet_k, Tet_Sphere, Compute_RPD, GPU2CPU, Non_Dup_RPCs
736, 308, 24, 30, 0.04000, 0.03000, 0.01000, 0.01000, 
n_site, n_tet, site_k, tet_k, Tet_Sphere, Compute_RPD, GPU2CPU, Non_Dup_RPCs
176, 81, 23, 9, 0.01000, 0.01000, 0.01000, 0.00000, 
n_site, n_tet, site_k, tet_k, Tet_Sphere, Compute_RPD, GPU2CPU, Non_Dup_RPCs
168, 65, 19, 13, 0.00000, 0.02000, 0.00000, 0.00000, 
n_site, n_tet, site_k, tet_k, Tet_Sphere, Compute_RPD, GPU2CPU, Non_Dup_RPCs
113, 38, 12, 11, 0.01000, 0.00000, 0.01000, 0.00000, 
n_site, n_tet, site_k, tet_k, Tet_Sphere, Compute_RPD, GPU2CPU, Non_Dup_RPCs
96, 31, 14, 8, 0.00000, 0.01000, 0.00000, 0.00000, 
n_site, n_tet, site_k, tet_k, Tet_Sphere, Compute_RPD, GPU2CPU, Non_Dup_RPCs
2405, 2456, 28, 89, 0.27000, 0.34000, 0.07000, 0.24000, 
n_site, n_tet, site_k, tet_k, Tet_Sphere, Compute_RPD, GPU2CPU, Non_Dup_RPCs
2405, 2456, 28, 89, 0.23000, 0.26000, 0.08000, 0.23000, 
n_site, n_tet, site_k, tet_k, Tet_Sphere, Compute_RPD, GPU2CPU, Non_Dup_RPCs
2405, 2456, 28, 89, 0.26000, 0.47000, 0.09000, 0.22000, 
n_site, n_tet, site_k, tet_k, Tet_Sphere, Compute_RPD, GPU2CPU, Non_Dup_RPCs
2405, 2456, 28, 89, 0.25000, 0.49000, 0.08000, 0.22000, 
n_site, n_tet, site_k, tet_k, Tet_Sphere, Compute_RPD, GPU2CPU, Non_Dup_RPCs
2405, 2456, 28, 88, 0.21000, 0.26000, 0.07000, 0.23000, 
n_site, n_tet, site_k, tet_k, Tet_Sphere, Compute_RPD, GPU2CPU, Non_Dup_RPCs
2405, 2456, 28, 88, 0.28000, 0.26000, 0.08000, 0.22000, 
n_site, n_tet, site_k, tet_k, Tet_Sphere, Compute_RPD, GPU2CPU, Non_Dup_RPCs
2405, 2456, 28, 87, 0.28000, 0.41000, 0.13000, 0.21000, 
n_site, n_tet, site_k, tet_k, Tet_Sphere, Compute_RPD, GPU2CPU, Non_Dup_RPCs
2405, 2456, 27, 88, 0.30000, 0.26000, 0.08000, 0.22000, 
n_site, n_tet, site_k, tet_k, Tet_Sphere, Compute_RPD, GPU2CPU, Non_Dup_RPCs
2405, 2456, 73, 85, 0.33000, 0.26000, 0.07000, 0.23000, 
n_site, n_tet, site_k, tet_k, Tet_Sphere, Compute_RPD, GPU2CPU, Non_Dup_RPCs
2405, 2456, 98, 83, 0.31000, 0.25000, 0.08000, 0.20000, 
n_site, n_tet, site_k, tet_k, Tet_Sphere, Compute_RPD, GPU2CPU, Non_Dup_RPCs
2405, 2456, 96, 82, 0.30000, 0.24000, 0.07000, 0.20000, 
n_site, n_tet, site_k, tet_k, Tet_Sphere, Compute_RPD, GPU2CPU, Non_Dup_RPCs
2405, 2456, 137, 81, 0.32000, 0.25000, 0.07000, 0.21000, 
n_site, n_tet, site_k, tet_k, Tet_Sphere, Compute_RPD, GPU2CPU, Non_Dup_RPCs
2405, 2456, 135, 83, 0.35000, 0.26000, 0.08000, 0.22000, 
n_site, n_tet, site_k, tet_k, Tet_Sphere, Compute_RPD, GPU2CPU, Non_Dup_RPCs
2405, 2456, 131, 84, 0.35000, 0.25000, 0.06000, 0.22000, 
n_site, n_tet, site_k, tet_k, Tet_Sphere, Compute_RPD, GPU2CPU, Non_Dup_RPCs
2405, 2456, 131, 84, 0.35000, 0.25000, 0.07000, 0.21000, 
n_site, n_tet, site_k, tet_k, Tet_Sphere, Compute_RPD, GPU2CPU, Non_Dup_RPCs
2405, 2456, 129, 82, 0.34000, 0.25000, 0.06000, 0.22000, 
n_site, n_tet, site_k, tet_k, Tet_Sphere, Compute_RPD, GPU2CPU, Non_Dup_RPCs
2405, 2456, 126, 81, 0.25000, 0.24000, 0.07000, 0.21000, 
n_site, n_tet, site_k, tet_k, Tet_Sphere, Compute_RPD, GPU2CPU, Non_Dup_RPCs
2405, 2456, 125, 81, 0.35000, 0.24000, 0.08000, 0.21000, 
n_site, n_tet, site_k, tet_k, Tet_Sphere, Compute_RPD, GPU2CPU, Non_Dup_RPCs
2405, 2456, 127, 82, 0.35000, 0.25000, 0.06000, 0.21000, 
n_site, n_tet, site_k, tet_k, Tet_Sphere, Compute_RPD, GPU2CPU, Non_Dup_RPCs
2405, 2456, 128, 82, 0.27000, 0.25000, 0.06000, 0.22000, 
n_site, n_tet, site_k, tet_k, Tet_Sphere, Compute_RPD, GPU2CPU, Non_Dup_RPCs
2405, 2456, 131, 82, 0.31000, 0.25000, 0.06000, 0.22000, 
n_site, n_tet, site_k, tet_k, Tet_Sphere, Compute_RPD, GPU2CPU, Non_Dup_RPCs
2405, 2456, 135, 82, 0.31000, 0.24000, 0.08000, 0.21000, 
n_site, n_tet, site_k, tet_k, Tet_Sphere, Compute_RPD, GPU2CPU, Non_Dup_RPCs
2405, 2456, 137, 82, 0.34000, 0.24000, 0.07000, 0.21000, 
n_site, n_tet, site_k, tet_k, Tet_Sphere, Compute_RPD, GPU2CPU, Non_Dup_RPCs
2405, 2456, 138, 80, 0.25000, 0.23000, 0.07000, 0.20000, 
n_site, n_tet, site_k, tet_k, Tet_Sphere, Compute_RPD, GPU2CPU, Non_Dup_RPCs
2405, 2456, 138, 82, 0.23000, 0.24000, 0.08000, 0.22000, 
n_site, n_tet, site_k, tet_k, Tet_Sphere, Compute_RPD, GPU2CPU, Non_Dup_RPCs
2405, 2456, 138, 81, 0.33000, 0.24000, 0.07000, 0.20000, 
n_site, n_tet, site_k, tet_k, Tet_Sphere, Compute_RPD, GPU2CPU, Non_Dup_RPCs
2405, 2456, 138, 80, 0.33000, 0.24000, 0.06000, 0.22000, 
n_site, n_tet, site_k, tet_k, Tet_Sphere, Compute_RPD, GPU2CPU, Non_Dup_RPCs
2405, 2456, 138, 80, 0.28000, 0.24000, 0.07000, 0.20000, 
n_site, n_tet, site_k, tet_k, Tet_Sphere, Compute_RPD, GPU2CPU, Non_Dup_RPCs
2741, 2456, 138, 83, 0.29000, 0.25000, 0.08000, 0.24000, 
n_site, n_tet, site_k, tet_k, Tet_Sphere, Compute_RPD, GPU2CPU, Non_Dup_RPCs
2900, 2456, 177, 89, 0.28000, 0.27000, 0.07000, 0.25000, 
n_site, n_tet, site_k, tet_k, Tet_Sphere, Compute_RPD, GPU2CPU, Non_Dup_RPCs
2900, 2456, 177, 89, 0.38000, 0.27000, 0.07000, 0.25000, 
n_site, n_tet, site_k, tet_k, Tet_Sphere, Compute_RPD, GPU2CPU, Non_Dup_RPCs
2900, 2456, 196, 91, 0.32000, 0.28000, 0.08000, 0.25000, 
n_site, n_tet, site_k, tet_k, Tet_Sphere, Compute_RPD, GPU2CPU, Non_Dup_RPCs
2877, 2456, 26, 90, 0.29000, 0.44000, 0.13000, 0.25000, 
n_site, n_tet, site_k, tet_k, Tet_Sphere, Compute_RPD, GPU2CPU, Non_Dup_RPCs
2753, 2441, 25, 58, 0.23000, 0.36000, 0.13000, 0.14000, 
n_site, n_tet, site_k, tet_k, Tet_Sphere, Compute_RPD, GPU2CPU, Non_Dup_RPCs
50, 19, 11, 7, 0.00000, 0.00000, 0.01000, 0.00000, 
n_site, n_tet, site_k, tet_k, Tet_Sphere, Compute_RPD, GPU2CPU, Non_Dup_RPCs
25, 10, 9, 7, 0.01000, 0.00000, 0.00000, 0.00000, 
n_site, n_tet, site_k, tet_k, Tet_Sphere, Compute_RPD, GPU2CPU, Non_Dup_RPCs
2897, 2456, 26, 92, 0.33000, 0.33000, 0.08000, 0.25000, 
n_site, n_tet, site_k, tet_k, Tet_Sphere, Compute_RPD, GPU2CPU, Non_Dup_RPCs
2897, 2456, 26, 93, 0.26000, 0.30000, 0.08000, 0.25000, 
n_site, n_tet, site_k, tet_k, Tet_Sphere, Compute_RPD, GPU2CPU, Non_Dup_RPCs
2897, 2456, 26, 93, 0.29000, 0.47000, 0.12000, 0.25000, 
n_site, n_tet, site_k, tet_k, Tet_Sphere, Compute_RPD, GPU2CPU, Non_Dup_RPCs
2897, 2456, 26, 93, 0.32000, 0.29000, 0.07000, 0.27000, 
n_site, n_tet, site_k, tet_k, Tet_Sphere, Compute_RPD, GPU2CPU, Non_Dup_RPCs
2897, 2456, 26, 93, 0.26000, 0.29000, 0.08000, 0.26000, 
n_site, n_tet, site_k, tet_k, Tet_Sphere, Compute_RPD, GPU2CPU, Non_Dup_RPCs
2897, 2456, 26, 93, 0.30000, 0.44000, 0.07000, 0.25000, 
n_site, n_tet, site_k, tet_k, Tet_Sphere, Compute_RPD, GPU2CPU, Non_Dup_RPCs
2897, 2456, 26, 90, 0.29000, 0.45000, 0.13000, 0.25000, 
n_site, n_tet, site_k, tet_k, Tet_Sphere, Compute_RPD, GPU2CPU, Non_Dup_RPCs
2897, 2456, 26, 90, 0.34000, 0.29000, 0.08000, 0.26000, 
n_site, n_tet, site_k, tet_k, Tet_Sphere, Compute_RPD, GPU2CPU, Non_Dup_RPCs
2897, 2456, 26, 91, 0.33000, 0.30000, 0.08000, 0.26000, 
n_site, n_tet, site_k, tet_k, Tet_Sphere, Compute_RPD, GPU2CPU, Non_Dup_RPCs
2897, 2456, 27, 90, 0.23000, 0.28000, 0.07000, 0.25000, 
n_site, n_tet, site_k, tet_k, Tet_Sphere, Compute_RPD, GPU2CPU, Non_Dup_RPCs
2897, 2456, 26, 89, 0.28000, 0.28000, 0.08000, 0.24000, 
n_site, n_tet, site_k, tet_k, Tet_Sphere, Compute_RPD, GPU2CPU, Non_Dup_RPCs
2897, 2456, 26, 88, 0.26000, 0.28000, 0.08000, 0.25000, 
n_site, n_tet, site_k, tet_k, Tet_Sphere, Compute_RPD, GPU2CPU, Non_Dup_RPCs
2897, 2456, 26, 88, 0.27000, 0.28000, 0.07000, 0.25000, 
n_site, n_tet, site_k, tet_k, Tet_Sphere, Compute_RPD, GPU2CPU, Non_Dup_RPCs
2897, 2456, 27, 87, 0.29000, 0.27000, 0.07000, 0.25000, 
n_site, n_tet, site_k, tet_k, Tet_Sphere, Compute_RPD, GPU2CPU, Non_Dup_RPCs
2897, 2456, 26, 87, 0.32000, 0.28000, 0.07000, 0.25000, 
n_site, n_tet, site_k, tet_k, Tet_Sphere, Compute_RPD, GPU2CPU, Non_Dup_RPCs
2897, 2456, 26, 88, 0.27000, 0.28000, 0.07000, 0.25000, 
n_site, n_tet, site_k, tet_k, Tet_Sphere, Compute_RPD, GPU2CPU, Non_Dup_RPCs
2897, 2456, 26, 88, 0.32000, 0.28000, 0.07000, 0.26000, 
n_site, n_tet, site_k, tet_k, Tet_Sphere, Compute_RPD, GPU2CPU, Non_Dup_RPCs
2897, 2456, 26, 90, 0.32000, 0.28000, 0.07000, 0.25000, 
n_site, n_tet, site_k, tet_k, Tet_Sphere, Compute_RPD, GPU2CPU, Non_Dup_RPCs
2897, 2456, 26, 90, 0.31000, 0.28000, 0.07000, 0.26000, 
n_site, n_tet, site_k, tet_k, Tet_Sphere, Compute_RPD, GPU2CPU, Non_Dup_RPCs
2897, 2456, 26, 90, 0.33000, 0.30000, 0.07000, 0.25000, 
n_site, n_tet, site_k, tet_k, Tet_Sphere, Compute_RPD, GPU2CPU, Non_Dup_RPCs
2897, 2456, 26, 90, 0.32000, 0.29000, 0.08000, 0.25000, 
n_site, n_tet, site_k, tet_k, Tet_Sphere, Compute_RPD, GPU2CPU, Non_Dup_RPCs
2910, 2456, 26, 92, 0.27000, 0.29000, 0.08000, 0.24000, 
n_site, n_tet, site_k, tet_k, Tet_Sphere, Compute_RPD, GPU2CPU, Non_Dup_RPCs
2977, 2456, 26, 94, 0.22000, 0.30000, 0.09000, 0.26000, 
n_site, n_tet, site_k, tet_k, Tet_Sphere, Compute_RPD, GPU2CPU, Non_Dup_RPCs
2977, 2456, 26, 94, 0.32000, 0.29000, 0.09000, 0.26000, 
n_site, n_tet, site_k, tet_k, Tet_Sphere, Compute_RPD, GPU2CPU, Non_Dup_RPCs
2977, 2456, 26, 95, 0.34000, 0.31000, 0.07000, 0.26000, 
n_site, n_tet, site_k, tet_k, Tet_Sphere, Compute_RPD, GPU2CPU, Non_Dup_RPCs
2957, 2456, 26, 94, 0.30000, 0.32000, 0.08000, 0.26000, 
n_site, n_tet, site_k, tet_k, Tet_Sphere, Compute_RPD, GPU2CPU, Non_Dup_RPCs
1402, 2242, 33, 34, 0.09000, 0.24000, 0.12000, 0.06000, 
n_site, n_tet, site_k, tet_k, Tet_Sphere, Compute_RPD, GPU2CPU, Non_Dup_RPCs
22, 9, 9, 7, 0.00000, 0.00000, 0.00000, 0.00000, 
n_site, n_tet, site_k, tet_k, Tet_Sphere, Compute_RPD, GPU2CPU, Non_Dup_RPCs
10, 5, 8, 6, 0.01000, 0.01000, 0.00000, 0.00000, 
n_site, n_tet, site_k, tet_k, Tet_Sphere, Compute_RPD, GPU2CPU, Non_Dup_RPCs
2964, 2456, 36, 93, 0.31000, 0.37000, 0.07000, 0.26000, 
n_site, n_tet, site_k, tet_k, Tet_Sphere, Compute_RPD, GPU2CPU, Non_Dup_RPCs
2964, 2456, 36, 93, 0.29000, 0.31000, 0.08000, 0.26000, 
n_site, n_tet, site_k, tet_k, Tet_Sphere, Compute_RPD, GPU2CPU, Non_Dup_RPCs
2964, 2456, 36, 93, 0.33000, 0.31000, 0.09000, 0.26000, 
n_site, n_tet, site_k, tet_k, Tet_Sphere, Compute_RPD, GPU2CPU, Non_Dup_RPCs
2964, 2456, 36, 93, 0.26000, 0.30000, 0.08000, 0.25000, 
n_site, n_tet, site_k, tet_k, Tet_Sphere, Compute_RPD, GPU2CPU, Non_Dup_RPCs
2964, 2456, 36, 93, 0.31000, 0.45000, 0.08000, 0.26000, 
n_site, n_tet, site_k, tet_k, Tet_Sphere, Compute_RPD, GPU2CPU, Non_Dup_RPCs
2964, 2456, 36, 94, 0.31000, 0.45000, 0.09000, 0.27000, 
n_site, n_tet, site_k, tet_k, Tet_Sphere, Compute_RPD, GPU2CPU, Non_Dup_RPCs
2964, 2456, 36, 93, 0.34000, 0.30000, 0.08000, 0.26000, 
n_site, n_tet, site_k, tet_k, Tet_Sphere, Compute_RPD, GPU2CPU, Non_Dup_RPCs
2964, 2456, 36, 92, 0.31000, 0.43000, 0.14000, 0.27000, 
n_site, n_tet, site_k, tet_k, Tet_Sphere, Compute_RPD, GPU2CPU, Non_Dup_RPCs
2964, 2456, 36, 93, 0.31000, 0.40000, 0.14000, 0.25000, 
n_site, n_tet, site_k, tet_k, Tet_Sphere, Compute_RPD, GPU2CPU, Non_Dup_RPCs
2964, 2456, 36, 93, 0.32000, 0.41000, 0.14000, 0.25000, 
n_site, n_tet, site_k, tet_k, Tet_Sphere, Compute_RPD, GPU2CPU, Non_Dup_RPCs
2964, 2456, 36, 94, 0.34000, 0.32000, 0.08000, 0.27000, 
n_site, n_tet, site_k, tet_k, Tet_Sphere, Compute_RPD, GPU2CPU, Non_Dup_RPCs
2964, 2456, 36, 94, 0.34000, 0.31000, 0.09000, 0.27000, 
n_site, n_tet, site_k, tet_k, Tet_Sphere, Compute_RPD, GPU2CPU, Non_Dup_RPCs
2964, 2456, 36, 93, 0.32000, 0.32000, 0.07000, 0.27000, 
n_site, n_tet, site_k, tet_k, Tet_Sphere, Compute_RPD, GPU2CPU, Non_Dup_RPCs
2964, 2456, 36, 92, 0.23000, 0.31000, 0.07000, 0.27000, 
n_site, n_tet, site_k, tet_k, Tet_Sphere, Compute_RPD, GPU2CPU, Non_Dup_RPCs
2964, 2456, 36, 92, 0.24000, 0.30000, 0.08000, 0.25000, 
n_site, n_tet, site_k, tet_k, Tet_Sphere, Compute_RPD, GPU2CPU, Non_Dup_RPCs
2965, 2456, 36, 92, 0.23000, 0.31000, 0.07000, 0.27000, 
n_site, n_tet, site_k, tet_k, Tet_Sphere, Compute_RPD, GPU2CPU, Non_Dup_RPCs
3037, 2456, 36, 94, 0.31000, 0.32000, 0.08000, 0.26000, 
n_site, n_tet, site_k, tet_k, Tet_Sphere, Compute_RPD, GPU2CPU, Non_Dup_RPCs
3037, 2456, 36, 94, 0.24000, 0.29000, 0.07000, 0.27000, 
n_site, n_tet, site_k, tet_k, Tet_Sphere, Compute_RPD, GPU2CPU, Non_Dup_RPCs
3037, 2456, 26, 97, 0.33000, 0.32000, 0.08000, 0.27000, 
n_site, n_tet, site_k, tet_k, Tet_Sphere, Compute_RPD, GPU2CPU, Non_Dup_RPCs
3001, 2456, 26, 94, 0.32000, 0.28000, 0.08000, 0.26000, 
n_site, n_tet, site_k, tet_k, Tet_Sphere, Compute_RPD, GPU2CPU, Non_Dup_RPCs
869, 2087, 25, 35, 0.06000, 0.27000, 0.04000, 0.09000, 
n_site, n_tet, site_k, tet_k, Tet_Sphere, Compute_RPD, GPU2CPU, Non_Dup_RPCs
14, 7, 13, 5, 0.01000, 0.00000, 0.00000, 0.00000, 
n_site, n_tet, site_k, tet_k, Tet_Sphere, Compute_RPD, GPU2CPU, Non_Dup_RPCs
15, 7, 12, 6, 0.01000, 0.00000, 0.00000, 0.00000, 
n_site, n_tet, site_k, tet_k, Tet_Sphere, Compute_RPD, GPU2CPU, Non_Dup_RPCs
3003, 2456, 26, 94, 0.29000, 0.39000, 0.08000, 0.28000, 
n_site, n_tet, site_k, tet_k, Tet_Sphere, Compute_RPD, GPU2CPU, Non_Dup_RPCs
1022, 6297, 57, 234, 0.09000, 2.55000, 0.81000, 0.57000, 
n_site, n_tet, site_k, tet_k, Tet_Sphere, Compute_RPD, GPU2CPU, Non_Dup_RPCs
271, 396, 48, 12, 0.02000, 0.02000, 0.01000, 0.00000, 
n_site, n_tet, site_k, tet_k, Tet_Sphere, Compute_RPD, GPU2CPU, Non_Dup_RPCs
454, 6297, 63, 161, 0.10000, 2.18000, 0.34000, 0.24000, 
n_site, n_tet, site_k, tet_k, Tet_Sphere, Compute_RPD, GPU2CPU, Non_Dup_RPCs
454, 6297, 71, 158, 0.07000, 1.37000, 0.33000, 0.19000, 
n_site, n_tet, site_k, tet_k, Tet_Sphere, Compute_RPD, GPU2CPU, Non_Dup_RPCs
454, 6297, 71, 159, 0.03000, 1.40000, 0.59000, 0.20000, 
n_site, n_tet, site_k, tet_k, Tet_Sphere, Compute_RPD, GPU2CPU, Non_Dup_RPCs
454, 6297, 71, 158, 0.05000, 1.59000, 0.57000, 0.20000, 
n_site, n_tet, site_k, tet_k, Tet_Sphere, Compute_RPD, GPU2CPU, Non_Dup_RPCs
454, 6297, 70, 158, 0.03000, 1.49000, 0.56000, 0.22000, 
n_site, n_tet, site_k, tet_k, Tet_Sphere, Compute_RPD, GPU2CPU, Non_Dup_RPCs
454, 6297, 64, 149, 0.03000, 1.36000, 0.51000, 0.16000, 
n_site, n_tet, site_k, tet_k, Tet_Sphere, Compute_RPD, GPU2CPU, Non_Dup_RPCs
454, 6297, 61, 146, 0.03000, 1.29000, 0.32000, 0.19000, 
n_site, n_tet, site_k, tet_k, Tet_Sphere, Compute_RPD, GPU2CPU, Non_Dup_RPCs
454, 6297, 59, 145, 0.03000, 1.41000, 0.50000, 0.18000, 
n_site, n_tet, site_k, tet_k, Tet_Sphere, Compute_RPD, GPU2CPU, Non_Dup_RPCs
454, 6297, 58, 142, 0.03000, 1.30000, 0.48000, 0.20000, 
n_site, n_tet, site_k, tet_k, Tet_Sphere, Compute_RPD, GPU2CPU, Non_Dup_RPCs
454, 6297, 57, 143, 0.04000, 1.40000, 0.32000, 0.19000, 
n_site, n_tet, site_k, tet_k, Tet_Sphere, Compute_RPD, GPU2CPU, Non_Dup_RPCs
454, 6297, 56, 136, 0.04000, 1.22000, 0.36000, 0.17000, 
n_site, n_tet, site_k, tet_k, Tet_Sphere, Compute_RPD, GPU2CPU, Non_Dup_RPCs
454, 6297, 54, 127, 0.04000, 1.12000, 0.28000, 0.14000, 
n_site, n_tet, site_k, tet_k, Tet_Sphere, Compute_RPD, GPU2CPU, Non_Dup_RPCs
454, 6297, 51, 119, 0.03000, 1.11000, 0.42000, 0.14000, 
n_site, n_tet, site_k, tet_k, Tet_Sphere, Compute_RPD, GPU2CPU, Non_Dup_RPCs
454, 6297, 47, 116, 0.03000, 0.94000, 0.26000, 0.14000, 
n_site, n_tet, site_k, tet_k, Tet_Sphere, Compute_RPD, GPU2CPU, Non_Dup_RPCs
454, 6297, 46, 110, 0.03000, 1.04000, 0.30000, 0.16000, 
n_site, n_tet, site_k, tet_k, Tet_Sphere, Compute_RPD, GPU2CPU, Non_Dup_RPCs
454, 6297, 47, 109, 0.04000, 1.08000, 0.38000, 0.18000, 
n_site, n_tet, site_k, tet_k, Tet_Sphere, Compute_RPD, GPU2CPU, Non_Dup_RPCs
454, 6297, 41, 104, 0.03000, 0.93000, 0.23000, 0.16000, 
n_site, n_tet, site_k, tet_k, Tet_Sphere, Compute_RPD, GPU2CPU, Non_Dup_RPCs
454, 6297, 40, 98, 0.03000, 0.77000, 0.22000, 0.13000, 
n_site, n_tet, site_k, tet_k, Tet_Sphere, Compute_RPD, GPU2CPU, Non_Dup_RPCs
454, 6297, 42, 95, 0.03000, 0.87000, 0.33000, 0.14000, 
n_site, n_tet, site_k, tet_k, Tet_Sphere, Compute_RPD, GPU2CPU, Non_Dup_RPCs
454, 6297, 42, 93, 0.03000, 0.85000, 0.20000, 0.13000, 
n_site, n_tet, site_k, tet_k, Tet_Sphere, Compute_RPD, GPU2CPU, Non_Dup_RPCs
454, 6297, 43, 88, 0.03000, 0.82000, 0.30000, 0.12000, 
n_site, n_tet, site_k, tet_k, Tet_Sphere, Compute_RPD, GPU2CPU, Non_Dup_RPCs
454, 6297, 43, 83, 0.04000, 0.72000, 0.20000, 0.12000, 
n_site, n_tet, site_k, tet_k, Tet_Sphere, Compute_RPD, GPU2CPU, Non_Dup_RPCs
454, 6297, 41, 80, 0.02000, 0.63000, 0.20000, 0.12000, 
n_site, n_tet, site_k, tet_k, Tet_Sphere, Compute_RPD, GPU2CPU, Non_Dup_RPCs
454, 6297, 41, 80, 0.04000, 0.64000, 0.18000, 0.11000, 
n_site, n_tet, site_k, tet_k, Tet_Sphere, Compute_RPD, GPU2CPU, Non_Dup_RPCs
454, 6297, 41, 80, 0.03000, 0.57000, 0.17000, 0.12000, 
n_site, n_tet, site_k, tet_k, Tet_Sphere, Compute_RPD, GPU2CPU, Non_Dup_RPCs
646, 6297, 49, 93, 0.07000, 0.83000, 0.21000, 0.14000, 
n_site, n_tet, site_k, tet_k, Tet_Sphere, Compute_RPD, GPU2CPU, Non_Dup_RPCs
705, 6297, 53, 162, 0.08000, 1.63000, 0.40000, 0.21000, 
n_site, n_tet, site_k, tet_k, Tet_Sphere, Compute_RPD, GPU2CPU, Non_Dup_RPCs
705, 6297, 53, 162, 0.09000, 1.58000, 0.40000, 0.18000, 
n_site, n_tet, site_k, tet_k, Tet_Sphere, Compute_RPD, GPU2CPU, Non_Dup_RPCs
705, 6297, 62, 184, 0.10000, 1.86000, 0.58000, 0.30000, 
n_site, n_tet, site_k, tet_k, Tet_Sphere, Compute_RPD, GPU2CPU, Non_Dup_RPCs
532, 6297, 65, 126, 0.07000, 1.23000, 0.27000, 0.13000, 
n_site, n_tet, site_k, tet_k, Tet_Sphere, Compute_RPD, GPU2CPU, Non_Dup_RPCs
532, 6297, 64, 125, 0.12000, 1.28000, 0.26000, 0.14000, 
n_site, n_tet, site_k, tet_k, Tet_Sphere, Compute_RPD, GPU2CPU, Non_Dup_RPCs
532, 6297, 64, 128, 0.04000, 1.18000, 0.27000, 0.15000, 
n_site, n_tet, site_k, tet_k, Tet_Sphere, Compute_RPD, GPU2CPU, Non_Dup_RPCs
532, 6297, 64, 127, 0.04000, 1.10000, 0.28000, 0.16000, 
n_site, n_tet, site_k, tet_k, Tet_Sphere, Compute_RPD, GPU2CPU, Non_Dup_RPCs
532, 6297, 64, 127, 0.04000, 1.18000, 0.44000, 0.16000, 
n_site, n_tet, site_k, tet_k, Tet_Sphere, Compute_RPD, GPU2CPU, Non_Dup_RPCs
532, 6297, 64, 126, 0.04000, 1.07000, 0.43000, 0.17000, 
n_site, n_tet, site_k, tet_k, Tet_Sphere, Compute_RPD, GPU2CPU, Non_Dup_RPCs
532, 6297, 62, 129, 0.04000, 1.23000, 0.44000, 0.21000, 
n_site, n_tet, site_k, tet_k, Tet_Sphere, Compute_RPD, GPU2CPU, Non_Dup_RPCs
532, 6297, 61, 123, 0.03000, 1.22000, 0.42000, 0.19000, 
n_site, n_tet, site_k, tet_k, Tet_Sphere, Compute_RPD, GPU2CPU, Non_Dup_RPCs
532, 6297, 59, 119, 0.03000, 1.13000, 0.41000, 0.20000, 
n_site, n_tet, site_k, tet_k, Tet_Sphere, Compute_RPD, GPU2CPU, Non_Dup_RPCs
532, 6297, 59, 118, 0.03000, 1.08000, 0.41000, 0.19000, 
n_site, n_tet, site_k, tet_k, Tet_Sphere, Compute_RPD, GPU2CPU, Non_Dup_RPCs
532, 6297, 60, 119, 0.04000, 1.10000, 0.41000, 0.15000, 
n_site, n_tet, site_k, tet_k, Tet_Sphere, Compute_RPD, GPU2CPU, Non_Dup_RPCs
532, 6297, 58, 117, 0.03000, 0.99000, 0.40000, 0.15000, 
n_site, n_tet, site_k, tet_k, Tet_Sphere, Compute_RPD, GPU2CPU, Non_Dup_RPCs
532, 6297, 55, 117, 0.04000, 1.04000, 0.25000, 0.15000, 
n_site, n_tet, site_k, tet_k, Tet_Sphere, Compute_RPD, GPU2CPU, Non_Dup_RPCs
532, 6297, 51, 114, 0.04000, 1.01000, 0.40000, 0.16000, 
n_site, n_tet, site_k, tet_k, Tet_Sphere, Compute_RPD, GPU2CPU, Non_Dup_RPCs
532, 6297, 54, 112, 0.04000, 0.94000, 0.39000, 0.15000, 
n_site, n_tet, site_k, tet_k, Tet_Sphere, Compute_RPD, GPU2CPU, Non_Dup_RPCs
532, 6297, 63, 111, 0.03000, 0.98000, 0.38000, 0.15000, 
n_site, n_tet, site_k, tet_k, Tet_Sphere, Compute_RPD, GPU2CPU, Non_Dup_RPCs
532, 6297, 67, 109, 0.04000, 0.97000, 0.37000, 0.15000, 
n_site, n_tet, site_k, tet_k, Tet_Sphere, Compute_RPD, GPU2CPU, Non_Dup_RPCs
532, 6297, 67, 107, 0.04000, 0.83000, 0.23000, 0.15000, 
n_site, n_tet, site_k, tet_k, Tet_Sphere, Compute_RPD, GPU2CPU, Non_Dup_RPCs
532, 6297, 69, 108, 0.03000, 0.94000, 0.22000, 0.15000, 
n_site, n_tet, site_k, tet_k, Tet_Sphere, Compute_RPD, GPU2CPU, Non_Dup_RPCs
532, 6297, 69, 108, 0.04000, 0.95000, 0.24000, 0.16000, 
n_site, n_tet, site_k, tet_k, Tet_Sphere, Compute_RPD, GPU2CPU, Non_Dup_RPCs
546, 6297, 69, 112, 0.08000, 1.17000, 0.39000, 0.16000, 
n_site, n_tet, site_k, tet_k, Tet_Sphere, Compute_RPD, GPU2CPU, Non_Dup_RPCs
617, 6297, 82, 130, 0.09000, 1.30000, 0.28000, 0.15000, 
n_site, n_tet, site_k, tet_k, Tet_Sphere, Compute_RPD, GPU2CPU, Non_Dup_RPCs
617, 6297, 82, 130, 0.07000, 1.15000, 0.28000, 0.15000, 
n_site, n_tet, site_k, tet_k, Tet_Sphere, Compute_RPD, GPU2CPU, Non_Dup_RPCs
617, 6297, 76, 149, 0.07000, 1.45000, 0.53000, 0.18000, 
n_site, n_tet, site_k, tet_k, Tet_Sphere, Compute_RPD, GPU2CPU, Non_Dup_RPCs
536, 6297, 81, 114, 0.07000, 1.08000, 0.29000, 0.17000, 
n_site, n_tet, site_k, tet_k, Tet_Sphere, Compute_RPD, GPU2CPU, Non_Dup_RPCs
512, 5799, 77, 107, 0.08000, 1.07000, 0.21000, 0.13000, 
n_site, n_tet, site_k, tet_k, Tet_Sphere, Compute_RPD, GPU2CPU, Non_Dup_RPCs
541, 6297, 82, 118, 0.08000, 1.18000, 0.27000, 0.15000, 
n_site, n_tet, site_k, tet_k, Tet_Sphere, Compute_RPD, GPU2CPU, Non_Dup_RPCs
541, 6297, 82, 118, 0.04000, 1.02000, 0.41000, 0.16000, 
n_site, n_tet, site_k, tet_k, Tet_Sphere, Compute_RPD, GPU2CPU, Non_Dup_RPCs
541, 6297, 82, 118, 0.04000, 0.99000, 0.26000, 0.15000, 
n_site, n_tet, site_k, tet_k, Tet_Sphere, Compute_RPD, GPU2CPU, Non_Dup_RPCs
541, 6297, 79, 115, 0.03000, 1.00000, 0.40000, 0.15000, 
n_site, n_tet, site_k, tet_k, Tet_Sphere, Compute_RPD, GPU2CPU, Non_Dup_RPCs
541, 6297, 80, 112, 0.04000, 0.99000, 0.24000, 0.15000, 
n_site, n_tet, site_k, tet_k, Tet_Sphere, Compute_RPD, GPU2CPU, Non_Dup_RPCs
541, 6297, 81, 111, 0.03000, 0.97000, 0.39000, 0.15000, 
n_site, n_tet, site_k, tet_k, Tet_Sphere, Compute_RPD, GPU2CPU, Non_Dup_RPCs
541, 6297, 81, 111, 0.03000, 0.97000, 0.38000, 0.16000, 
n_site, n_tet, site_k, tet_k, Tet_Sphere, Compute_RPD, GPU2CPU, Non_Dup_RPCs
541, 6297, 80, 112, 0.04000, 1.00000, 0.39000, 0.14000, 
n_site, n_tet, site_k, tet_k, Tet_Sphere, Compute_RPD, GPU2CPU, Non_Dup_RPCs
541, 6297, 78, 110, 0.04000, 0.89000, 0.23000, 0.15000, 
n_site, n_tet, site_k, tet_k, Tet_Sphere, Compute_RPD, GPU2CPU, Non_Dup_RPCs
541, 6297, 78, 107, 0.04000, 0.96000, 0.37000, 0.15000, 
n_site, n_tet, site_k, tet_k, Tet_Sphere, Compute_RPD, GPU2CPU, Non_Dup_RPCs
541, 6297, 78, 108, 0.05000, 0.97000, 0.38000, 0.15000, 
n_site, n_tet, site_k, tet_k, Tet_Sphere, Compute_RPD, GPU2CPU, Non_Dup_RPCs
541, 6297, 79, 104, 0.04000, 0.84000, 0.23000, 0.15000, 
n_site, n_tet, site_k, tet_k, Tet_Sphere, Compute_RPD, GPU2CPU, Non_Dup_RPCs
541, 6297, 79, 104, 0.04000, 0.93000, 0.22000, 0.15000, 
n_site, n_tet, site_k, tet_k, Tet_Sphere, Compute_RPD, GPU2CPU, Non_Dup_RPCs
546, 6297, 79, 105, 0.08000, 1.04000, 0.26000, 0.16000, 
n_site, n_tet, site_k, tet_k, Tet_Sphere, Compute_RPD, GPU2CPU, Non_Dup_RPCs
627, 6297, 54, 118, 0.09000, 1.28000, 0.26000, 0.15000, 
n_site, n_tet, site_k, tet_k, Tet_Sphere, Compute_RPD, GPU2CPU, Non_Dup_RPCs
627, 6297, 54, 118, 0.07000, 1.15000, 0.25000, 0.15000, 
n_site, n_tet, site_k, tet_k, Tet_Sphere, Compute_RPD, GPU2CPU, Non_Dup_RPCs
627, 6297, 89, 135, 0.07000, 1.32000, 0.30000, 0.16000, 
n_site, n_tet, site_k, tet_k, Tet_Sphere, Compute_RPD, GPU2CPU, Non_Dup_RPCs
570, 6297, 89, 115, 0.07000, 1.08000, 0.25000, 0.15000, 
n_site, n_tet, site_k, tet_k, Tet_Sphere, Compute_RPD, GPU2CPU, Non_Dup_RPCs
550, 6297, 89, 103, 0.14000, 1.08000, 0.25000, 0.20000, 
n_site, n_tet, site_k, tet_k, Tet_Sphere, Compute_RPD, GPU2CPU, Non_Dup_RPCs
1113, 6996, 97, 32, 0.08000, 0.31000, 0.08000, 0.21000, 
n_site, n_tet, site_k, tet_k, Tet_Sphere, Compute_RPD, GPU2CPU, Non_Dup_RPCs
284, 774, 86, 5, 0.01000, 0.01000, 0.00000, 0.00000, 
n_site, n_tet, site_k, tet_k, Tet_Sphere, Compute_RPD, GPU2CPU, Non_Dup_RPCs
1178, 2999, 115, 13, 0.04000, 0.06000, 0.01000, 0.03000, 
n_site, n_tet, site_k, tet_k, Tet_Sphere, Compute_RPD, GPU2CPU, Non_Dup_RPCs
144, 367, 31, 10, 0.01000, 0.00000, 0.01000, 0.00000, 
n_site, n_tet, site_k, tet_k, Tet_Sphere, Compute_RPD, GPU2CPU, Non_Dup_RPCs
1160, 5671, 129, 31, 0.20000, 0.25000, 0.06000, 0.12000, 
n_site, n_tet, site_k, tet_k, Tet_Sphere, Compute_RPD, GPU2CPU, Non_Dup_RPCs
778, 2943, 80, 22, 0.08000, 0.27000, 0.02000, 0.03000, 
n_site, n_tet, site_k, tet_k, Tet_Sphere, Compute_RPD, GPU2CPU, Non_Dup_RPCs
108, 56, 30, 13, 0.00000, 0.00000, 0.01000, 0.00000, 
n_site, n_tet, site_k, tet_k, Tet_Sphere, Compute_RPD, GPU2CPU, Non_Dup_RPCs
69, 19, 42, 8, 0.01000, 0.01000, 0.00000, 0.00000, 
n_site, n_tet, site_k, tet_k, Tet_Sphere, Compute_RPD, GPU2CPU, Non_Dup_RPCs
1224, 6996, 83, 32, 0.28000, 0.34000, 0.08000, 0.24000, 
n_site, n_tet, site_k, tet_k, Tet_Sphere, Compute_RPD, GPU2CPU, Non_Dup_RPCs
1224, 6996, 83, 30, 0.21000, 0.26000, 0.08000, 0.20000, 
n_site, n_tet, site_k, tet_k, Tet_Sphere, Compute_RPD, GPU2CPU, Non_Dup_RPCs
1224, 6996, 83, 30, 0.15000, 0.39000, 0.11000, 0.20000, 
n_site, n_tet, site_k, tet_k, Tet_Sphere, Compute_RPD, GPU2CPU, Non_Dup_RPCs
1224, 6996, 83, 30, 0.15000, 0.39000, 0.14000, 0.20000, 
n_site, n_tet, site_k, tet_k, Tet_Sphere, Compute_RPD, GPU2CPU, Non_Dup_RPCs
1224, 6996, 84, 30, 0.17000, 0.40000, 0.14000, 0.19000, 
n_site, n_tet, site_k, tet_k, Tet_Sphere, Compute_RPD, GPU2CPU, Non_Dup_RPCs
1224, 6996, 84, 30, 0.16000, 0.45000, 0.13000, 0.21000, 
n_site, n_tet, site_k, tet_k, Tet_Sphere, Compute_RPD, GPU2CPU, Non_Dup_RPCs
1224, 6996, 85, 30, 0.17000, 0.41000, 0.14000, 0.19000, 
n_site, n_tet, site_k, tet_k, Tet_Sphere, Compute_RPD, GPU2CPU, Non_Dup_RPCs
1224, 6996, 85, 30, 0.16000, 0.44000, 0.14000, 0.20000, 
n_site, n_tet, site_k, tet_k, Tet_Sphere, Compute_RPD, GPU2CPU, Non_Dup_RPCs
1224, 6996, 86, 29, 0.16000, 0.44000, 0.12000, 0.19000, 
n_site, n_tet, site_k, tet_k, Tet_Sphere, Compute_RPD, GPU2CPU, Non_Dup_RPCs
1224, 6996, 81, 29, 0.16000, 0.41000, 0.14000, 0.20000, 
n_site, n_tet, site_k, tet_k, Tet_Sphere, Compute_RPD, GPU2CPU, Non_Dup_RPCs
1224, 6996, 80, 29, 0.17000, 0.43000, 0.13000, 0.19000, 
n_site, n_tet, site_k, tet_k, Tet_Sphere, Compute_RPD, GPU2CPU, Non_Dup_RPCs
1224, 6996, 82, 30, 0.16000, 0.43000, 0.13000, 0.21000, 
n_site, n_tet, site_k, tet_k, Tet_Sphere, Compute_RPD, GPU2CPU, Non_Dup_RPCs
1224, 6996, 84, 30, 0.16000, 0.43000, 0.15000, 0.19000, 
n_site, n_tet, site_k, tet_k, Tet_Sphere, Compute_RPD, GPU2CPU, Non_Dup_RPCs
1224, 6996, 92, 29, 0.18000, 0.48000, 0.11000, 0.20000, 
n_site, n_tet, site_k, tet_k, Tet_Sphere, Compute_RPD, GPU2CPU, Non_Dup_RPCs
1224, 6996, 102, 30, 0.15000, 0.40000, 0.17000, 0.19000, 
n_site, n_tet, site_k, tet_k, Tet_Sphere, Compute_RPD, GPU2CPU, Non_Dup_RPCs
1224, 6996, 113, 30, 0.17000, 0.41000, 0.17000, 0.20000, 
n_site, n_tet, site_k, tet_k, Tet_Sphere, Compute_RPD, GPU2CPU, Non_Dup_RPCs
1224, 6996, 126, 30, 0.19000, 0.42000, 0.14000, 0.19000, 
n_site, n_tet, site_k, tet_k, Tet_Sphere, Compute_RPD, GPU2CPU, Non_Dup_RPCs
1224, 6996, 139, 31, 0.20000, 0.46000, 0.13000, 0.21000, 
n_site, n_tet, site_k, tet_k, Tet_Sphere, Compute_RPD, GPU2CPU, Non_Dup_RPCs
1224, 6996, 141, 31, 0.19000, 0.39000, 0.15000, 0.19000, 
n_site, n_tet, site_k, tet_k, Tet_Sphere, Compute_RPD, GPU2CPU, Non_Dup_RPCs
1224, 6996, 146, 31, 0.21000, 0.41000, 0.14000, 0.19000, 
n_site, n_tet, site_k, tet_k, Tet_Sphere, Compute_RPD, GPU2CPU, Non_Dup_RPCs
1224, 6996, 154, 29, 0.21000, 0.36000, 0.15000, 0.19000, 
n_site, n_tet, site_k, tet_k, Tet_Sphere, Compute_RPD, GPU2CPU, Non_Dup_RPCs
1224, 6996, 155, 29, 0.19000, 0.36000, 0.12000, 0.19000, 
n_site, n_tet, site_k, tet_k, Tet_Sphere, Compute_RPD, GPU2CPU, Non_Dup_RPCs
1224, 6996, 158, 29, 0.22000, 0.25000, 0.11000, 0.20000, 
n_site, n_tet, site_k, tet_k, Tet_Sphere, Compute_RPD, GPU2CPU, Non_Dup_RPCs
1224, 6996, 161, 29, 0.20000, 0.35000, 0.11000, 0.19000, 
n_site, n_tet, site_k, tet_k, Tet_Sphere, Compute_RPD, GPU2CPU, Non_Dup_RPCs
1224, 6996, 163, 29, 0.20000, 0.37000, 0.16000, 0.18000, 
n_site, n_tet, site_k, tet_k, Tet_Sphere, Compute_RPD, GPU2CPU, Non_Dup_RPCs
1224, 6996, 163, 29, 0.20000, 0.39000, 0.17000, 0.19000, 
n_site, n_tet, site_k, tet_k, Tet_Sphere, Compute_RPD, GPU2CPU, Non_Dup_RPCs
1463, 6996, 170, 30, 0.32000, 0.26000, 0.09000, 0.21000, 
n_site, n_tet, site_k, tet_k, Tet_Sphere, Compute_RPD, GPU2CPU, Non_Dup_RPCs
1613, 6996, 194, 35, 0.38000, 0.30000, 0.09000, 0.23000, 
n_site, n_tet, site_k, tet_k, Tet_Sphere, Compute_RPD, GPU2CPU, Non_Dup_RPCs
1613, 6996, 194, 35, 0.28000, 0.31000, 0.09000, 0.20000, 
n_site, n_tet, site_k, tet_k, Tet_Sphere, Compute_RPD, GPU2CPU, Non_Dup_RPCs
1613, 6996, 234, 36, 0.30000, 0.31000, 0.09000, 0.24000, 
n_site, n_tet, site_k, tet_k, Tet_Sphere, Compute_RPD, GPU2CPU, Non_Dup_RPCs
1591, 6996, 102, 36, 0.26000, 0.30000, 0.09000, 0.20000, 
n_site, n_tet, site_k, tet_k, Tet_Sphere, Compute_RPD, GPU2CPU, Non_Dup_RPCs
1598, 6212, 98, 36, 0.22000, 0.27000, 0.08000, 0.13000, 
n_site, n_tet, site_k, tet_k, Tet_Sphere, Compute_RPD, GPU2CPU, Non_Dup_RPCs
61, 33, 17, 9, 0.00000, 0.00000, 0.00000, 0.00000, 
n_site, n_tet, site_k, tet_k, Tet_Sphere, Compute_RPD, GPU2CPU, Non_Dup_RPCs
1609, 6996, 97, 37, 0.34000, 0.34000, 0.08000, 0.24000, 
n_site, n_tet, site_k, tet_k, Tet_Sphere, Compute_RPD, GPU2CPU, Non_Dup_RPCs
1609, 6996, 97, 37, 0.23000, 0.32000, 0.09000, 0.21000, 
n_site, n_tet, site_k, tet_k, Tet_Sphere, Compute_RPD, GPU2CPU, Non_Dup_RPCs
1609, 6996, 96, 37, 0.21000, 0.51000, 0.15000, 0.20000, 
n_site, n_tet, site_k, tet_k, Tet_Sphere, Compute_RPD, GPU2CPU, Non_Dup_RPCs
1609, 6996, 96, 37, 0.26000, 0.33000, 0.08000, 0.22000, 
n_site, n_tet, site_k, tet_k, Tet_Sphere, Compute_RPD, GPU2CPU, Non_Dup_RPCs
1609, 6996, 96, 37, 0.23000, 0.48000, 0.14000, 0.23000, 
n_site, n_tet, site_k, tet_k, Tet_Sphere, Compute_RPD, GPU2CPU, Non_Dup_RPCs
1609, 6996, 95, 40, 0.22000, 0.34000, 0.10000, 0.23000, 
n_site, n_tet, site_k, tet_k, Tet_Sphere, Compute_RPD, GPU2CPU, Non_Dup_RPCs
1609, 6996, 95, 42, 0.25000, 0.36000, 0.10000, 0.22000, 
n_site, n_tet, site_k, tet_k, Tet_Sphere, Compute_RPD, GPU2CPU, Non_Dup_RPCs
1609, 6996, 95, 42, 0.26000, 0.48000, 0.10000, 0.24000, 
n_site, n_tet, site_k, tet_k, Tet_Sphere, Compute_RPD, GPU2CPU, Non_Dup_RPCs
1609, 6996, 93, 40, 0.23000, 0.51000, 0.16000, 0.23000, 
n_site, n_tet, site_k, tet_k, Tet_Sphere, Compute_RPD, GPU2CPU, Non_Dup_RPCs
1609, 6996, 92, 41, 0.23000, 0.37000, 0.11000, 0.23000, 
n_site, n_tet, site_k, tet_k, Tet_Sphere, Compute_RPD, GPU2CPU, Non_Dup_RPCs
1609, 6996, 92, 41, 0.25000, 0.35000, 0.10000, 0.22000, 
n_site, n_tet, site_k, tet_k, Tet_Sphere, Compute_RPD, GPU2CPU, Non_Dup_RPCs
1609, 6996, 92, 40, 0.25000, 0.33000, 0.11000, 0.21000, 
n_site, n_tet, site_k, tet_k, Tet_Sphere, Compute_RPD, GPU2CPU, Non_Dup_RPCs
1609, 6996, 93, 41, 0.26000, 0.46000, 0.11000, 0.23000, 
n_site, n_tet, site_k, tet_k, Tet_Sphere, Compute_RPD, GPU2CPU, Non_Dup_RPCs
1609, 6996, 92, 40, 0.22000, 0.36000, 0.09000, 0.23000, 
n_site, n_tet, site_k, tet_k, Tet_Sphere, Compute_RPD, GPU2CPU, Non_Dup_RPCs
1609, 6996, 92, 38, 0.25000, 0.33000, 0.09000, 0.21000, 
n_site, n_tet, site_k, tet_k, Tet_Sphere, Compute_RPD, GPU2CPU, Non_Dup_RPCs
1609, 6996, 93, 38, 0.21000, 0.52000, 0.14000, 0.21000, 
n_site, n_tet, site_k, tet_k, Tet_Sphere, Compute_RPD, GPU2CPU, Non_Dup_RPCs
1609, 6996, 93, 38, 0.25000, 0.33000, 0.09000, 0.22000, 
n_site, n_tet, site_k, tet_k, Tet_Sphere, Compute_RPD, GPU2CPU, Non_Dup_RPCs
1609, 6996, 93, 38, 0.22000, 0.51000, 0.15000, 0.23000, 
n_site, n_tet, site_k, tet_k, Tet_Sphere, Compute_RPD, GPU2CPU, Non_Dup_RPCs
1609, 6996, 94, 39, 0.22000, 0.34000, 0.10000, 0.22000, 
n_site, n_tet, site_k, tet_k, Tet_Sphere, Compute_RPD, GPU2CPU, Non_Dup_RPCs
1609, 6996, 94, 39, 0.26000, 0.44000, 0.10000, 0.20000, 
n_site, n_tet, site_k, tet_k, Tet_Sphere, Compute_RPD, GPU2CPU, Non_Dup_RPCs
1612, 6996, 94, 39, 0.32000, 0.34000, 0.10000, 0.23000, 
n_site, n_tet, site_k, tet_k, Tet_Sphere, Compute_RPD, GPU2CPU, Non_Dup_RPCs
1748, 6996, 97, 42, 0.34000, 0.51000, 0.11000, 0.24000, 
n_site, n_tet, site_k, tet_k, Tet_Sphere, Compute_RPD, GPU2CPU, Non_Dup_RPCs
1748, 6996, 97, 42, 0.27000, 0.49000, 0.10000, 0.23000, 
n_site, n_tet, site_k, tet_k, Tet_Sphere, Compute_RPD, GPU2CPU, Non_Dup_RPCs
1748, 6996, 113, 44, 0.31000, 0.37000, 0.17000, 0.25000, 
n_site, n_tet, site_k, tet_k, Tet_Sphere, Compute_RPD, GPU2CPU, Non_Dup_RPCs
1737, 6996, 113, 44, 0.27000, 0.36000, 0.12000, 0.22000, 
n_site, n_tet, site_k, tet_k, Tet_Sphere, Compute_RPD, GPU2CPU, Non_Dup_RPCs
1597, 5341, 109, 43, 0.26000, 0.50000, 0.10000, 0.12000, 
n_site, n_tet, site_k, tet_k, Tet_Sphere, Compute_RPD, GPU2CPU, Non_Dup_RPCs
50, 23, 16, 8, 0.00000, 0.01000, 0.00000, 0.00000, 
n_site, n_tet, site_k, tet_k, Tet_Sphere, Compute_RPD, GPU2CPU, Non_Dup_RPCs
26, 11, 16, 6, 0.00000, 0.01000, 0.00000, 0.00000, 
n_site, n_tet, site_k, tet_k, Tet_Sphere, Compute_RPD, GPU2CPU, Non_Dup_RPCs
1751, 6996, 112, 44, 0.32000, 0.44000, 0.11000, 0.24000, 
n_site, n_tet, site_k, tet_k, Tet_Sphere, Compute_RPD, GPU2CPU, Non_Dup_RPCs
1751, 6996, 112, 44, 0.29000, 0.50000, 0.10000, 0.23000, 
n_site, n_tet, site_k, tet_k, Tet_Sphere, Compute_RPD, GPU2CPU, Non_Dup_RPCs
1751, 6996, 112, 44, 0.30000, 0.55000, 0.11000, 0.25000, 
n_site, n_tet, site_k, tet_k, Tet_Sphere, Compute_RPD, GPU2CPU, Non_Dup_RPCs
1751, 6996, 112, 44, 0.34000, 0.39000, 0.10000, 0.23000, 
n_site, n_tet, site_k, tet_k, Tet_Sphere, Compute_RPD, GPU2CPU, Non_Dup_RPCs
1751, 6996, 111, 44, 0.32000, 0.50000, 0.10000, 0.24000, 
n_site, n_tet, site_k, tet_k, Tet_Sphere, Compute_RPD, GPU2CPU, Non_Dup_RPCs
1751, 6996, 110, 44, 0.34000, 0.40000, 0.12000, 0.23000, 
n_site, n_tet, site_k, tet_k, Tet_Sphere, Compute_RPD, GPU2CPU, Non_Dup_RPCs
1751, 6996, 106, 44, 0.34000, 0.40000, 0.12000, 0.24000, 
n_site, n_tet, site_k, tet_k, Tet_Sphere, Compute_RPD, GPU2CPU, Non_Dup_RPCs
1751, 6996, 105, 45, 0.35000, 0.41000, 0.10000, 0.24000, 
n_site, n_tet, site_k, tet_k, Tet_Sphere, Compute_RPD, GPU2CPU, Non_Dup_RPCs
1751, 6996, 107, 44, 0.30000, 0.51000, 0.12000, 0.24000, 
n_site, n_tet, site_k, tet_k, Tet_Sphere, Compute_RPD, GPU2CPU, Non_Dup_RPCs
1751, 6996, 110, 44, 0.34000, 0.38000, 0.12000, 0.23000, 
n_site, n_tet, site_k, tet_k, Tet_Sphere, Compute_RPD, GPU2CPU, Non_Dup_RPCs
1751, 6996, 110, 45, 0.32000, 0.51000, 0.12000, 0.24000, 
n_site, n_tet, site_k, tet_k, Tet_Sphere, Compute_RPD, GPU2CPU, Non_Dup_RPCs
1751, 6996, 113, 44, 0.32000, 0.37000, 0.11000, 0.24000, 
n_site, n_tet, site_k, tet_k, Tet_Sphere, Compute_RPD, GPU2CPU, Non_Dup_RPCs
1751, 6996, 115, 45, 0.33000, 0.41000, 0.11000, 0.24000, 
n_site, n_tet, site_k, tet_k, Tet_Sphere, Compute_RPD, GPU2CPU, Non_Dup_RPCs
1751, 6996, 115, 45, 0.30000, 0.55000, 0.10000, 0.24000, 
n_site, n_tet, site_k, tet_k, Tet_Sphere, Compute_RPD, GPU2CPU, Non_Dup_RPCs
1752, 6996, 115, 45, 0.33000, 0.41000, 0.11000, 0.25000, 
n_site, n_tet, site_k, tet_k, Tet_Sphere, Compute_RPD, GPU2CPU, Non_Dup_RPCs
1899, 6996, 101, 54, 0.35000, 0.51000, 0.14000, 0.23000, 
n_site, n_tet, site_k, tet_k, Tet_Sphere, Compute_RPD, GPU2CPU, Non_Dup_RPCs
1899, 6996, 101, 54, 0.29000, 0.50000, 0.14000, 0.26000, 
n_site, n_tet, site_k, tet_k, Tet_Sphere, Compute_RPD, GPU2CPU, Non_Dup_RPCs
1899, 6996, 129, 55, 0.32000, 0.53000, 0.14000, 0.23000, 
n_site, n_tet, site_k, tet_k, Tet_Sphere, Compute_RPD, GPU2CPU, Non_Dup_RPCs
1882, 6996, 127, 54, 0.35000, 0.50000, 0.14000, 0.25000, 
n_site, n_tet, site_k, tet_k, Tet_Sphere, Compute_RPD, GPU2CPU, Non_Dup_RPCs
1628, 4651, 123, 50, 0.27000, 0.44000, 0.08000, 0.11000, 
n_site, n_tet, site_k, tet_k, Tet_Sphere, Compute_RPD, GPU2CPU, Non_Dup_RPCs
46, 23, 17, 8, 0.00000, 0.00000, 0.00000, 0.00000, 
n_site, n_tet, site_k, tet_k, Tet_Sphere, Compute_RPD, GPU2CPU, Non_Dup_RPCs
1890, 6996, 127, 54, 0.30000, 0.56000, 0.12000, 0.25000, 
n_site, n_tet, site_k, tet_k, Tet_Sphere, Compute_RPD, GPU2CPU, Non_Dup_RPCs
995, 17913, 65, 42, 0.19000, 1.29000, 0.25000, 0.30000, 
n_site, n_tet, site_k, tet_k, Tet_Sphere, Compute_RPD, GPU2CPU, Non_Dup_RPCs
1164, 13072, 67, 38, 0.18000, 0.82000, 0.17000, 0.12000, 
n_site, n_tet, site_k, tet_k, Tet_Sphere, Compute_RPD, GPU2CPU, Non_Dup_RPCs
989, 7383, 49, 31, 0.09000, 0.52000, 0.12000, 0.05000, 
n_site, n_tet, site_k, tet_k, Tet_Sphere, Compute_RPD, GPU2CPU, Non_Dup_RPCs
501, 2332, 43, 11, 0.03000, 0.07000, 0.03000, 0.01000, 
n_site, n_tet, site_k, tet_k, Tet_Sphere, Compute_RPD, GPU2CPU, Non_Dup_RPCs
187, 613, 38, 12, 0.00000, 0.02000, 0.00000, 0.01000, 
n_site, n_tet, site_k, tet_k, Tet_Sphere, Compute_RPD, GPU2CPU, Non_Dup_RPCs
1021, 17598, 60, 35, 0.36000, 1.09000, 0.22000, 0.27000, 
n_site, n_tet, site_k, tet_k, Tet_Sphere, Compute_RPD, GPU2CPU, Non_Dup_RPCs
392, 3459, 53, 14, 0.04000, 0.23000, 0.02000, 0.02000, 
n_site, n_tet, site_k, tet_k, Tet_Sphere, Compute_RPD, GPU2CPU, Non_Dup_RPCs
72, 370, 36, 7, 0.01000, 0.01000, 0.00000, 0.00000, 
n_site, n_tet, site_k, tet_k, Tet_Sphere, Compute_RPD, GPU2CPU, Non_Dup_RPCs
60, 318, 37, 8, 0.00000, 0.02000, 0.01000, 0.00000, 
n_site, n_tet, site_k, tet_k, Tet_Sphere, Compute_RPD, GPU2CPU, Non_Dup_RPCs
186, 2269, 60, 12, 0.03000, 0.14000, 0.06000, 0.01000, 
n_site, n_tet, site_k, tet_k, Tet_Sphere, Compute_RPD, GPU2CPU, Non_Dup_RPCs
1026, 17913, 60, 42, 0.37000, 1.29000, 0.26000, 0.28000, 
n_site, n_tet, site_k, tet_k, Tet_Sphere, Compute_RPD, GPU2CPU, Non_Dup_RPCs
1026, 17913, 59, 42, 0.46000, 1.18000, 0.27000, 0.28000, 
n_site, n_tet, site_k, tet_k, Tet_Sphere, Compute_RPD, GPU2CPU, Non_Dup_RPCs
1026, 17913, 59, 42, 0.40000, 1.34000, 0.42000, 0.30000, 
n_site, n_tet, site_k, tet_k, Tet_Sphere, Compute_RPD, GPU2CPU, Non_Dup_RPCs
1026, 17913, 59, 42, 0.33000, 1.06000, 0.28000, 0.28000, 
n_site, n_tet, site_k, tet_k, Tet_Sphere, Compute_RPD, GPU2CPU, Non_Dup_RPCs
1026, 17913, 59, 42, 0.34000, 1.06000, 0.26000, 0.29000, 
n_site, n_tet, site_k, tet_k, Tet_Sphere, Compute_RPD, GPU2CPU, Non_Dup_RPCs
1026, 17913, 59, 42, 0.37000, 1.18000, 0.27000, 0.30000, 
n_site, n_tet, site_k, tet_k, Tet_Sphere, Compute_RPD, GPU2CPU, Non_Dup_RPCs
1026, 17913, 55, 43, 0.34000, 1.15000, 0.26000, 0.28000, 
n_site, n_tet, site_k, tet_k, Tet_Sphere, Compute_RPD, GPU2CPU, Non_Dup_RPCs
1026, 17913, 56, 43, 0.36000, 1.07000, 0.28000, 0.27000, 
n_site, n_tet, site_k, tet_k, Tet_Sphere, Compute_RPD, GPU2CPU, Non_Dup_RPCs
1026, 17913, 58, 41, 0.36000, 0.99000, 0.26000, 0.29000, 
n_site, n_tet, site_k, tet_k, Tet_Sphere, Compute_RPD, GPU2CPU, Non_Dup_RPCs
1026, 17913, 60, 41, 0.41000, 1.12000, 0.32000, 0.30000, 
n_site, n_tet, site_k, tet_k, Tet_Sphere, Compute_RPD, GPU2CPU, Non_Dup_RPCs
1026, 17913, 61, 42, 0.38000, 1.11000, 0.27000, 0.28000, 
n_site, n_tet, site_k, tet_k, Tet_Sphere, Compute_RPD, GPU2CPU, Non_Dup_RPCs
1026, 17913, 64, 42, 0.37000, 1.06000, 0.25000, 0.29000, 
n_site, n_tet, site_k, tet_k, Tet_Sphere, Compute_RPD, GPU2CPU, Non_Dup_RPCs
1026, 17913, 65, 42, 0.37000, 1.23000, 0.38000, 0.37000, 
n_site, n_tet, site_k, tet_k, Tet_Sphere, Compute_RPD, GPU2CPU, Non_Dup_RPCs
1026, 17913, 66, 42, 0.34000, 1.11000, 0.26000, 0.38000, 
n_site, n_tet, site_k, tet_k, Tet_Sphere, Compute_RPD, GPU2CPU, Non_Dup_RPCs
1026, 17913, 66, 42, 0.40000, 1.20000, 0.26000, 0.27000, 
n_site, n_tet, site_k, tet_k, Tet_Sphere, Compute_RPD, GPU2CPU, Non_Dup_RPCs
1026, 17913, 66, 42, 0.38000, 1.16000, 0.27000, 0.27000, 
n_site, n_tet, site_k, tet_k, Tet_Sphere, Compute_RPD, GPU2CPU, Non_Dup_RPCs
1026, 17913, 66, 43, 0.35000, 1.17000, 0.31000, 0.30000, 
n_site, n_tet, site_k, tet_k, Tet_Sphere, Compute_RPD, GPU2CPU, Non_Dup_RPCs
1026, 17913, 67, 43, 0.38000, 1.10000, 0.26000, 0.28000, 
n_site, n_tet, site_k, tet_k, Tet_Sphere, Compute_RPD, GPU2CPU, Non_Dup_RPCs
1026, 17913, 68, 43, 0.38000, 1.08000, 0.27000, 0.30000, 
n_site, n_tet, site_k, tet_k, Tet_Sphere, Compute_RPD, GPU2CPU, Non_Dup_RPCs
1026, 17913, 69, 43, 0.38000, 1.32000, 0.42000, 0.37000, 
n_site, n_tet, site_k, tet_k, Tet_Sphere, Compute_RPD, GPU2CPU, Non_Dup_RPCs
1026, 17913, 73, 42, 0.40000, 1.08000, 0.32000, 0.37000, 
n_site, n_tet, site_k, tet_k, Tet_Sphere, Compute_RPD, GPU2CPU, Non_Dup_RPCs
1026, 17913, 80, 41, 0.36000, 1.00000, 0.26000, 0.26000, 
n_site, n_tet, site_k, tet_k, Tet_Sphere, Compute_RPD, GPU2CPU, Non_Dup_RPCs
1026, 17913, 84, 41, 0.36000, 1.03000, 0.25000, 0.27000, 
n_site, n_tet, site_k, tet_k, Tet_Sphere, Compute_RPD, GPU2CPU, Non_Dup_RPCs
1026, 17913, 88, 42, 0.38000, 1.07000, 0.29000, 0.33000, 
n_site, n_tet, site_k, tet_k, Tet_Sphere, Compute_RPD, GPU2CPU, Non_Dup_RPCs
1026, 17913, 91, 42, 0.38000, 1.28000, 0.43000, 0.29000, 
n_site, n_tet, site_k, tet_k, Tet_Sphere, Compute_RPD, GPU2CPU, Non_Dup_RPCs
1026, 17913, 91, 42, 0.39000, 1.20000, 0.27000, 0.29000, 
n_site, n_tet, site_k, tet_k, Tet_Sphere, Compute_RPD, GPU2CPU, Non_Dup_RPCs
1188, 17913, 91, 43, 0.52000, 1.21000, 0.25000, 0.38000, 
n_site, n_tet, site_k, tet_k, Tet_Sphere, Compute_RPD, GPU2CPU, Non_Dup_RPCs
1278, 17913, 65, 43, 0.45000, 1.21000, 0.28000, 0.28000, 
n_site, n_tet, site_k, tet_k, Tet_Sphere, Compute_RPD, GPU2CPU, Non_Dup_RPCs
1278, 17913, 65, 43, 0.41000, 1.20000, 0.29000, 0.32000, 
n_site, n_tet, site_k, tet_k, Tet_Sphere, Compute_RPD, GPU2CPU, Non_Dup_RPCs
1278, 17913, 71, 44, 0.45000, 1.20000, 0.32000, 0.31000, 
n_site, n_tet, site_k, tet_k, Tet_Sphere, Compute_RPD, GPU2CPU, Non_Dup_RPCs
1129, 17913, 57, 44, 0.45000, 1.23000, 0.28000, 0.31000, 
n_site, n_tet, site_k, tet_k, Tet_Sphere, Compute_RPD, GPU2CPU, Non_Dup_RPCs
1126, 17868, 58, 36, 0.38000, 0.98000, 0.23000, 0.27000, 
n_site, n_tet, site_k, tet_k, Tet_Sphere, Compute_RPD, GPU2CPU, Non_Dup_RPCs
567, 5657, 53, 11, 0.04000, 0.21000, 0.06000, 0.04000, 
n_site, n_tet, site_k, tet_k, Tet_Sphere, Compute_RPD, GPU2CPU, Non_Dup_RPCs
152, 1006, 54, 5, 0.01000, 0.01000, 0.00000, 0.00000, 
n_site, n_tet, site_k, tet_k, Tet_Sphere, Compute_RPD, GPU2CPU, Non_Dup_RPCs
1197, 17913, 58, 43, 0.42000, 1.26000, 0.27000, 0.28000, 
n_site, n_tet, site_k, tet_k, Tet_Sphere, Compute_RPD, GPU2CPU, Non_Dup_RPCs
1197, 17913, 58, 43, 0.51000, 1.08000, 0.26000, 0.28000, 
n_site, n_tet, site_k, tet_k, Tet_Sphere, Compute_RPD, GPU2CPU, Non_Dup_RPCs
1197, 17913, 58, 43, 0.46000, 1.08000, 0.32000, 0.30000, 
n_site, n_tet, site_k, tet_k, Tet_Sphere, Compute_RPD, GPU2CPU, Non_Dup_RPCs
1197, 17913, 58, 43, 0.46000, 1.13000, 0.30000, 0.30000, 
n_site, n_tet, site_k, tet_k, Tet_Sphere, Compute_RPD, GPU2CPU, Non_Dup_RPCs
1197, 17913, 59, 43, 0.44000, 1.09000, 0.25000, 0.29000, 
n_site, n_tet, site_k, tet_k, Tet_Sphere, Compute_RPD, GPU2CPU, Non_Dup_RPCs
1197, 17913, 58, 43, 0.44000, 1.21000, 0.28000, 0.32000, 
n_site, n_tet, site_k, tet_k, Tet_Sphere, Compute_RPD, GPU2CPU, Non_Dup_RPCs
1197, 17913, 57, 43, 0.50000, 1.12000, 0.27000, 0.39000, 
n_site, n_tet, site_k, tet_k, Tet_Sphere, Compute_RPD, GPU2CPU, Non_Dup_RPCs
1197, 17913, 57, 43, 0.40000, 1.07000, 0.27000, 0.28000, 
n_site, n_tet, site_k, tet_k, Tet_Sphere, Compute_RPD, GPU2CPU, Non_Dup_RPCs
1197, 17913, 61, 43, 0.42000, 1.06000, 0.28000, 0.30000, 
n_site, n_tet, site_k, tet_k, Tet_Sphere, Compute_RPD, GPU2CPU, Non_Dup_RPCs
1197, 17913, 61, 43, 0.43000, 1.10000, 0.31000, 0.30000, 
n_site, n_tet, site_k, tet_k, Tet_Sphere, Compute_RPD, GPU2CPU, Non_Dup_RPCs
1197, 17913, 61, 43, 0.45000, 1.08000, 0.26000, 0.30000, 
n_site, n_tet, site_k, tet_k, Tet_Sphere, Compute_RPD, GPU2CPU, Non_Dup_RPCs
1197, 17913, 63, 43, 0.46000, 1.20000, 0.28000, 0.30000, 
n_site, n_tet, site_k, tet_k, Tet_Sphere, Compute_RPD, GPU2CPU, Non_Dup_RPCs
1197, 17913, 63, 43, 0.44000, 1.12000, 0.27000, 0.40000, 
n_site, n_tet, site_k, tet_k, Tet_Sphere, Compute_RPD, GPU2CPU, Non_Dup_RPCs
1197, 17913, 65, 43, 0.45000, 1.10000, 0.27000, 0.27000, 
n_site, n_tet, site_k, tet_k, Tet_Sphere, Compute_RPD, GPU2CPU, Non_Dup_RPCs
1197, 17913, 67, 43, 0.39000, 1.07000, 0.28000, 0.27000, 
n_site, n_tet, site_k, tet_k, Tet_Sphere, Compute_RPD, GPU2CPU, Non_Dup_RPCs
1197, 17913, 67, 43, 0.39000, 1.08000, 0.28000, 0.30000, 
n_site, n_tet, site_k, tet_k, Tet_Sphere, Compute_RPD, GPU2CPU, Non_Dup_RPCs
1197, 17913, 68, 43, 0.47000, 1.12000, 0.29000, 0.28000, 
n_site, n_tet, site_k, tet_k, Tet_Sphere, Compute_RPD, GPU2CPU, Non_Dup_RPCs
1197, 17913, 68, 43, 0.46000, 1.09000, 0.26000, 0.30000, 
n_site, n_tet, site_k, tet_k, Tet_Sphere, Compute_RPD, GPU2CPU, Non_Dup_RPCs
1197, 17913, 68, 43, 0.47000, 1.08000, 0.26000, 0.30000, 
n_site, n_tet, site_k, tet_k, Tet_Sphere, Compute_RPD, GPU2CPU, Non_Dup_RPCs
1223, 17913, 68, 44, 0.40000, 1.27000, 0.29000, 0.40000, 
n_site, n_tet, site_k, tet_k, Tet_Sphere, Compute_RPD, GPU2CPU, Non_Dup_RPCs
1265, 17913, 71, 44, 0.43000, 1.25000, 0.26000, 0.28000, 
n_site, n_tet, site_k, tet_k, Tet_Sphere, Compute_RPD, GPU2CPU, Non_Dup_RPCs
1265, 17913, 71, 44, 0.48000, 1.22000, 0.26000, 0.28000, 
n_site, n_tet, site_k, tet_k, Tet_Sphere, Compute_RPD, GPU2CPU, Non_Dup_RPCs
1265, 17913, 64, 44, 0.45000, 1.09000, 0.32000, 0.34000, 
n_site, n_tet, site_k, tet_k, Tet_Sphere, Compute_RPD, GPU2CPU, Non_Dup_RPCs
1211, 17913, 62, 44, 0.40000, 1.21000, 0.30000, 0.27000, 
n_site, n_tet, site_k, tet_k, Tet_Sphere, Compute_RPD, GPU2CPU, Non_Dup_RPCs
1178, 13860, 57, 32, 0.35000, 0.62000, 0.16000, 0.22000, 
n_site, n_tet, site_k, tet_k, Tet_Sphere, Compute_RPD, GPU2CPU, Non_Dup_RPCs
134, 917, 48, 7, 0.01000, 0.02000, 0.00000, 0.01000, 
n_site, n_tet, site_k, tet_k, Tet_Sphere, Compute_RPD, GPU2CPU, Non_Dup_RPCs
1241, 17913, 52, 44, 0.50000, 1.26000, 0.26000, 0.28000, 
n_site, n_tet, site_k, tet_k, Tet_Sphere, Compute_RPD, GPU2CPU, Non_Dup_RPCs
1241, 17913, 52, 44, 0.45000, 1.20000, 0.29000, 0.30000, 
n_site, n_tet, site_k, tet_k, Tet_Sphere, Compute_RPD, GPU2CPU, Non_Dup_RPCs
1241, 17913, 52, 44, 0.51000, 1.15000, 0.30000, 0.30000, 
n_site, n_tet, site_k, tet_k, Tet_Sphere, Compute_RPD, GPU2CPU, Non_Dup_RPCs
1241, 17913, 52, 44, 0.46000, 1.10000, 0.26000, 0.29000, 
n_site, n_tet, site_k, tet_k, Tet_Sphere, Compute_RPD, GPU2CPU, Non_Dup_RPCs
1241, 17913, 51, 44, 0.46000, 1.10000, 0.27000, 0.30000, 
n_site, n_tet, site_k, tet_k, Tet_Sphere, Compute_RPD, GPU2CPU, Non_Dup_RPCs
1241, 17913, 51, 44, 0.41000, 1.09000, 0.26000, 0.36000, 
n_site, n_tet, site_k, tet_k, Tet_Sphere, Compute_RPD, GPU2CPU, Non_Dup_RPCs
1241, 17913, 51, 43, 0.47000, 1.10000, 0.27000, 0.28000, 
n_site, n_tet, site_k, tet_k, Tet_Sphere, Compute_RPD, GPU2CPU, Non_Dup_RPCs
1241, 17913, 52, 43, 0.47000, 1.07000, 0.25000, 0.29000, 
n_site, n_tet, site_k, tet_k, Tet_Sphere, Compute_RPD, GPU2CPU, Non_Dup_RPCs
1241, 17913, 58, 43, 0.47000, 1.07000, 0.26000, 0.31000, 
n_site, n_tet, site_k, tet_k, Tet_Sphere, Compute_RPD, GPU2CPU, Non_Dup_RPCs
1241, 17913, 61, 43, 0.51000, 1.12000, 0.38000, 0.32000, 
n_site, n_tet, site_k, tet_k, Tet_Sphere, Compute_RPD, GPU2CPU, Non_Dup_RPCs
1241, 17913, 61, 43, 0.40000, 1.07000, 0.27000, 0.30000, 
n_site, n_tet, site_k, tet_k, Tet_Sphere, Compute_RPD, GPU2CPU, Non_Dup_RPCs
1241, 17913, 62, 43, 0.47000, 1.15000, 0.26000, 0.31000, 
n_site, n_tet, site_k, tet_k, Tet_Sphere, Compute_RPD, GPU2CPU, Non_Dup_RPCs
1241, 17913, 63, 43, 0.47000, 1.17000, 0.27000, 0.40000, 
n_site, n_tet, site_k, tet_k, Tet_Sphere, Compute_RPD, GPU2CPU, Non_Dup_RPCs
1241, 17913, 63, 43, 0.47000, 1.07000, 0.29000, 0.32000, 
n_site, n_tet, site_k, tet_k, Tet_Sphere, Compute_RPD, GPU2CPU, Non_Dup_RPCs
1257, 17913, 63, 43, 0.44000, 1.21000, 0.26000, 0.29000, 
n_site, n_tet, site_k, tet_k, Tet_Sphere, Compute_RPD, GPU2CPU, Non_Dup_RPCs
1290, 17913, 62, 43, 0.55000, 1.19000, 0.30000, 0.29000, 
n_site, n_tet, site_k, tet_k, Tet_Sphere, Compute_RPD, GPU2CPU, Non_Dup_RPCs
1290, 17913, 62, 43, 0.51000, 1.06000, 0.31000, 0.33000, 
n_site, n_tet, site_k, tet_k, Tet_Sphere, Compute_RPD, GPU2CPU, Non_Dup_RPCs
1290, 17913, 62, 43, 0.46000, 1.07000, 0.31000, 0.30000, 
n_site, n_tet, site_k, tet_k, Tet_Sphere, Compute_RPD, GPU2CPU, Non_Dup_RPCs
1261, 17913, 57, 43, 0.47000, 1.06000, 0.29000, 0.40000, 
n_site, n_tet, site_k, tet_k, Tet_Sphere, Compute_RPD, GPU2CPU, Non_Dup_RPCs
975, 10011, 51, 19, 0.24000, 0.27000, 0.09000, 0.10000, 
n_site, n_tet, site_k, tet_k, Tet_Sphere, Compute_RPD, GPU2CPU, Non_Dup_RPCs
259, 1227, 40, 12, 0.02000, 0.10000, 0.03000, 0.01000, 
n_site, n_tet, site_k, tet_k, Tet_Sphere, Compute_RPD, GPU2CPU, Non_Dup_RPCs
206, 1284, 49, 11, 0.01000, 0.09000, 0.04000, 0.00000, 
n_site, n_tet, site_k, tet_k, Tet_Sphere, Compute_RPD, GPU2CPU, Non_Dup_RPCs
228, 2139, 42, 11, 0.01000, 0.09000, 0.02000, 0.02000, 
n_site, n_tet, site_k, tet_k, Tet_Sphere, Compute_RPD, GPU2CPU, Non_Dup_RPCs
217, 2081, 41, 15, 0.02000, 0.17000, 0.06000, 0.02000, 
n_site, n_tet, site_k, tet_k, Tet_Sphere, Compute_RPD, GPU2CPU, Non_Dup_RPCs
1177, 17913, 49, 43, 0.48000, 1.40000, 0.26000, 0.29000, 
n_site, n_tet, site_k, tet_k, Tet_Sphere, Compute_RPD, GPU2CPU, Non_Dup_RPCs
722, 7818, 51, 22, 0.14000, 0.39000, 0.08000, 0.09000, 
n_site, n_tet, site_k, tet_k, Tet_Sphere, Compute_RPD, GPU2CPU, Non_Dup_RPCs
1200, 6517, 65, 55, 0.09000, 0.51000, 0.12000, 0.17000, 
n_site, n_tet, site_k, tet_k, Tet_Sphere, Compute_RPD, GPU2CPU, Non_Dup_RPCs
975, 4392, 66, 50, 0.04000, 0.23000, 0.08000, 0.05000, 
n_site, n_tet, site_k, tet_k, Tet_Sphere, Compute_RPD, GPU2CPU, Non_Dup_RPCs
200, 295, 55, 11, 0.00000, 0.01000, 0.00000, 0.00000, 
n_site, n_tet, site_k, tet_k, Tet_Sphere, Compute_RPD, GPU2CPU, Non_Dup_RPCs
1316, 6517, 67, 55, 0.32000, 0.51000, 0.12000, 0.16000, 
n_site, n_tet, site_k, tet_k, Tet_Sphere, Compute_RPD, GPU2CPU, Non_Dup_RPCs
1316, 6517, 67, 55, 0.21000, 0.56000, 0.21000, 0.15000, 
n_site, n_tet, site_k, tet_k, Tet_Sphere, Compute_RPD, GPU2CPU, Non_Dup_RPCs
1316, 6517, 67, 55, 0.18000, 0.55000, 0.19000, 0.15000, 
n_site, n_tet, site_k, tet_k, Tet_Sphere, Compute_RPD, GPU2CPU, Non_Dup_RPCs
1316, 6517, 67, 55, 0.17000, 0.56000, 0.19000, 0.16000, 
n_site, n_tet, site_k, tet_k, Tet_Sphere, Compute_RPD, GPU2CPU, Non_Dup_RPCs
1316, 6517, 67, 55, 0.17000, 0.56000, 0.20000, 0.16000, 
n_site, n_tet, site_k, tet_k, Tet_Sphere, Compute_RPD, GPU2CPU, Non_Dup_RPCs
1316, 6517, 67, 55, 0.18000, 0.53000, 0.14000, 0.15000, 
n_site, n_tet, site_k, tet_k, Tet_Sphere, Compute_RPD, GPU2CPU, Non_Dup_RPCs
1316, 6517, 67, 56, 0.17000, 0.56000, 0.25000, 0.15000, 
n_site, n_tet, site_k, tet_k, Tet_Sphere, Compute_RPD, GPU2CPU, Non_Dup_RPCs
1316, 6517, 68, 58, 0.17000, 0.57000, 0.23000, 0.15000, 
n_site, n_tet, site_k, tet_k, Tet_Sphere, Compute_RPD, GPU2CPU, Non_Dup_RPCs
1316, 6517, 68, 57, 0.17000, 0.56000, 0.23000, 0.15000, 
n_site, n_tet, site_k, tet_k, Tet_Sphere, Compute_RPD, GPU2CPU, Non_Dup_RPCs
1316, 6517, 68, 57, 0.17000, 0.59000, 0.21000, 0.14000, 
n_site, n_tet, site_k, tet_k, Tet_Sphere, Compute_RPD, GPU2CPU, Non_Dup_RPCs
1316, 6517, 68, 55, 0.18000, 0.55000, 0.12000, 0.15000, 
n_site, n_tet, site_k, tet_k, Tet_Sphere, Compute_RPD, GPU2CPU, Non_Dup_RPCs
1316, 6517, 67, 55, 0.18000, 0.54000, 0.26000, 0.14000, 
n_site, n_tet, site_k, tet_k, Tet_Sphere, Compute_RPD, GPU2CPU, Non_Dup_RPCs
1316, 6517, 66, 55, 0.17000, 0.53000, 0.26000, 0.15000, 
n_site, n_tet, site_k, tet_k, Tet_Sphere, Compute_RPD, GPU2CPU, Non_Dup_RPCs
1316, 6517, 66, 54, 0.17000, 0.51000, 0.19000, 0.14000, 
n_site, n_tet, site_k, tet_k, Tet_Sphere, Compute_RPD, GPU2CPU, Non_Dup_RPCs
1316, 6517, 64, 55, 0.16000, 0.56000, 0.20000, 0.16000, 
n_site, n_tet, site_k, tet_k, Tet_Sphere, Compute_RPD, GPU2CPU, Non_Dup_RPCs
1316, 6517, 65, 56, 0.17000, 0.57000, 0.21000, 0.15000, 
n_site, n_tet, site_k, tet_k, Tet_Sphere, Compute_RPD, GPU2CPU, Non_Dup_RPCs
1316, 6517, 64, 57, 0.17000, 0.54000, 0.25000, 0.15000, 
n_site, n_tet, site_k, tet_k, Tet_Sphere, Compute_RPD, GPU2CPU, Non_Dup_RPCs
1316, 6517, 63, 57, 0.18000, 0.55000, 0.25000, 0.15000, 
n_site, n_tet, site_k, tet_k, Tet_Sphere, Compute_RPD, GPU2CPU, Non_Dup_RPCs
1316, 6517, 61, 57, 0.16000, 0.56000, 0.25000, 0.15000, 
n_site, n_tet, site_k, tet_k, Tet_Sphere, Compute_RPD, GPU2CPU, Non_Dup_RPCs
1316, 6517, 61, 56, 0.17000, 0.53000, 0.26000, 0.14000, 
n_site, n_tet, site_k, tet_k, Tet_Sphere, Compute_RPD, GPU2CPU, Non_Dup_RPCs
1316, 6517, 60, 55, 0.17000, 0.52000, 0.24000, 0.15000, 
n_site, n_tet, site_k, tet_k, Tet_Sphere, Compute_RPD, GPU2CPU, Non_Dup_RPCs
1316, 6517, 61, 54, 0.16000, 0.53000, 0.20000, 0.14000, 
n_site, n_tet, site_k, tet_k, Tet_Sphere, Compute_RPD, GPU2CPU, Non_Dup_RPCs
1316, 6517, 62, 54, 0.17000, 0.54000, 0.22000, 0.15000, 
n_site, n_tet, site_k, tet_k, Tet_Sphere, Compute_RPD, GPU2CPU, Non_Dup_RPCs
1316, 6517, 62, 55, 0.16000, 0.50000, 0.20000, 0.15000, 
n_site, n_tet, site_k, tet_k, Tet_Sphere, Compute_RPD, GPU2CPU, Non_Dup_RPCs
1316, 6517, 62, 55, 0.16000, 0.56000, 0.21000, 0.15000, 
n_site, n_tet, site_k, tet_k, Tet_Sphere, Compute_RPD, GPU2CPU, Non_Dup_RPCs
1316, 6517, 61, 55, 0.16000, 0.54000, 0.26000, 0.14000, 
n_site, n_tet, site_k, tet_k, Tet_Sphere, Compute_RPD, GPU2CPU, Non_Dup_RPCs
1316, 6517, 61, 55, 0.15000, 0.56000, 0.11000, 0.15000, 
n_site, n_tet, site_k, tet_k, Tet_Sphere, Compute_RPD, GPU2CPU, Non_Dup_RPCs
1513, 6517, 64, 57, 0.22000, 0.54000, 0.12000, 0.21000, 
n_site, n_tet, site_k, tet_k, Tet_Sphere, Compute_RPD, GPU2CPU, Non_Dup_RPCs
1634, 6517, 59, 63, 0.29000, 0.67000, 0.22000, 0.23000, 
n_site, n_tet, site_k, tet_k, Tet_Sphere, Compute_RPD, GPU2CPU, Non_Dup_RPCs
1634, 6517, 59, 63, 0.19000, 0.56000, 0.23000, 0.22000, 
n_site, n_tet, site_k, tet_k, Tet_Sphere, Compute_RPD, GPU2CPU, Non_Dup_RPCs
1634, 6517, 58, 62, 0.20000, 0.63000, 0.22000, 0.22000, 
n_site, n_tet, site_k, tet_k, Tet_Sphere, Compute_RPD, GPU2CPU, Non_Dup_RPCs
1617, 6517, 61, 61, 0.21000, 0.62000, 0.14000, 0.25000, 
n_site, n_tet, site_k, tet_k, Tet_Sphere, Compute_RPD, GPU2CPU, Non_Dup_RPCs
1618, 6449, 58, 57, 0.26000, 0.44000, 0.12000, 0.15000, 
n_site, n_tet, site_k, tet_k, Tet_Sphere, Compute_RPD, GPU2CPU, Non_Dup_RPCs
1618, 6517, 61, 62, 0.29000, 0.49000, 0.13000, 0.22000, 
n_site, n_tet, site_k, tet_k, Tet_Sphere, Compute_RPD, GPU2CPU, Non_Dup_RPCs
1618, 6517, 61, 62, 0.26000, 0.46000, 0.14000, 0.23000, 
n_site, n_tet, site_k, tet_k, Tet_Sphere, Compute_RPD, GPU2CPU, Non_Dup_RPCs
1618, 6517, 61, 62, 0.23000, 0.63000, 0.27000, 0.22000, 
n_site, n_tet, site_k, tet_k, Tet_Sphere, Compute_RPD, GPU2CPU, Non_Dup_RPCs
1618, 6517, 61, 62, 0.27000, 0.49000, 0.14000, 0.25000, 
n_site, n_tet, site_k, tet_k, Tet_Sphere, Compute_RPD, GPU2CPU, Non_Dup_RPCs
1618, 6517, 61, 62, 0.22000, 0.67000, 0.23000, 0.22000, 
n_site, n_tet, site_k, tet_k, Tet_Sphere, Compute_RPD, GPU2CPU, Non_Dup_RPCs
1618, 6517, 61, 59, 0.20000, 0.60000, 0.13000, 0.24000, 
n_site, n_tet, site_k, tet_k, Tet_Sphere, Compute_RPD, GPU2CPU, Non_Dup_RPCs
1618, 6517, 61, 62, 0.22000, 0.57000, 0.14000, 0.21000, 
n_site, n_tet, site_k, tet_k, Tet_Sphere, Compute_RPD, GPU2CPU, Non_Dup_RPCs
1618, 6517, 60, 61, 0.23000, 0.62000, 0.21000, 0.23000, 
n_site, n_tet, site_k, tet_k, Tet_Sphere, Compute_RPD, GPU2CPU, Non_Dup_RPCs
1618, 6517, 60, 60, 0.22000, 0.67000, 0.22000, 0.23000, 
n_site, n_tet, site_k, tet_k, Tet_Sphere, Compute_RPD, GPU2CPU, Non_Dup_RPCs
1618, 6517, 61, 58, 0.26000, 0.56000, 0.19000, 0.28000, 
n_site, n_tet, site_k, tet_k, Tet_Sphere, Compute_RPD, GPU2CPU, Non_Dup_RPCs
1618, 6517, 61, 60, 0.24000, 0.58000, 0.13000, 0.23000, 
n_site, n_tet, site_k, tet_k, Tet_Sphere, Compute_RPD, GPU2CPU, Non_Dup_RPCs
1618, 6517, 62, 60, 0.24000, 0.48000, 0.13000, 0.25000, 
n_site, n_tet, site_k, tet_k, Tet_Sphere, Compute_RPD, GPU2CPU, Non_Dup_RPCs
1618, 6517, 63, 58, 0.22000, 0.55000, 0.13000, 0.24000, 
n_site, n_tet, site_k, tet_k, Tet_Sphere, Compute_RPD, GPU2CPU, Non_Dup_RPCs
1618, 6517, 63, 58, 0.24000, 0.59000, 0.22000, 0.24000, 
n_site, n_tet, site_k, tet_k, Tet_Sphere, Compute_RPD, GPU2CPU, Non_Dup_RPCs
1618, 6517, 63, 57, 0.24000, 0.53000, 0.12000, 0.24000, 
n_site, n_tet, site_k, tet_k, Tet_Sphere, Compute_RPD, GPU2CPU, Non_Dup_RPCs
1618, 6517, 64, 57, 0.21000, 0.63000, 0.20000, 0.24000, 
n_site, n_tet, site_k, tet_k, Tet_Sphere, Compute_RPD, GPU2CPU, Non_Dup_RPCs
1618, 6517, 63, 57, 0.24000, 0.44000, 0.14000, 0.24000, 
n_site, n_tet, site_k, tet_k, Tet_Sphere, Compute_RPD, GPU2CPU, Non_Dup_RPCs
1618, 6517, 63, 57, 0.24000, 0.45000, 0.12000, 0.25000, 
n_site, n_tet, site_k, tet_k, Tet_Sphere, Compute_RPD, GPU2CPU, Non_Dup_RPCs
1618, 6517, 63, 56, 0.23000, 0.54000, 0.21000, 0.24000, 
n_site, n_tet, site_k, tet_k, Tet_Sphere, Compute_RPD, GPU2CPU, Non_Dup_RPCs
1618, 6517, 63, 56, 0.23000, 0.54000, 0.20000, 0.24000, 
n_site, n_tet, site_k, tet_k, Tet_Sphere, Compute_RPD, GPU2CPU, Non_Dup_RPCs
1623, 6517, 63, 56, 0.30000, 0.60000, 0.20000, 0.24000, 
n_site, n_tet, site_k, tet_k, Tet_Sphere, Compute_RPD, GPU2CPU, Non_Dup_RPCs
1675, 6517, 61, 58, 0.29000, 0.45000, 0.13000, 0.24000, 
n_site, n_tet, site_k, tet_k, Tet_Sphere, Compute_RPD, GPU2CPU, Non_Dup_RPCs
1675, 6517, 61, 58, 0.20000, 0.58000, 0.22000, 0.24000, 
n_site, n_tet, site_k, tet_k, Tet_Sphere, Compute_RPD, GPU2CPU, Non_Dup_RPCs
1675, 6517, 62, 58, 0.24000, 0.42000, 0.14000, 0.22000, 
n_site, n_tet, site_k, tet_k, Tet_Sphere, Compute_RPD, GPU2CPU, Non_Dup_RPCs
1665, 6517, 65, 58, 0.24000, 0.45000, 0.13000, 0.25000, 
n_site, n_tet, site_k, tet_k, Tet_Sphere, Compute_RPD, GPU2CPU, Non_Dup_RPCs
1665, 6517, 65, 58, 0.33000, 0.49000, 0.13000, 0.25000, 
n_site, n_tet, site_k, tet_k, Tet_Sphere, Compute_RPD, GPU2CPU, Non_Dup_RPCs
1665, 6517, 65, 58, 0.24000, 0.61000, 0.24000, 0.22000, 
n_site, n_tet, site_k, tet_k, Tet_Sphere, Compute_RPD, GPU2CPU, Non_Dup_RPCs
1665, 6517, 65, 58, 0.29000, 0.64000, 0.20000, 0.24000, 
n_site, n_tet, site_k, tet_k, Tet_Sphere, Compute_RPD, GPU2CPU, Non_Dup_RPCs
1665, 6517, 65, 58, 0.27000, 0.60000, 0.21000, 0.23000, 
n_site, n_tet, site_k, tet_k, Tet_Sphere, Compute_RPD, GPU2CPU, Non_Dup_RPCs
1665, 6517, 66, 58, 0.27000, 0.59000, 0.20000, 0.24000, 
n_site, n_tet, site_k, tet_k, Tet_Sphere, Compute_RPD, GPU2CPU, Non_Dup_RPCs
1665, 6517, 66, 58, 0.25000, 0.61000, 0.21000, 0.22000, 
n_site, n_tet, site_k, tet_k, Tet_Sphere, Compute_RPD, GPU2CPU, Non_Dup_RPCs
1665, 6517, 66, 58, 0.26000, 0.45000, 0.13000, 0.24000, 
n_site, n_tet, site_k, tet_k, Tet_Sphere, Compute_RPD, GPU2CPU, Non_Dup_RPCs
1665, 6517, 67, 57, 0.27000, 0.62000, 0.20000, 0.24000, 
n_site, n_tet, site_k, tet_k, Tet_Sphere, Compute_RPD, GPU2CPU, Non_Dup_RPCs
1665, 6517, 67, 57, 0.24000, 0.60000, 0.24000, 0.24000, 
n_site, n_tet, site_k, tet_k, Tet_Sphere, Compute_RPD, GPU2CPU, Non_Dup_RPCs
1665, 6517, 67, 57, 0.26000, 0.60000, 0.24000, 0.25000, 
n_site, n_tet, site_k, tet_k, Tet_Sphere, Compute_RPD, GPU2CPU, Non_Dup_RPCs
1665, 6517, 68, 57, 0.27000, 0.62000, 0.21000, 0.24000, 
n_site, n_tet, site_k, tet_k, Tet_Sphere, Compute_RPD, GPU2CPU, Non_Dup_RPCs
1665, 6517, 68, 57, 0.26000, 0.58000, 0.21000, 0.24000, 
n_site, n_tet, site_k, tet_k, Tet_Sphere, Compute_RPD, GPU2CPU, Non_Dup_RPCs
1665, 6517, 68, 57, 0.27000, 0.61000, 0.20000, 0.25000, 
n_site, n_tet, site_k, tet_k, Tet_Sphere, Compute_RPD, GPU2CPU, Non_Dup_RPCs
1665, 6517, 68, 57, 0.25000, 0.64000, 0.21000, 0.24000, 
n_site, n_tet, site_k, tet_k, Tet_Sphere, Compute_RPD, GPU2CPU, Non_Dup_RPCs
1668, 6517, 68, 57, 0.27000, 0.45000, 0.12000, 0.24000, 
n_site, n_tet, site_k, tet_k, Tet_Sphere, Compute_RPD, GPU2CPU, Non_Dup_RPCs
1708, 6517, 62, 58, 0.30000, 0.45000, 0.13000, 0.23000, 
n_site, n_tet, site_k, tet_k, Tet_Sphere, Compute_RPD, GPU2CPU, Non_Dup_RPCs
1708, 6517, 62, 58, 0.22000, 0.56000, 0.13000, 0.24000, 
n_site, n_tet, site_k, tet_k, Tet_Sphere, Compute_RPD, GPU2CPU, Non_Dup_RPCs
1708, 6517, 62, 59, 0.23000, 0.46000, 0.17000, 0.24000, 
n_site, n_tet, site_k, tet_k, Tet_Sphere, Compute_RPD, GPU2CPU, Non_Dup_RPCs
1704, 6517, 62, 58, 0.26000, 0.66000, 0.20000, 0.25000, 
n_site, n_tet, site_k, tet_k, Tet_Sphere, Compute_RPD, GPU2CPU, Non_Dup_RPCs
1704, 6517, 62, 58, 0.33000, 0.63000, 0.21000, 0.25000, 
n_site, n_tet, site_k, tet_k, Tet_Sphere, Compute_RPD, GPU2CPU, Non_Dup_RPCs
1063, 1510, 56, 57, 0.03000, 0.12000, 0.03000, 0.10000, 
n_site, n_tet, site_k, tet_k, Tet_Sphere, Compute_RPD, GPU2CPU, Non_Dup_RPCs
1229, 1282, 80, 53, 0.03000, 0.08000, 0.02000, 0.05000, 
n_site, n_tet, site_k, tet_k, Tet_Sphere, Compute_RPD, GPU2CPU, Non_Dup_RPCs
459, 373, 81, 13, 0.01000, 0.00000, 0.00000, 0.00000, 
n_site, n_tet, site_k, tet_k, Tet_Sphere, Compute_RPD, GPU2CPU, Non_Dup_RPCs
1313, 1510, 81, 57, 0.19000, 0.11000, 0.04000, 0.08000, 
n_site, n_tet, site_k, tet_k, Tet_Sphere, Compute_RPD, GPU2CPU, Non_Dup_RPCs
1313, 1510, 81, 57, 0.12000, 0.19000, 0.09000, 0.10000, 
n_site, n_tet, site_k, tet_k, Tet_Sphere, Compute_RPD, GPU2CPU, Non_Dup_RPCs
1313, 1510, 81, 57, 0.07000, 0.16000, 0.08000, 0.08000, 
n_site, n_tet, site_k, tet_k, Tet_Sphere, Compute_RPD, GPU2CPU, Non_Dup_RPCs
1313, 1510, 81, 57, 0.06000, 0.16000, 0.06000, 0.08000, 
n_site, n_tet, site_k, tet_k, Tet_Sphere, Compute_RPD, GPU2CPU, Non_Dup_RPCs
1313, 1510, 81, 57, 0.06000, 0.15000, 0.09000, 0.08000, 
n_site, n_tet, site_k, tet_k, Tet_Sphere, Compute_RPD, GPU2CPU, Non_Dup_RPCs
1313, 1510, 81, 56, 0.06000, 0.14000, 0.07000, 0.09000, 
n_site, n_tet, site_k, tet_k, Tet_Sphere, Compute_RPD, GPU2CPU, Non_Dup_RPCs
1313, 1510, 81, 56, 0.05000, 0.15000, 0.08000, 0.08000, 
n_site, n_tet, site_k, tet_k, Tet_Sphere, Compute_RPD, GPU2CPU, Non_Dup_RPCs
1313, 1510, 78, 54, 0.05000, 0.17000, 0.09000, 0.08000, 
n_site, n_tet, site_k, tet_k, Tet_Sphere, Compute_RPD, GPU2CPU, Non_Dup_RPCs
1313, 1510, 76, 56, 0.06000, 0.13000, 0.03000, 0.09000, 
n_site, n_tet, site_k, tet_k, Tet_Sphere, Compute_RPD, GPU2CPU, Non_Dup_RPCs
1313, 1510, 76, 51, 0.05000, 0.15000, 0.06000, 0.08000, 
n_site, n_tet, site_k, tet_k, Tet_Sphere, Compute_RPD, GPU2CPU, Non_Dup_RPCs
1313, 1510, 79, 51, 0.05000, 0.15000, 0.07000, 0.08000, 
n_site, n_tet, site_k, tet_k, Tet_Sphere, Compute_RPD, GPU2CPU, Non_Dup_RPCs
1313, 1510, 81, 51, 0.05000, 0.15000, 0.06000, 0.08000, 
n_site, n_tet, site_k, tet_k, Tet_Sphere, Compute_RPD, GPU2CPU, Non_Dup_RPCs
1313, 1510, 81, 52, 0.06000, 0.14000, 0.08000, 0.09000, 
n_site, n_tet, site_k, tet_k, Tet_Sphere, Compute_RPD, GPU2CPU, Non_Dup_RPCs
1313, 1510, 82, 53, 0.04000, 0.10000, 0.02000, 0.09000, 
n_site, n_tet, site_k, tet_k, Tet_Sphere, Compute_RPD, GPU2CPU, Non_Dup_RPCs
1313, 1510, 87, 52, 0.09000, 0.15000, 0.08000, 0.08000, 
n_site, n_tet, site_k, tet_k, Tet_Sphere, Compute_RPD, GPU2CPU, Non_Dup_RPCs
1313, 1510, 85, 51, 0.08000, 0.14000, 0.08000, 0.08000, 
n_site, n_tet, site_k, tet_k, Tet_Sphere, Compute_RPD, GPU2CPU, Non_Dup_RPCs
1313, 1510, 82, 51, 0.04000, 0.10000, 0.03000, 0.08000, 
n_site, n_tet, site_k, tet_k, Tet_Sphere, Compute_RPD, GPU2CPU, Non_Dup_RPCs
1313, 1510, 80, 54, 0.07000, 0.14000, 0.09000, 0.08000, 
n_site, n_tet, site_k, tet_k, Tet_Sphere, Compute_RPD, GPU2CPU, Non_Dup_RPCs
1313, 1510, 80, 55, 0.04000, 0.12000, 0.09000, 0.09000, 
n_site, n_tet, site_k, tet_k, Tet_Sphere, Compute_RPD, GPU2CPU, Non_Dup_RPCs
1313, 1510, 80, 54, 0.04000, 0.12000, 0.02000, 0.08000, 
n_site, n_tet, site_k, tet_k, Tet_Sphere, Compute_RPD, GPU2CPU, Non_Dup_RPCs
1313, 1510, 77, 55, 0.05000, 0.10000, 0.03000, 0.09000, 
n_site, n_tet, site_k, tet_k, Tet_Sphere, Compute_RPD, GPU2CPU, Non_Dup_RPCs
1313, 1510, 79, 54, 0.09000, 0.18000, 0.08000, 0.09000, 
n_site, n_tet, site_k, tet_k, Tet_Sphere, Compute_RPD, GPU2CPU, Non_Dup_RPCs
1313, 1510, 77, 54, 0.08000, 0.13000, 0.05000, 0.08000, 
n_site, n_tet, site_k, tet_k, Tet_Sphere, Compute_RPD, GPU2CPU, Non_Dup_RPCs
1313, 1510, 76, 53, 0.06000, 0.14000, 0.09000, 0.08000, 
n_site, n_tet, site_k, tet_k, Tet_Sphere, Compute_RPD, GPU2CPU, Non_Dup_RPCs
1313, 1510, 77, 54, 0.03000, 0.11000, 0.03000, 0.08000, 
n_site, n_tet, site_k, tet_k, Tet_Sphere, Compute_RPD, GPU2CPU, Non_Dup_RPCs
1313, 1510, 76, 54, 0.08000, 0.15000, 0.07000, 0.08000, 
n_site, n_tet, site_k, tet_k, Tet_Sphere, Compute_RPD, GPU2CPU, Non_Dup_RPCs
1313, 1510, 76, 54, 0.06000, 0.15000, 0.08000, 0.08000, 
n_site, n_tet, site_k, tet_k, Tet_Sphere, Compute_RPD, GPU2CPU, Non_Dup_RPCs
1578, 1510, 76, 54, 0.13000, 0.17000, 0.08000, 0.08000, 
n_site, n_tet, site_k, tet_k, Tet_Sphere, Compute_RPD, GPU2CPU, Non_Dup_RPCs
1686, 1510, 76, 57, 0.19000, 0.11000, 0.03000, 0.09000, 
n_site, n_tet, site_k, tet_k, Tet_Sphere, Compute_RPD, GPU2CPU, Non_Dup_RPCs
1686, 1510, 76, 57, 0.11000, 0.17000, 0.08000, 0.09000, 
n_site, n_tet, site_k, tet_k, Tet_Sphere, Compute_RPD, GPU2CPU, Non_Dup_RPCs
1686, 1510, 87, 57, 0.07000, 0.14000, 0.06000, 0.09000, 
n_site, n_tet, site_k, tet_k, Tet_Sphere, Compute_RPD, GPU2CPU, Non_Dup_RPCs
1681, 1510, 87, 57, 0.18000, 0.11000, 0.03000, 0.09000, 
n_site, n_tet, site_k, tet_k, Tet_Sphere, Compute_RPD, GPU2CPU, Non_Dup_RPCs
1685, 1445, 80, 38, 0.12000, 0.15000, 0.06000, 0.05000, 
n_site, n_tet, site_k, tet_k, Tet_Sphere, Compute_RPD, GPU2CPU, Non_Dup_RPCs
1685, 1510, 87, 57, 0.20000, 0.11000, 0.03000, 0.09000, 
n_site, n_tet, site_k, tet_k, Tet_Sphere, Compute_RPD, GPU2CPU, Non_Dup_RPCs
1685, 1510, 87, 57, 0.13000, 0.18000, 0.09000, 0.08000, 
n_site, n_tet, site_k, tet_k, Tet_Sphere, Compute_RPD, GPU2CPU, Non_Dup_RPCs
1685, 1510, 87, 57, 0.20000, 0.11000, 0.03000, 0.09000, 
n_site, n_tet, site_k, tet_k, Tet_Sphere, Compute_RPD, GPU2CPU, Non_Dup_RPCs
1685, 1510, 87, 57, 0.14000, 0.15000, 0.09000, 0.09000, 
n_site, n_tet, site_k, tet_k, Tet_Sphere, Compute_RPD, GPU2CPU, Non_Dup_RPCs
1685, 1510, 87, 57, 0.19000, 0.21000, 0.09000, 0.09000, 
n_site, n_tet, site_k, tet_k, Tet_Sphere, Compute_RPD, GPU2CPU, Non_Dup_RPCs
1685, 1510, 86, 55, 0.15000, 0.18000, 0.09000, 0.08000, 
n_site, n_tet, site_k, tet_k, Tet_Sphere, Compute_RPD, GPU2CPU, Non_Dup_RPCs
1685, 1510, 87, 54, 0.23000, 0.10000, 0.02000, 0.09000, 
n_site, n_tet, site_k, tet_k, Tet_Sphere, Compute_RPD, GPU2CPU, Non_Dup_RPCs
1685, 1510, 88, 54, 0.15000, 0.15000, 0.08000, 0.09000, 
n_site, n_tet, site_k, tet_k, Tet_Sphere, Compute_RPD, GPU2CPU, Non_Dup_RPCs
1685, 1510, 89, 54, 0.16000, 0.15000, 0.07000, 0.08000, 
n_site, n_tet, site_k, tet_k, Tet_Sphere, Compute_RPD, GPU2CPU, Non_Dup_RPCs
1685, 1510, 90, 54, 0.24000, 0.11000, 0.03000, 0.08000, 
n_site, n_tet, site_k, tet_k, Tet_Sphere, Compute_RPD, GPU2CPU, Non_Dup_RPCs
1685, 1510, 90, 54, 0.16000, 0.14000, 0.09000, 0.09000, 
n_site, n_tet, site_k, tet_k, Tet_Sphere, Compute_RPD, GPU2CPU, Non_Dup_RPCs
1685, 1510, 90, 54, 0.15000, 0.15000, 0.07000, 0.09000, 
n_site, n_tet, site_k, tet_k, Tet_Sphere, Compute_RPD, GPU2CPU, Non_Dup_RPCs
1685, 1510, 89, 54, 0.25000, 0.10000, 0.03000, 0.09000, 
n_site, n_tet, site_k, tet_k, Tet_Sphere, Compute_RPD, GPU2CPU, Non_Dup_RPCs
1685, 1510, 87, 54, 0.15000, 0.15000, 0.08000, 0.09000, 
n_site, n_tet, site_k, tet_k, Tet_Sphere, Compute_RPD, GPU2CPU, Non_Dup_RPCs
1685, 1510, 88, 56, 0.16000, 0.16000, 0.09000, 0.09000, 
n_site, n_tet, site_k, tet_k, Tet_Sphere, Compute_RPD, GPU2CPU, Non_Dup_RPCs
1685, 1510, 89, 56, 0.23000, 0.11000, 0.05000, 0.09000, 
n_site, n_tet, site_k, tet_k, Tet_Sphere, Compute_RPD, GPU2CPU, Non_Dup_RPCs
1685, 1510, 89, 57, 0.15000, 0.17000, 0.08000, 0.09000, 
n_site, n_tet, site_k, tet_k, Tet_Sphere, Compute_RPD, GPU2CPU, Non_Dup_RPCs
1685, 1510, 90, 56, 0.22000, 0.11000, 0.04000, 0.09000, 
n_site, n_tet, site_k, tet_k, Tet_Sphere, Compute_RPD, GPU2CPU, Non_Dup_RPCs
1685, 1510, 91, 56, 0.15000, 0.18000, 0.09000, 0.09000, 
n_site, n_tet, site_k, tet_k, Tet_Sphere, Compute_RPD, GPU2CPU, Non_Dup_RPCs
1685, 1510, 91, 56, 0.20000, 0.10000, 0.03000, 0.08000, 
n_site, n_tet, site_k, tet_k, Tet_Sphere, Compute_RPD, GPU2CPU, Non_Dup_RPCs
1695, 1510, 91, 56, 0.17000, 0.15000, 0.09000, 0.09000, 
n_site, n_tet, site_k, tet_k, Tet_Sphere, Compute_RPD, GPU2CPU, Non_Dup_RPCs
1741, 1510, 91, 56, 0.19000, 0.11000, 0.04000, 0.09000, 
n_site, n_tet, site_k, tet_k, Tet_Sphere, Compute_RPD, GPU2CPU, Non_Dup_RPCs
1741, 1510, 91, 56, 0.06000, 0.13000, 0.03000, 0.09000, 
n_site, n_tet, site_k, tet_k, Tet_Sphere, Compute_RPD, GPU2CPU, Non_Dup_RPCs
1741, 1510, 91, 56, 0.08000, 0.16000, 0.03000, 0.09000, 
n_site, n_tet, site_k, tet_k, Tet_Sphere, Compute_RPD, GPU2CPU, Non_Dup_RPCs
1738, 1510, 91, 56, 0.26000, 0.11000, 0.03000, 0.09000, 
n_site, n_tet, site_k, tet_k, Tet_Sphere, Compute_RPD, GPU2CPU, Non_Dup_RPCs
1555, 1239, 81, 22, 0.06000, 0.09000, 0.05000, 0.02000, 
n_site, n_tet, site_k, tet_k, Tet_Sphere, Compute_RPD, GPU2CPU, Non_Dup_RPCs
1740, 1510, 91, 56, 0.18000, 0.18000, 0.09000, 0.09000, 
n_site, n_tet, site_k, tet_k, Tet_Sphere, Compute_RPD, GPU2CPU, Non_Dup_RPCs
1740, 1510, 91, 56, 0.28000, 0.11000, 0.03000, 0.09000, 
n_site, n_tet, site_k, tet_k, Tet_Sphere, Compute_RPD, GPU2CPU, Non_Dup_RPCs
1740, 1510, 91, 56, 0.15000, 0.17000, 0.09000, 0.08000, 
n_site, n_tet, site_k, tet_k, Tet_Sphere, Compute_RPD, GPU2CPU, Non_Dup_RPCs
1740, 1510, 91, 56, 0.16000, 0.18000, 0.09000, 0.08000, 
n_site, n_tet, site_k, tet_k, Tet_Sphere, Compute_RPD, GPU2CPU, Non_Dup_RPCs
1740, 1510, 91, 56, 0.16000, 0.20000, 0.09000, 0.09000, 
n_site, n_tet, site_k, tet_k, Tet_Sphere, Compute_RPD, GPU2CPU, Non_Dup_RPCs
1740, 1510, 91, 56, 0.17000, 0.17000, 0.09000, 0.09000, 
n_site, n_tet, site_k, tet_k, Tet_Sphere, Compute_RPD, GPU2CPU, Non_Dup_RPCs
1740, 1510, 91, 56, 0.17000, 0.11000, 0.05000, 0.08000, 
n_site, n_tet, site_k, tet_k, Tet_Sphere, Compute_RPD, GPU2CPU, Non_Dup_RPCs
1740, 1510, 91, 55, 0.15000, 0.17000, 0.09000, 0.09000, 
n_site, n_tet, site_k, tet_k, Tet_Sphere, Compute_RPD, GPU2CPU, Non_Dup_RPCs
1740, 1510, 91, 55, 0.23000, 0.20000, 0.08000, 0.09000, 
n_site, n_tet, site_k, tet_k, Tet_Sphere, Compute_RPD, GPU2CPU, Non_Dup_RPCs
1740, 1510, 91, 55, 0.17000, 0.16000, 0.05000, 0.09000, 
n_site, n_tet, site_k, tet_k, Tet_Sphere, Compute_RPD, GPU2CPU, Non_Dup_RPCs
1740, 1510, 91, 55, 0.19000, 0.10000, 0.04000, 0.09000, 
n_site, n_tet, site_k, tet_k, Tet_Sphere, Compute_RPD, GPU2CPU, Non_Dup_RPCs
1740, 1510, 91, 56, 0.15000, 0.17000, 0.09000, 0.09000, 
n_site, n_tet, site_k, tet_k, Tet_Sphere, Compute_RPD, GPU2CPU, Non_Dup_RPCs
1740, 1510, 92, 56, 0.16000, 0.18000, 0.09000, 0.09000, 
n_site, n_tet, site_k, tet_k, Tet_Sphere, Compute_RPD, GPU2CPU, Non_Dup_RPCs
1740, 1510, 92, 56, 0.16000, 0.20000, 0.10000, 0.08000, 
n_site, n_tet, site_k, tet_k, Tet_Sphere, Compute_RPD, GPU2CPU, Non_Dup_RPCs
1741, 1510, 92, 56, 0.17000, 0.17000, 0.09000, 0.09000, 
n_site, n_tet, site_k, tet_k, Tet_Sphere, Compute_RPD, GPU2CPU, Non_Dup_RPCs
1770, 1510, 92, 56, 0.20000, 0.10000, 0.04000, 0.08000, 
n_site, n_tet, site_k, tet_k, Tet_Sphere, Compute_RPD, GPU2CPU, Non_Dup_RPCs
1770, 1510, 92, 56, 0.14000, 0.16000, 0.09000, 0.09000, 
n_site, n_tet, site_k, tet_k, Tet_Sphere, Compute_RPD, GPU2CPU, Non_Dup_RPCs
1770, 1510, 92, 56, 0.08000, 0.15000, 0.04000, 0.09000, 
n_site, n_tet, site_k, tet_k, Tet_Sphere, Compute_RPD, GPU2CPU, Non_Dup_RPCs
1768, 1510, 92, 56, 0.25000, 0.11000, 0.03000, 0.08000, 
n_site, n_tet, site_k, tet_k, Tet_Sphere, Compute_RPD, GPU2CPU, Non_Dup_RPCs
1768, 1510, 92, 56, 0.26000, 0.10000, 0.03000, 0.10000, 
n_site, n_tet, site_k, tet_k, Tet_Sphere, Compute_RPD, GPU2CPU, Non_Dup_RPCs
1151, 596, 59, 69, 0.03000, 0.09000, 0.02000, 0.06000, 
n_site, n_tet, site_k, tet_k, Tet_Sphere, Compute_RPD, GPU2CPU, Non_Dup_RPCs
542, 193, 49, 12, 0.00000, 0.00000, 0.01000, 0.00000, 
n_site, n_tet, site_k, tet_k, Tet_Sphere, Compute_RPD, GPU2CPU, Non_Dup_RPCs
1183, 399, 59, 64, 0.02000, 0.03000, 0.01000, 0.01000, 
n_site, n_tet, site_k, tet_k, Tet_Sphere, Compute_RPD, GPU2CPU, Non_Dup_RPCs
1074, 341, 65, 34, 0.01000, 0.01000, 0.00000, 0.01000, 
n_site, n_tet, site_k, tet_k, Tet_Sphere, Compute_RPD, GPU2CPU, Non_Dup_RPCs
815, 247, 68, 20, 0.00000, 0.01000, 0.00000, 0.00000, 
n_site, n_tet, site_k, tet_k, Tet_Sphere, Compute_RPD, GPU2CPU, Non_Dup_RPCs
263, 66, 47, 14, 0.01000, 0.00000, 0.00000, 0.00000, 
n_site, n_tet, site_k, tet_k, Tet_Sphere, Compute_RPD, GPU2CPU, Non_Dup_RPCs
548, 229, 30, 28, 0.00000, 0.01000, 0.00000, 0.01000, 
n_site, n_tet, site_k, tet_k, Tet_Sphere, Compute_RPD, GPU2CPU, Non_Dup_RPCs
268, 41, 29, 14, 0.01000, 0.01000, 0.00000, 0.00000, 
n_site, n_tet, site_k, tet_k, Tet_Sphere, Compute_RPD, GPU2CPU, Non_Dup_RPCs
263, 51, 28, 10, 0.01000, 0.01000, 0.00000, 0.00000, 
n_site, n_tet, site_k, tet_k, Tet_Sphere, Compute_RPD, GPU2CPU, Non_Dup_RPCs
1549, 596, 48, 77, 0.15000, 0.14000, 0.09000, 0.05000, 
n_site, n_tet, site_k, tet_k, Tet_Sphere, Compute_RPD, GPU2CPU, Non_Dup_RPCs
1549, 596, 48, 77, 0.02000, 0.07000, 0.01000, 0.04000, 
n_site, n_tet, site_k, tet_k, Tet_Sphere, Compute_RPD, GPU2CPU, Non_Dup_RPCs
1549, 596, 48, 77, 0.05000, 0.09000, 0.05000, 0.04000, 
n_site, n_tet, site_k, tet_k, Tet_Sphere, Compute_RPD, GPU2CPU, Non_Dup_RPCs
1549, 596, 48, 77, 0.04000, 0.08000, 0.02000, 0.04000, 
n_site, n_tet, site_k, tet_k, Tet_Sphere, Compute_RPD, GPU2CPU, Non_Dup_RPCs
1549, 596, 48, 76, 0.09000, 0.14000, 0.02000, 0.04000, 
n_site, n_tet, site_k, tet_k, Tet_Sphere, Compute_RPD, GPU2CPU, Non_Dup_RPCs
1549, 596, 48, 77, 0.03000, 0.06000, 0.01000, 0.04000, 
n_site, n_tet, site_k, tet_k, Tet_Sphere, Compute_RPD, GPU2CPU, Non_Dup_RPCs
1549, 596, 48, 77, 0.05000, 0.09000, 0.05000, 0.04000, 
n_site, n_tet, site_k, tet_k, Tet_Sphere, Compute_RPD, GPU2CPU, Non_Dup_RPCs
1549, 596, 46, 79, 0.04000, 0.07000, 0.02000, 0.04000, 
n_site, n_tet, site_k, tet_k, Tet_Sphere, Compute_RPD, GPU2CPU, Non_Dup_RPCs
1549, 596, 46, 80, 0.07000, 0.11000, 0.05000, 0.04000, 
n_site, n_tet, site_k, tet_k, Tet_Sphere, Compute_RPD, GPU2CPU, Non_Dup_RPCs
1549, 596, 46, 78, 0.05000, 0.08000, 0.05000, 0.04000, 
n_site, n_tet, site_k, tet_k, Tet_Sphere, Compute_RPD, GPU2CPU, Non_Dup_RPCs
1549, 596, 44, 76, 0.03000, 0.07000, 0.02000, 0.03000, 
n_site, n_tet, site_k, tet_k, Tet_Sphere, Compute_RPD, GPU2CPU, Non_Dup_RPCs
1549, 596, 46, 79, 0.06000, 0.10000, 0.05000, 0.04000, 
n_site, n_tet, site_k, tet_k, Tet_Sphere, Compute_RPD, GPU2CPU, Non_Dup_RPCs
1549, 596, 53, 79, 0.04000, 0.08000, 0.01000, 0.04000, 
n_site, n_tet, site_k, tet_k, Tet_Sphere, Compute_RPD, GPU2CPU, Non_Dup_RPCs
1549, 596, 54, 78, 0.06000, 0.10000, 0.05000, 0.04000, 
n_site, n_tet, site_k, tet_k, Tet_Sphere, Compute_RPD, GPU2CPU, Non_Dup_RPCs
1549, 596, 54, 74, 0.04000, 0.07000, 0.01000, 0.04000, 
n_site, n_tet, site_k, tet_k, Tet_Sphere, Compute_RPD, GPU2CPU, Non_Dup_RPCs
1549, 596, 55, 73, 0.07000, 0.09000, 0.05000, 0.04000, 
n_site, n_tet, site_k, tet_k, Tet_Sphere, Compute_RPD, GPU2CPU, Non_Dup_RPCs
1549, 596, 58, 75, 0.05000, 0.07000, 0.02000, 0.04000, 
n_site, n_tet, site_k, tet_k, Tet_Sphere, Compute_RPD, GPU2CPU, Non_Dup_RPCs
1549, 596, 58, 76, 0.04000, 0.08000, 0.02000, 0.04000, 
n_site, n_tet, site_k, tet_k, Tet_Sphere, Compute_RPD, GPU2CPU, Non_Dup_RPCs
1549, 596, 62, 75, 0.08000, 0.12000, 0.04000, 0.04000, 
n_site, n_tet, site_k, tet_k, Tet_Sphere, Compute_RPD, GPU2CPU, Non_Dup_RPCs
1549, 596, 61, 72, 0.06000, 0.09000, 0.04000, 0.04000, 
n_site, n_tet, site_k, tet_k, Tet_Sphere, Compute_RPD, GPU2CPU, Non_Dup_RPCs
1549, 596, 65, 73, 0.04000, 0.08000, 0.02000, 0.03000, 
n_site, n_tet, site_k, tet_k, Tet_Sphere, Compute_RPD, GPU2CPU, Non_Dup_RPCs
1549, 596, 67, 74, 0.08000, 0.12000, 0.04000, 0.04000, 
n_site, n_tet, site_k, tet_k, Tet_Sphere, Compute_RPD, GPU2CPU, Non_Dup_RPCs
1549, 596, 68, 75, 0.07000, 0.09000, 0.04000, 0.04000, 
n_site, n_tet, site_k, tet_k, Tet_Sphere, Compute_RPD, GPU2CPU, Non_Dup_RPCs
1549, 596, 72, 74, 0.06000, 0.08000, 0.05000, 0.03000, 
n_site, n_tet, site_k, tet_k, Tet_Sphere, Compute_RPD, GPU2CPU, Non_Dup_RPCs
1549, 596, 75, 73, 0.04000, 0.07000, 0.01000, 0.04000, 
n_site, n_tet, site_k, tet_k, Tet_Sphere, Compute_RPD, GPU2CPU, Non_Dup_RPCs
1549, 596, 77, 74, 0.07000, 0.10000, 0.05000, 0.04000, 
n_site, n_tet, site_k, tet_k, Tet_Sphere, Compute_RPD, GPU2CPU, Non_Dup_RPCs
1549, 596, 77, 74, 0.06000, 0.09000, 0.05000, 0.04000, 
n_site, n_tet, site_k, tet_k, Tet_Sphere, Compute_RPD, GPU2CPU, Non_Dup_RPCs
1721, 596, 80, 85, 0.05000, 0.09000, 0.02000, 0.04000, 
n_site, n_tet, site_k, tet_k, Tet_Sphere, Compute_RPD, GPU2CPU, Non_Dup_RPCs
1874, 596, 87, 93, 0.19000, 0.07000, 0.02000, 0.04000, 
n_site, n_tet, site_k, tet_k, Tet_Sphere, Compute_RPD, GPU2CPU, Non_Dup_RPCs
1874, 596, 87, 93, 0.03000, 0.07000, 0.02000, 0.05000, 
n_site, n_tet, site_k, tet_k, Tet_Sphere, Compute_RPD, GPU2CPU, Non_Dup_RPCs
1874, 596, 47, 94, 0.05000, 0.10000, 0.06000, 0.05000, 
n_site, n_tet, site_k, tet_k, Tet_Sphere, Compute_RPD, GPU2CPU, Non_Dup_RPCs
1851, 596, 47, 90, 0.04000, 0.08000, 0.05000, 0.05000, 
n_site, n_tet, site_k, tet_k, Tet_Sphere, Compute_RPD, GPU2CPU, Non_Dup_RPCs
1833, 596, 38, 87, 0.12000, 0.16000, 0.10000, 0.05000, 
n_site, n_tet, site_k, tet_k, Tet_Sphere, Compute_RPD, GPU2CPU, Non_Dup_RPCs
171, 39, 30, 10, 0.00000, 0.00000, 0.00000, 0.00000, 
n_site, n_tet, site_k, tet_k, Tet_Sphere, Compute_RPD, GPU2CPU, Non_Dup_RPCs
168, 37, 31, 9, 0.00000, 0.00000, 0.00000, 0.00000, 
n_site, n_tet, site_k, tet_k, Tet_Sphere, Compute_RPD, GPU2CPU, Non_Dup_RPCs
1868, 596, 40, 90, 0.16000, 0.18000, 0.06000, 0.05000, 
n_site, n_tet, site_k, tet_k, Tet_Sphere, Compute_RPD, GPU2CPU, Non_Dup_RPCs
1868, 596, 40, 90, 0.14000, 0.16000, 0.06000, 0.05000, 
n_site, n_tet, site_k, tet_k, Tet_Sphere, Compute_RPD, GPU2CPU, Non_Dup_RPCs
1868, 596, 40, 90, 0.15000, 0.14000, 0.06000, 0.04000, 
n_site, n_tet, site_k, tet_k, Tet_Sphere, Compute_RPD, GPU2CPU, Non_Dup_RPCs
1868, 596, 40, 90, 0.02000, 0.14000, 0.05000, 0.05000, 
n_site, n_tet, site_k, tet_k, Tet_Sphere, Compute_RPD, GPU2CPU, Non_Dup_RPCs
1868, 596, 40, 90, 0.13000, 0.18000, 0.05000, 0.05000, 
n_site, n_tet, site_k, tet_k, Tet_Sphere, Compute_RPD, GPU2CPU, Non_Dup_RPCs
1868, 596, 40, 92, 0.10000, 0.17000, 0.06000, 0.05000, 
n_site, n_tet, site_k, tet_k, Tet_Sphere, Compute_RPD, GPU2CPU, Non_Dup_RPCs
1868, 596, 40, 92, 0.10000, 0.18000, 0.06000, 0.05000, 
n_site, n_tet, site_k, tet_k, Tet_Sphere, Compute_RPD, GPU2CPU, Non_Dup_RPCs
1868, 596, 40, 92, 0.07000, 0.15000, 0.05000, 0.05000, 
n_site, n_tet, site_k, tet_k, Tet_Sphere, Compute_RPD, GPU2CPU, Non_Dup_RPCs
1868, 596, 41, 93, 0.16000, 0.14000, 0.06000, 0.05000, 
n_site, n_tet, site_k, tet_k, Tet_Sphere, Compute_RPD, GPU2CPU, Non_Dup_RPCs
1868, 596, 42, 91, 0.16000, 0.14000, 0.06000, 0.05000, 
n_site, n_tet, site_k, tet_k, Tet_Sphere, Compute_RPD, GPU2CPU, Non_Dup_RPCs
1868, 596, 42, 91, 0.16000, 0.07000, 0.02000, 0.05000, 
n_site, n_tet, site_k, tet_k, Tet_Sphere, Compute_RPD, GPU2CPU, Non_Dup_RPCs
1868, 596, 43, 92, 0.08000, 0.13000, 0.06000, 0.05000, 
n_site, n_tet, site_k, tet_k, Tet_Sphere, Compute_RPD, GPU2CPU, Non_Dup_RPCs
1868, 596, 41, 91, 0.17000, 0.07000, 0.02000, 0.04000, 
n_site, n_tet, site_k, tet_k, Tet_Sphere, Compute_RPD, GPU2CPU, Non_Dup_RPCs
1868, 596, 41, 88, 0.08000, 0.12000, 0.06000, 0.05000, 
n_site, n_tet, site_k, tet_k, Tet_Sphere, Compute_RPD, GPU2CPU, Non_Dup_RPCs
1868, 596, 42, 86, 0.16000, 0.07000, 0.02000, 0.05000, 
n_site, n_tet, site_k, tet_k, Tet_Sphere, Compute_RPD, GPU2CPU, Non_Dup_RPCs
1868, 596, 42, 86, 0.09000, 0.12000, 0.06000, 0.04000, 
n_site, n_tet, site_k, tet_k, Tet_Sphere, Compute_RPD, GPU2CPU, Non_Dup_RPCs
1868, 596, 46, 87, 0.08000, 0.15000, 0.06000, 0.05000, 
n_site, n_tet, site_k, tet_k, Tet_Sphere, Compute_RPD, GPU2CPU, Non_Dup_RPCs
1868, 596, 51, 86, 0.16000, 0.16000, 0.06000, 0.05000, 
n_site, n_tet, site_k, tet_k, Tet_Sphere, Compute_RPD, GPU2CPU, Non_Dup_RPCs
1868, 596, 52, 86, 0.17000, 0.17000, 0.05000, 0.04000, 
n_site, n_tet, site_k, tet_k, Tet_Sphere, Compute_RPD, GPU2CPU, Non_Dup_RPCs
1868, 596, 52, 86, 0.08000, 0.16000, 0.06000, 0.05000, 
n_site, n_tet, site_k, tet_k, Tet_Sphere, Compute_RPD, GPU2CPU, Non_Dup_RPCs
1896, 596, 52, 97, 0.19000, 0.06000, 0.03000, 0.05000, 
n_site, n_tet, site_k, tet_k, Tet_Sphere, Compute_RPD, GPU2CPU, Non_Dup_RPCs
1982, 596, 49, 108, 0.10000, 0.16000, 0.06000, 0.05000, 
n_site, n_tet, site_k, tet_k, Tet_Sphere, Compute_RPD, GPU2CPU, Non_Dup_RPCs
1982, 596, 49, 108, 0.03000, 0.08000, 0.02000, 0.05000, 
n_site, n_tet, site_k, tet_k, Tet_Sphere, Compute_RPD, GPU2CPU, Non_Dup_RPCs
1982, 596, 53, 105, 0.06000, 0.12000, 0.06000, 0.05000, 
n_site, n_tet, site_k, tet_k, Tet_Sphere, Compute_RPD, GPU2CPU, Non_Dup_RPCs
1960, 596, 48, 100, 0.06000, 0.16000, 0.06000, 0.05000, 
n_site, n_tet, site_k, tet_k, Tet_Sphere, Compute_RPD, GPU2CPU, Non_Dup_RPCs
1486, 582, 35, 79, 0.06000, 0.17000, 0.06000, 0.02000, 
n_site, n_tet, site_k, tet_k, Tet_Sphere, Compute_RPD, GPU2CPU, Non_Dup_RPCs
190, 37, 34, 10, 0.00000, 0.00000, 0.00000, 0.00000, 
n_site, n_tet, site_k, tet_k, Tet_Sphere, Compute_RPD, GPU2CPU, Non_Dup_RPCs
189, 37, 33, 12, 0.00000, 0.01000, 0.00000, 0.00000, 
n_site, n_tet, site_k, tet_k, Tet_Sphere, Compute_RPD, GPU2CPU, Non_Dup_RPCs
1969, 596, 48, 102, 0.19000, 0.08000, 0.02000, 0.04000, 
n_site, n_tet, site_k, tet_k, Tet_Sphere, Compute_RPD, GPU2CPU, Non_Dup_RPCs
1969, 596, 48, 102, 0.09000, 0.16000, 0.06000, 0.05000, 
n_site, n_tet, site_k, tet_k, Tet_Sphere, Compute_RPD, GPU2CPU, Non_Dup_RPCs
1969, 596, 48, 102, 0.17000, 0.19000, 0.06000, 0.05000, 
n_site, n_tet, site_k, tet_k, Tet_Sphere, Compute_RPD, GPU2CPU, Non_Dup_RPCs
1969, 596, 48, 102, 0.19000, 0.18000, 0.09000, 0.05000, 
n_site, n_tet, site_k, tet_k, Tet_Sphere, Compute_RPD, GPU2CPU, Non_Dup_RPCs
1969, 596, 48, 103, 0.10000, 0.14000, 0.07000, 0.05000, 
n_site, n_tet, site_k, tet_k, Tet_Sphere, Compute_RPD, GPU2CPU, Non_Dup_RPCs
1969, 596, 48, 103, 0.19000, 0.17000, 0.09000, 0.05000, 
n_site, n_tet, site_k, tet_k, Tet_Sphere, Compute_RPD, GPU2CPU, Non_Dup_RPCs
1969, 596, 48, 103, 0.10000, 0.14000, 0.07000, 0.04000, 
n_site, n_tet, site_k, tet_k, Tet_Sphere, Compute_RPD, GPU2CPU, Non_Dup_RPCs
1969, 596, 48, 105, 0.17000, 0.18000, 0.06000, 0.05000, 
n_site, n_tet, site_k, tet_k, Tet_Sphere, Compute_RPD, GPU2CPU, Non_Dup_RPCs
1969, 596, 48, 101, 0.10000, 0.16000, 0.06000, 0.05000, 
n_site, n_tet, site_k, tet_k, Tet_Sphere, Compute_RPD, GPU2CPU, Non_Dup_RPCs
1969, 596, 48, 100, 0.18000, 0.17000, 0.07000, 0.04000, 
n_site, n_tet, site_k, tet_k, Tet_Sphere, Compute_RPD, GPU2CPU, Non_Dup_RPCs
1969, 596, 48, 100, 0.17000, 0.18000, 0.06000, 0.05000, 
n_site, n_tet, site_k, tet_k, Tet_Sphere, Compute_RPD, GPU2CPU, Non_Dup_RPCs
1969, 596, 48, 100, 0.17000, 0.18000, 0.06000, 0.04000, 
n_site, n_tet, site_k, tet_k, Tet_Sphere, Compute_RPD, GPU2CPU, Non_Dup_RPCs
1969, 596, 48, 99, 0.17000, 0.18000, 0.06000, 0.06000, 
n_site, n_tet, site_k, tet_k, Tet_Sphere, Compute_RPD, GPU2CPU, Non_Dup_RPCs
1969, 596, 48, 99, 0.18000, 0.18000, 0.06000, 0.05000, 
n_site, n_tet, site_k, tet_k, Tet_Sphere, Compute_RPD, GPU2CPU, Non_Dup_RPCs
1988, 596, 48, 111, 0.18000, 0.18000, 0.07000, 0.05000, 
n_site, n_tet, site_k, tet_k, Tet_Sphere, Compute_RPD, GPU2CPU, Non_Dup_RPCs
2058, 596, 48, 117, 0.17000, 0.21000, 0.07000, 0.05000, 
n_site, n_tet, site_k, tet_k, Tet_Sphere, Compute_RPD, GPU2CPU, Non_Dup_RPCs
2058, 596, 48, 117, 0.07000, 0.13000, 0.08000, 0.05000, 
n_site, n_tet, site_k, tet_k, Tet_Sphere, Compute_RPD, GPU2CPU, Non_Dup_RPCs
2058, 596, 48, 116, 0.03000, 0.10000, 0.03000, 0.05000, 
n_site, n_tet, site_k, tet_k, Tet_Sphere, Compute_RPD, GPU2CPU, Non_Dup_RPCs
2027, 596, 48, 109, 0.10000, 0.15000, 0.07000, 0.05000, 
n_site, n_tet, site_k, tet_k, Tet_Sphere, Compute_RPD, GPU2CPU, Non_Dup_RPCs
1127, 540, 32, 84, 0.05000, 0.15000, 0.10000, 0.01000, 
n_site, n_tet, site_k, tet_k, Tet_Sphere, Compute_RPD, GPU2CPU, Non_Dup_RPCs
2026, 596, 48, 109, 0.03000, 0.09000, 0.02000, 0.06000, 
n_site, n_tet, site_k, tet_k, Tet_Sphere, Compute_RPD, GPU2CPU, Non_Dup_RPCs
307, 813, 51, 16, 0.01000, 0.03000, 0.00000, 0.03000, 
n_site, n_tet, site_k, tet_k, Tet_Sphere, Compute_RPD, GPU2CPU, Non_Dup_RPCs
307, 574, 48, 12, 0.00000, 0.01000, 0.00000, 0.01000, 
n_site, n_tet, site_k, tet_k, Tet_Sphere, Compute_RPD, GPU2CPU, Non_Dup_RPCs
654, 813, 43, 27, 0.01000, 0.04000, 0.01000, 0.01000, 
n_site, n_tet, site_k, tet_k, Tet_Sphere, Compute_RPD, GPU2CPU, Non_Dup_RPCs
595, 584, 42, 17, 0.00000, 0.02000, 0.00000, 0.01000, 
n_site, n_tet, site_k, tet_k, Tet_Sphere, Compute_RPD, GPU2CPU, Non_Dup_RPCs
244, 218, 42, 13, 0.00000, 0.01000, 0.00000, 0.00000, 
n_site, n_tet, site_k, tet_k, Tet_Sphere, Compute_RPD, GPU2CPU, Non_Dup_RPCs
432, 376, 43, 27, 0.00000, 0.01000, 0.00000, 0.01000, 
n_site, n_tet, site_k, tet_k, Tet_Sphere, Compute_RPD, GPU2CPU, Non_Dup_RPCs
459, 316, 43, 22, 0.00000, 0.01000, 0.00000, 0.00000, 
n_site, n_tet, site_k, tet_k, Tet_Sphere, Compute_RPD, GPU2CPU, Non_Dup_RPCs
380, 215, 34, 20, 0.00000, 0.00000, 0.01000, 0.00000, 
n_site, n_tet, site_k, tet_k, Tet_Sphere, Compute_RPD, GPU2CPU, Non_Dup_RPCs
69, 31, 30, 10, 0.01000, 0.00000, 0.00000, 0.00000, 
n_site, n_tet, site_k, tet_k, Tet_Sphere, Compute_RPD, GPU2CPU, Non_Dup_RPCs
258, 268, 42, 16, 0.00000, 0.00000, 0.01000, 0.00000, 
n_site, n_tet, site_k, tet_k, Tet_Sphere, Compute_RPD, GPU2CPU, Non_Dup_RPCs
803, 813, 45, 35, 0.01000, 0.04000, 0.02000, 0.01000, 
n_site, n_tet, site_k, tet_k, Tet_Sphere, Compute_RPD, GPU2CPU, Non_Dup_RPCs
803, 813, 45, 35, 0.03000, 0.07000, 0.03000, 0.01000, 
n_site, n_tet, site_k, tet_k, Tet_Sphere, Compute_RPD, GPU2CPU, Non_Dup_RPCs
803, 813, 45, 35, 0.04000, 0.06000, 0.03000, 0.03000, 
n_site, n_tet, site_k, tet_k, Tet_Sphere, Compute_RPD, GPU2CPU, Non_Dup_RPCs
803, 813, 45, 35, 0.04000, 0.06000, 0.03000, 0.01000, 
n_site, n_tet, site_k, tet_k, Tet_Sphere, Compute_RPD, GPU2CPU, Non_Dup_RPCs
803, 813, 45, 34, 0.04000, 0.07000, 0.03000, 0.02000, 
n_site, n_tet, site_k, tet_k, Tet_Sphere, Compute_RPD, GPU2CPU, Non_Dup_RPCs
803, 813, 45, 33, 0.05000, 0.09000, 0.06000, 0.01000, 
n_site, n_tet, site_k, tet_k, Tet_Sphere, Compute_RPD, GPU2CPU, Non_Dup_RPCs
803, 813, 50, 34, 0.04000, 0.08000, 0.02000, 0.02000, 
n_site, n_tet, site_k, tet_k, Tet_Sphere, Compute_RPD, GPU2CPU, Non_Dup_RPCs
803, 813, 139, 33, 0.06000, 0.07000, 0.03000, 0.01000, 
n_site, n_tet, site_k, tet_k, Tet_Sphere, Compute_RPD, GPU2CPU, Non_Dup_RPCs
803, 813, 150, 34, 0.07000, 0.09000, 0.06000, 0.01000, 
n_site, n_tet, site_k, tet_k, Tet_Sphere, Compute_RPD, GPU2CPU, Non_Dup_RPCs
803, 813, 154, 34, 0.05000, 0.07000, 0.03000, 0.02000, 
n_site, n_tet, site_k, tet_k, Tet_Sphere, Compute_RPD, GPU2CPU, Non_Dup_RPCs
803, 813, 159, 35, 0.05000, 0.07000, 0.03000, 0.01000, 
n_site, n_tet, site_k, tet_k, Tet_Sphere, Compute_RPD, GPU2CPU, Non_Dup_RPCs
803, 813, 172, 35, 0.05000, 0.06000, 0.02000, 0.02000, 
n_site, n_tet, site_k, tet_k, Tet_Sphere, Compute_RPD, GPU2CPU, Non_Dup_RPCs
803, 813, 177, 36, 0.05000, 0.06000, 0.03000, 0.01000, 
n_site, n_tet, site_k, tet_k, Tet_Sphere, Compute_RPD, GPU2CPU, Non_Dup_RPCs
803, 813, 180, 36, 0.07000, 0.08000, 0.03000, 0.01000, 
n_site, n_tet, site_k, tet_k, Tet_Sphere, Compute_RPD, GPU2CPU, Non_Dup_RPCs
803, 813, 181, 35, 0.08000, 0.09000, 0.06000, 0.01000, 
n_site, n_tet, site_k, tet_k, Tet_Sphere, Compute_RPD, GPU2CPU, Non_Dup_RPCs
803, 813, 182, 34, 0.06000, 0.06000, 0.03000, 0.02000, 
n_site, n_tet, site_k, tet_k, Tet_Sphere, Compute_RPD, GPU2CPU, Non_Dup_RPCs
803, 813, 186, 36, 0.06000, 0.06000, 0.03000, 0.02000, 
n_site, n_tet, site_k, tet_k, Tet_Sphere, Compute_RPD, GPU2CPU, Non_Dup_RPCs
803, 813, 187, 36, 0.08000, 0.09000, 0.06000, 0.02000, 
n_site, n_tet, site_k, tet_k, Tet_Sphere, Compute_RPD, GPU2CPU, Non_Dup_RPCs
803, 813, 186, 36, 0.06000, 0.06000, 0.04000, 0.01000, 
n_site, n_tet, site_k, tet_k, Tet_Sphere, Compute_RPD, GPU2CPU, Non_Dup_RPCs
803, 813, 189, 35, 0.06000, 0.06000, 0.04000, 0.01000, 
n_site, n_tet, site_k, tet_k, Tet_Sphere, Compute_RPD, GPU2CPU, Non_Dup_RPCs
803, 813, 189, 34, 0.07000, 0.07000, 0.06000, 0.02000, 
n_site, n_tet, site_k, tet_k, Tet_Sphere, Compute_RPD, GPU2CPU, Non_Dup_RPCs
803, 813, 189, 34, 0.06000, 0.06000, 0.03000, 0.02000, 
n_site, n_tet, site_k, tet_k, Tet_Sphere, Compute_RPD, GPU2CPU, Non_Dup_RPCs
803, 813, 189, 35, 0.06000, 0.07000, 0.03000, 0.02000, 
n_site, n_tet, site_k, tet_k, Tet_Sphere, Compute_RPD, GPU2CPU, Non_Dup_RPCs
803, 813, 190, 35, 0.09000, 0.09000, 0.06000, 0.01000, 
n_site, n_tet, site_k, tet_k, Tet_Sphere, Compute_RPD, GPU2CPU, Non_Dup_RPCs
803, 813, 194, 34, 0.06000, 0.07000, 0.03000, 0.01000, 
n_site, n_tet, site_k, tet_k, Tet_Sphere, Compute_RPD, GPU2CPU, Non_Dup_RPCs
803, 813, 194, 34, 0.07000, 0.06000, 0.03000, 0.02000, 
n_site, n_tet, site_k, tet_k, Tet_Sphere, Compute_RPD, GPU2CPU, Non_Dup_RPCs
998, 813, 194, 34, 0.11000, 0.09000, 0.06000, 0.02000, 
n_site, n_tet, site_k, tet_k, Tet_Sphere, Compute_RPD, GPU2CPU, Non_Dup_RPCs
1162, 813, 120, 39, 0.06000, 0.07000, 0.03000, 0.05000, 
n_site, n_tet, site_k, tet_k, Tet_Sphere, Compute_RPD, GPU2CPU, Non_Dup_RPCs
1162, 813, 120, 39, 0.07000, 0.09000, 0.03000, 0.05000, 
n_site, n_tet, site_k, tet_k, Tet_Sphere, Compute_RPD, GPU2CPU, Non_Dup_RPCs
1162, 813, 155, 37, 0.10000, 0.11000, 0.06000, 0.04000, 
n_site, n_tet, site_k, tet_k, Tet_Sphere, Compute_RPD, GPU2CPU, Non_Dup_RPCs
1130, 813, 43, 36, 0.02000, 0.04000, 0.01000, 0.02000, 
n_site, n_tet, site_k, tet_k, Tet_Sphere, Compute_RPD, GPU2CPU, Non_Dup_RPCs
1186, 813, 43, 33, 0.04000, 0.07000, 0.03000, 0.03000, 
n_site, n_tet, site_k, tet_k, Tet_Sphere, Compute_RPD, GPU2CPU, Non_Dup_RPCs
550, 221, 44, 14, 0.01000, 0.01000, 0.00000, 0.00000, 
n_site, n_tet, site_k, tet_k, Tet_Sphere, Compute_RPD, GPU2CPU, Non_Dup_RPCs
252, 93, 24, 11, 0.00000, 0.00000, 0.01000, 0.00000, 
n_site, n_tet, site_k, tet_k, Tet_Sphere, Compute_RPD, GPU2CPU, Non_Dup_RPCs
106, 72, 25, 7, 0.00000, 0.01000, 0.00000, 0.00000, 
n_site, n_tet, site_k, tet_k, Tet_Sphere, Compute_RPD, GPU2CPU, Non_Dup_RPCs
1216, 813, 48, 38, 0.11000, 0.15000, 0.04000, 0.03000, 
n_site, n_tet, site_k, tet_k, Tet_Sphere, Compute_RPD, GPU2CPU, Non_Dup_RPCs
1216, 813, 48, 38, 0.02000, 0.05000, 0.01000, 0.03000, 
n_site, n_tet, site_k, tet_k, Tet_Sphere, Compute_RPD, GPU2CPU, Non_Dup_RPCs
1216, 813, 48, 38, 0.04000, 0.07000, 0.03000, 0.03000, 
n_site, n_tet, site_k, tet_k, Tet_Sphere, Compute_RPD, GPU2CPU, Non_Dup_RPCs
1216, 813, 48, 38, 0.06000, 0.08000, 0.04000, 0.03000, 
n_site, n_tet, site_k, tet_k, Tet_Sphere, Compute_RPD, GPU2CPU, Non_Dup_RPCs
1216, 813, 48, 38, 0.06000, 0.08000, 0.03000, 0.03000, 
n_site, n_tet, site_k, tet_k, Tet_Sphere, Compute_RPD, GPU2CPU, Non_Dup_RPCs
1216, 813, 48, 38, 0.04000, 0.07000, 0.03000, 0.03000, 
n_site, n_tet, site_k, tet_k, Tet_Sphere, Compute_RPD, GPU2CPU, Non_Dup_RPCs
1216, 813, 48, 38, 0.03000, 0.06000, 0.01000, 0.03000, 
n_site, n_tet, site_k, tet_k, Tet_Sphere, Compute_RPD, GPU2CPU, Non_Dup_RPCs
1216, 813, 48, 38, 0.05000, 0.09000, 0.03000, 0.03000, 
n_site, n_tet, site_k, tet_k, Tet_Sphere, Compute_RPD, GPU2CPU, Non_Dup_RPCs
1216, 813, 48, 38, 0.05000, 0.07000, 0.03000, 0.03000, 
n_site, n_tet, site_k, tet_k, Tet_Sphere, Compute_RPD, GPU2CPU, Non_Dup_RPCs
1216, 813, 48, 38, 0.06000, 0.08000, 0.04000, 0.04000, 
n_site, n_tet, site_k, tet_k, Tet_Sphere, Compute_RPD, GPU2CPU, Non_Dup_RPCs
1216, 813, 48, 38, 0.08000, 0.12000, 0.06000, 0.05000, 
n_site, n_tet, site_k, tet_k, Tet_Sphere, Compute_RPD, GPU2CPU, Non_Dup_RPCs
1216, 813, 48, 38, 0.04000, 0.08000, 0.03000, 0.04000, 
n_site, n_tet, site_k, tet_k, Tet_Sphere, Compute_RPD, GPU2CPU, Non_Dup_RPCs
1216, 813, 48, 38, 0.05000, 0.06000, 0.04000, 0.03000, 
n_site, n_tet, site_k, tet_k, Tet_Sphere, Compute_RPD, GPU2CPU, Non_Dup_RPCs
1216, 813, 48, 38, 0.04000, 0.06000, 0.00000, 0.04000, 
n_site, n_tet, site_k, tet_k, Tet_Sphere, Compute_RPD, GPU2CPU, Non_Dup_RPCs
1216, 813, 48, 38, 0.06000, 0.08000, 0.03000, 0.03000, 
n_site, n_tet, site_k, tet_k, Tet_Sphere, Compute_RPD, GPU2CPU, Non_Dup_RPCs
1216, 813, 48, 38, 0.06000, 0.07000, 0.03000, 0.04000, 
n_site, n_tet, site_k, tet_k, Tet_Sphere, Compute_RPD, GPU2CPU, Non_Dup_RPCs
1216, 813, 48, 38, 0.04000, 0.06000, 0.04000, 0.03000, 
n_site, n_tet, site_k, tet_k, Tet_Sphere, Compute_RPD, GPU2CPU, Non_Dup_RPCs
1216, 813, 48, 38, 0.03000, 0.06000, 0.01000, 0.04000, 
n_site, n_tet, site_k, tet_k, Tet_Sphere, Compute_RPD, GPU2CPU, Non_Dup_RPCs
1216, 813, 48, 38, 0.06000, 0.09000, 0.04000, 0.03000, 
n_site, n_tet, site_k, tet_k, Tet_Sphere, Compute_RPD, GPU2CPU, Non_Dup_RPCs
1216, 813, 48, 38, 0.05000, 0.06000, 0.04000, 0.03000, 
n_site, n_tet, site_k, tet_k, Tet_Sphere, Compute_RPD, GPU2CPU, Non_Dup_RPCs
1216, 813, 48, 38, 0.03000, 0.06000, 0.01000, 0.04000, 
n_site, n_tet, site_k, tet_k, Tet_Sphere, Compute_RPD, GPU2CPU, Non_Dup_RPCs
1216, 813, 48, 38, 0.07000, 0.08000, 0.04000, 0.03000, 
n_site, n_tet, site_k, tet_k, Tet_Sphere, Compute_RPD, GPU2CPU, Non_Dup_RPCs
1216, 813, 48, 38, 0.06000, 0.09000, 0.03000, 0.03000, 
n_site, n_tet, site_k, tet_k, Tet_Sphere, Compute_RPD, GPU2CPU, Non_Dup_RPCs
1216, 813, 48, 38, 0.04000, 0.07000, 0.04000, 0.03000, 
n_site, n_tet, site_k, tet_k, Tet_Sphere, Compute_RPD, GPU2CPU, Non_Dup_RPCs
1216, 813, 48, 38, 0.03000, 0.06000, 0.01000, 0.04000, 
n_site, n_tet, site_k, tet_k, Tet_Sphere, Compute_RPD, GPU2CPU, Non_Dup_RPCs
1216, 813, 48, 38, 0.06000, 0.09000, 0.04000, 0.03000, 
n_site, n_tet, site_k, tet_k, Tet_Sphere, Compute_RPD, GPU2CPU, Non_Dup_RPCs
1216, 813, 48, 38, 0.05000, 0.06000, 0.04000, 0.03000, 
n_site, n_tet, site_k, tet_k, Tet_Sphere, Compute_RPD, GPU2CPU, Non_Dup_RPCs
1216, 813, 48, 38, 0.06000, 0.08000, 0.03000, 0.04000, 
n_site, n_tet, site_k, tet_k, Tet_Sphere, Compute_RPD, GPU2CPU, Non_Dup_RPCs
1216, 813, 48, 38, 0.06000, 0.08000, 0.03000, 0.04000, 
n_site, n_tet, site_k, tet_k, Tet_Sphere, Compute_RPD, GPU2CPU, Non_Dup_RPCs
1216, 813, 48, 38, 0.08000, 0.10000, 0.03000, 0.03000, 
n_site, n_tet, site_k, tet_k, Tet_Sphere, Compute_RPD, GPU2CPU, Non_Dup_RPCs
1216, 813, 48, 38, 0.06000, 0.08000, 0.03000, 0.03000, 
n_site, n_tet, site_k, tet_k, Tet_Sphere, Compute_RPD, GPU2CPU, Non_Dup_RPCs
1225, 813, 48, 38, 0.05000, 0.06000, 0.04000, 0.03000, 
n_site, n_tet, site_k, tet_k, Tet_Sphere, Compute_RPD, GPU2CPU, Non_Dup_RPCs
1316, 813, 48, 41, 0.07000, 0.10000, 0.03000, 0.04000, 
n_site, n_tet, site_k, tet_k, Tet_Sphere, Compute_RPD, GPU2CPU, Non_Dup_RPCs
1316, 813, 48, 41, 0.06000, 0.09000, 0.04000, 0.03000, 
n_site, n_tet, site_k, tet_k, Tet_Sphere, Compute_RPD, GPU2CPU, Non_Dup_RPCs
1316, 813, 46, 43, 0.05000, 0.07000, 0.04000, 0.03000, 
n_site, n_tet, site_k, tet_k, Tet_Sphere, Compute_RPD, GPU2CPU, Non_Dup_RPCs
1285, 813, 46, 42, 0.06000, 0.10000, 0.04000, 0.03000, 
n_site, n_tet, site_k, tet_k, Tet_Sphere, Compute_RPD, GPU2CPU, Non_Dup_RPCs
1064, 748, 39, 25, 0.03000, 0.05000, 0.02000, 0.01000, 
n_site, n_tet, site_k, tet_k, Tet_Sphere, Compute_RPD, GPU2CPU, Non_Dup_RPCs
1286, 813, 46, 42, 0.09000, 0.12000, 0.01000, 0.06000, 
n_site, n_tet, site_k, tet_k, Tet_Sphere, Compute_RPD, GPU2CPU, Non_Dup_RPCs
1286, 813, 46, 42, 0.02000, 0.05000, 0.01000, 0.04000, 
n_site, n_tet, site_k, tet_k, Tet_Sphere, Compute_RPD, GPU2CPU, Non_Dup_RPCs
1286, 813, 46, 42, 0.04000, 0.08000, 0.04000, 0.03000, 
n_site, n_tet, site_k, tet_k, Tet_Sphere, Compute_RPD, GPU2CPU, Non_Dup_RPCs
1286, 813, 46, 42, 0.06000, 0.10000, 0.03000, 0.04000, 
n_site, n_tet, site_k, tet_k, Tet_Sphere, Compute_RPD, GPU2CPU, Non_Dup_RPCs
1286, 813, 46, 40, 0.07000, 0.08000, 0.04000, 0.03000, 
n_site, n_tet, site_k, tet_k, Tet_Sphere, Compute_RPD, GPU2CPU, Non_Dup_RPCs
1286, 813, 46, 38, 0.05000, 0.07000, 0.03000, 0.03000, 
n_site, n_tet, site_k, tet_k, Tet_Sphere, Compute_RPD, GPU2CPU, Non_Dup_RPCs
1286, 813, 47, 38, 0.04000, 0.06000, 0.01000, 0.04000, 
n_site, n_tet, site_k, tet_k, Tet_Sphere, Compute_RPD, GPU2CPU, Non_Dup_RPCs
1286, 813, 47, 40, 0.06000, 0.08000, 0.03000, 0.04000, 
n_site, n_tet, site_k, tet_k, Tet_Sphere, Compute_RPD, GPU2CPU, Non_Dup_RPCs
1286, 813, 47, 40, 0.05000, 0.07000, 0.03000, 0.03000, 
n_site, n_tet, site_k, tet_k, Tet_Sphere, Compute_RPD, GPU2CPU, Non_Dup_RPCs
1286, 813, 48, 40, 0.04000, 0.05000, 0.01000, 0.03000, 
n_site, n_tet, site_k, tet_k, Tet_Sphere, Compute_RPD, GPU2CPU, Non_Dup_RPCs
1286, 813, 47, 43, 0.06000, 0.08000, 0.04000, 0.03000, 
n_site, n_tet, site_k, tet_k, Tet_Sphere, Compute_RPD, GPU2CPU, Non_Dup_RPCs
1286, 813, 46, 43, 0.04000, 0.07000, 0.03000, 0.04000, 
n_site, n_tet, site_k, tet_k, Tet_Sphere, Compute_RPD, GPU2CPU, Non_Dup_RPCs
1286, 813, 46, 42, 0.06000, 0.09000, 0.03000, 0.04000, 
n_site, n_tet, site_k, tet_k, Tet_Sphere, Compute_RPD, GPU2CPU, Non_Dup_RPCs
1286, 813, 46, 42, 0.06000, 0.08000, 0.04000, 0.03000, 
n_site, n_tet, site_k, tet_k, Tet_Sphere, Compute_RPD, GPU2CPU, Non_Dup_RPCs
1289, 813, 46, 42, 0.05000, 0.07000, 0.03000, 0.04000, 
n_site, n_tet, site_k, tet_k, Tet_Sphere, Compute_RPD, GPU2CPU, Non_Dup_RPCs
1355, 813, 46, 44, 0.03000, 0.06000, 0.01000, 0.04000, 
n_site, n_tet, site_k, tet_k, Tet_Sphere, Compute_RPD, GPU2CPU, Non_Dup_RPCs
1355, 813, 46, 44, 0.06000, 0.10000, 0.04000, 0.03000, 
n_site, n_tet, site_k, tet_k, Tet_Sphere, Compute_RPD, GPU2CPU, Non_Dup_RPCs
1355, 813, 46, 44, 0.05000, 0.08000, 0.04000, 0.03000, 
n_site, n_tet, site_k, tet_k, Tet_Sphere, Compute_RPD, GPU2CPU, Non_Dup_RPCs
1329, 813, 46, 42, 0.04000, 0.07000, 0.01000, 0.04000, 
n_site, n_tet, site_k, tet_k, Tet_Sphere, Compute_RPD, GPU2CPU, Non_Dup_RPCs
1088, 704, 43, 31, 0.02000, 0.06000, 0.02000, 0.01000, 
n_site, n_tet, site_k, tet_k, Tet_Sphere, Compute_RPD, GPU2CPU, Non_Dup_RPCs
95, 30, 18, 17, 0.00000, 0.01000, 0.00000, 0.00000, 
n_site, n_tet, site_k, tet_k, Tet_Sphere, Compute_RPD, GPU2CPU, Non_Dup_RPCs
1344, 813, 46, 42, 0.12000, 0.16000, 0.03000, 0.03000, 
n_site, n_tet, site_k, tet_k, Tet_Sphere, Compute_RPD, GPU2CPU, Non_Dup_RPCs
1685, 1739, 61, 55, 0.06000, 0.14000, 0.03000, 0.11000, 
n_site, n_tet, site_k, tet_k, Tet_Sphere, Compute_RPD, GPU2CPU, Non_Dup_RPCs
150, 60, 21, 7, 0.00000, 0.00000, 0.00000, 0.00000, 
n_site, n_tet, site_k, tet_k, Tet_Sphere, Compute_RPD, GPU2CPU, Non_Dup_RPCs
1774, 1135, 47, 60, 0.04000, 0.08000, 0.02000, 0.03000, 
n_site, n_tet, site_k, tet_k, Tet_Sphere, Compute_RPD, GPU2CPU, Non_Dup_RPCs
1621, 801, 49, 32, 0.02000, 0.03000, 0.01000, 0.01000, 
n_site, n_tet, site_k, tet_k, Tet_Sphere, Compute_RPD, GPU2CPU, Non_Dup_RPCs
1331, 611, 51, 18, 0.03000, 0.02000, 0.01000, 0.00000, 
n_site, n_tet, site_k, tet_k, Tet_Sphere, Compute_RPD, GPU2CPU, Non_Dup_RPCs
283, 78, 41, 9, 0.01000, 0.00000, 0.00000, 0.01000, 
n_site, n_tet, site_k, tet_k, Tet_Sphere, Compute_RPD, GPU2CPU, Non_Dup_RPCs
165, 39, 19, 13, 0.00000, 0.02000, 0.00000, 0.00000, 
n_site, n_tet, site_k, tet_k, Tet_Sphere, Compute_RPD, GPU2CPU, Non_Dup_RPCs
133, 27, 18, 12, 0.00000, 0.01000, 0.00000, 0.00000, 
n_site, n_tet, site_k, tet_k, Tet_Sphere, Compute_RPD, GPU2CPU, Non_Dup_RPCs
114, 27, 18, 10, 0.00000, 0.01000, 0.00000, 0.00000, 
n_site, n_tet, site_k, tet_k, Tet_Sphere, Compute_RPD, GPU2CPU, Non_Dup_RPCs
119, 94, 26, 16, 0.01000, 0.01000, 0.00000, 0.01000, 
n_site, n_tet, site_k, tet_k, Tet_Sphere, Compute_RPD, GPU2CPU, Non_Dup_RPCs
2262, 1739, 51, 70, 0.23000, 0.16000, 0.04000, 0.12000, 
n_site, n_tet, site_k, tet_k, Tet_Sphere, Compute_RPD, GPU2CPU, Non_Dup_RPCs
2262, 1739, 51, 70, 0.23000, 0.20000, 0.05000, 0.11000, 
n_site, n_tet, site_k, tet_k, Tet_Sphere, Compute_RPD, GPU2CPU, Non_Dup_RPCs
2262, 1739, 51, 70, 0.28000, 0.14000, 0.06000, 0.10000, 
n_site, n_tet, site_k, tet_k, Tet_Sphere, Compute_RPD, GPU2CPU, Non_Dup_RPCs
2262, 1739, 51, 70, 0.22000, 0.22000, 0.06000, 0.10000, 
n_site, n_tet, site_k, tet_k, Tet_Sphere, Compute_RPD, GPU2CPU, Non_Dup_RPCs
2262, 1739, 51, 70, 0.30000, 0.14000, 0.05000, 0.10000, 
n_site, n_tet, site_k, tet_k, Tet_Sphere, Compute_RPD, GPU2CPU, Non_Dup_RPCs
2262, 1739, 51, 70, 0.19000, 0.25000, 0.08000, 0.11000, 
n_site, n_tet, site_k, tet_k, Tet_Sphere, Compute_RPD, GPU2CPU, Non_Dup_RPCs
2262, 1739, 50, 70, 0.20000, 0.26000, 0.07000, 0.10000, 
n_site, n_tet, site_k, tet_k, Tet_Sphere, Compute_RPD, GPU2CPU, Non_Dup_RPCs
2262, 1739, 47, 69, 0.20000, 0.26000, 0.06000, 0.10000, 
n_site, n_tet, site_k, tet_k, Tet_Sphere, Compute_RPD, GPU2CPU, Non_Dup_RPCs
2262, 1739, 48, 70, 0.19000, 0.24000, 0.11000, 0.10000, 
n_site, n_tet, site_k, tet_k, Tet_Sphere, Compute_RPD, GPU2CPU, Non_Dup_RPCs
2262, 1739, 46, 71, 0.22000, 0.25000, 0.13000, 0.09000, 
n_site, n_tet, site_k, tet_k, Tet_Sphere, Compute_RPD, GPU2CPU, Non_Dup_RPCs
2262, 1739, 43, 71, 0.25000, 0.15000, 0.04000, 0.10000, 
n_site, n_tet, site_k, tet_k, Tet_Sphere, Compute_RPD, GPU2CPU, Non_Dup_RPCs
2262, 1739, 44, 69, 0.21000, 0.28000, 0.05000, 0.10000, 
n_site, n_tet, site_k, tet_k, Tet_Sphere, Compute_RPD, GPU2CPU, Non_Dup_RPCs
2262, 1739, 42, 72, 0.18000, 0.25000, 0.10000, 0.10000, 
n_site, n_tet, site_k, tet_k, Tet_Sphere, Compute_RPD, GPU2CPU, Non_Dup_RPCs
2262, 1739, 41, 70, 0.21000, 0.25000, 0.12000, 0.12000, 
n_site, n_tet, site_k, tet_k, Tet_Sphere, Compute_RPD, GPU2CPU, Non_Dup_RPCs
2262, 1739, 44, 69, 0.27000, 0.13000, 0.05000, 0.09000, 
n_site, n_tet, site_k, tet_k, Tet_Sphere, Compute_RPD, GPU2CPU, Non_Dup_RPCs
2262, 1739, 41, 67, 0.20000, 0.28000, 0.05000, 0.10000, 
n_site, n_tet, site_k, tet_k, Tet_Sphere, Compute_RPD, GPU2CPU, Non_Dup_RPCs
2262, 1739, 41, 69, 0.23000, 0.14000, 0.04000, 0.10000, 
n_site, n_tet, site_k, tet_k, Tet_Sphere, Compute_RPD, GPU2CPU, Non_Dup_RPCs
2262, 1739, 42, 68, 0.20000, 0.21000, 0.12000, 0.10000, 
n_site, n_tet, site_k, tet_k, Tet_Sphere, Compute_RPD, GPU2CPU, Non_Dup_RPCs
2262, 1739, 41, 69, 0.21000, 0.14000, 0.07000, 0.09000, 
n_site, n_tet, site_k, tet_k, Tet_Sphere, Compute_RPD, GPU2CPU, Non_Dup_RPCs
2262, 1739, 42, 67, 0.17000, 0.27000, 0.08000, 0.09000, 
n_site, n_tet, site_k, tet_k, Tet_Sphere, Compute_RPD, GPU2CPU, Non_Dup_RPCs
2262, 1739, 42, 66, 0.18000, 0.22000, 0.12000, 0.10000, 
n_site, n_tet, site_k, tet_k, Tet_Sphere, Compute_RPD, GPU2CPU, Non_Dup_RPCs
2262, 1739, 46, 66, 0.21000, 0.22000, 0.12000, 0.10000, 
n_site, n_tet, site_k, tet_k, Tet_Sphere, Compute_RPD, GPU2CPU, Non_Dup_RPCs
2262, 1739, 59, 64, 0.21000, 0.22000, 0.11000, 0.09000, 
n_site, n_tet, site_k, tet_k, Tet_Sphere, Compute_RPD, GPU2CPU, Non_Dup_RPCs
2262, 1739, 64, 65, 0.25000, 0.13000, 0.04000, 0.10000, 
n_site, n_tet, site_k, tet_k, Tet_Sphere, Compute_RPD, GPU2CPU, Non_Dup_RPCs
2262, 1739, 68, 65, 0.20000, 0.14000, 0.04000, 0.09000, 
n_site, n_tet, site_k, tet_k, Tet_Sphere, Compute_RPD, GPU2CPU, Non_Dup_RPCs
2262, 1739, 69, 64, 0.20000, 0.20000, 0.11000, 0.10000, 
n_site, n_tet, site_k, tet_k, Tet_Sphere, Compute_RPD, GPU2CPU, Non_Dup_RPCs
2262, 1739, 69, 64, 0.23000, 0.21000, 0.07000, 0.10000, 
n_site, n_tet, site_k, tet_k, Tet_Sphere, Compute_RPD, GPU2CPU, Non_Dup_RPCs
2531, 1739, 68, 70, 0.30000, 0.23000, 0.13000, 0.10000, 
n_site, n_tet, site_k, tet_k, Tet_Sphere, Compute_RPD, GPU2CPU, Non_Dup_RPCs
2804, 1739, 68, 86, 0.35000, 0.19000, 0.06000, 0.14000, 
n_site, n_tet, site_k, tet_k, Tet_Sphere, Compute_RPD, GPU2CPU, Non_Dup_RPCs
2804, 1739, 68, 86, 0.25000, 0.18000, 0.08000, 0.13000, 
n_site, n_tet, site_k, tet_k, Tet_Sphere, Compute_RPD, GPU2CPU, Non_Dup_RPCs
2804, 1739, 44, 92, 0.22000, 0.26000, 0.11000, 0.14000, 
n_site, n_tet, site_k, tet_k, Tet_Sphere, Compute_RPD, GPU2CPU, Non_Dup_RPCs
2765, 1739, 44, 88, 0.33000, 0.18000, 0.05000, 0.14000, 
n_site, n_tet, site_k, tet_k, Tet_Sphere, Compute_RPD, GPU2CPU, Non_Dup_RPCs
2724, 1739, 44, 81, 0.22000, 0.32000, 0.05000, 0.12000, 
n_site, n_tet, site_k, tet_k, Tet_Sphere, Compute_RPD, GPU2CPU, Non_Dup_RPCs
82, 28, 14, 7, 0.00000, 0.00000, 0.00000, 0.00000, 
n_site, n_tet, site_k, tet_k, Tet_Sphere, Compute_RPD, GPU2CPU, Non_Dup_RPCs
74, 24, 11, 9, 0.00000, 0.00000, 0.00000, 0.00000, 
n_site, n_tet, site_k, tet_k, Tet_Sphere, Compute_RPD, GPU2CPU, Non_Dup_RPCs
2788, 1739, 47, 89, 0.34000, 0.20000, 0.07000, 0.14000, 
n_site, n_tet, site_k, tet_k, Tet_Sphere, Compute_RPD, GPU2CPU, Non_Dup_RPCs
2788, 1739, 47, 90, 0.33000, 0.18000, 0.07000, 0.13000, 
n_site, n_tet, site_k, tet_k, Tet_Sphere, Compute_RPD, GPU2CPU, Non_Dup_RPCs
2788, 1739, 47, 90, 0.25000, 0.18000, 0.06000, 0.12000, 
n_site, n_tet, site_k, tet_k, Tet_Sphere, Compute_RPD, GPU2CPU, Non_Dup_RPCs
2788, 1739, 47, 91, 0.31000, 0.19000, 0.06000, 0.15000, 
n_site, n_tet, site_k, tet_k, Tet_Sphere, Compute_RPD, GPU2CPU, Non_Dup_RPCs
2788, 1739, 47, 92, 0.28000, 0.19000, 0.06000, 0.15000, 
n_site, n_tet, site_k, tet_k, Tet_Sphere, Compute_RPD, GPU2CPU, Non_Dup_RPCs
2788, 1739, 49, 92, 0.30000, 0.19000, 0.05000, 0.15000, 
n_site, n_tet, site_k, tet_k, Tet_Sphere, Compute_RPD, GPU2CPU, Non_Dup_RPCs
2788, 1739, 49, 90, 0.32000, 0.18000, 0.06000, 0.16000, 
n_site, n_tet, site_k, tet_k, Tet_Sphere, Compute_RPD, GPU2CPU, Non_Dup_RPCs
2788, 1739, 50, 91, 0.30000, 0.18000, 0.06000, 0.12000, 
n_site, n_tet, site_k, tet_k, Tet_Sphere, Compute_RPD, GPU2CPU, Non_Dup_RPCs
2788, 1739, 51, 88, 0.26000, 0.18000, 0.05000, 0.14000, 
n_site, n_tet, site_k, tet_k, Tet_Sphere, Compute_RPD, GPU2CPU, Non_Dup_RPCs
2788, 1739, 51, 85, 0.28000, 0.26000, 0.15000, 0.13000, 
n_site, n_tet, site_k, tet_k, Tet_Sphere, Compute_RPD, GPU2CPU, Non_Dup_RPCs
2788, 1739, 51, 85, 0.29000, 0.17000, 0.05000, 0.13000, 
n_site, n_tet, site_k, tet_k, Tet_Sphere, Compute_RPD, GPU2CPU, Non_Dup_RPCs
2788, 1739, 49, 85, 0.30000, 0.17000, 0.06000, 0.12000, 
n_site, n_tet, site_k, tet_k, Tet_Sphere, Compute_RPD, GPU2CPU, Non_Dup_RPCs
2788, 1739, 52, 84, 0.28000, 0.25000, 0.16000, 0.12000, 
n_site, n_tet, site_k, tet_k, Tet_Sphere, Compute_RPD, GPU2CPU, Non_Dup_RPCs
2788, 1739, 56, 87, 0.27000, 0.17000, 0.06000, 0.14000, 
n_site, n_tet, site_k, tet_k, Tet_Sphere, Compute_RPD, GPU2CPU, Non_Dup_RPCs
2788, 1739, 56, 86, 0.25000, 0.17000, 0.05000, 0.13000, 
n_site, n_tet, site_k, tet_k, Tet_Sphere, Compute_RPD, GPU2CPU, Non_Dup_RPCs
2788, 1739, 56, 86, 0.33000, 0.18000, 0.05000, 0.14000, 
n_site, n_tet, site_k, tet_k, Tet_Sphere, Compute_RPD, GPU2CPU, Non_Dup_RPCs
2788, 1739, 58, 86, 0.28000, 0.25000, 0.15000, 0.13000, 
n_site, n_tet, site_k, tet_k, Tet_Sphere, Compute_RPD, GPU2CPU, Non_Dup_RPCs
2788, 1739, 59, 83, 0.28000, 0.17000, 0.06000, 0.12000, 
n_site, n_tet, site_k, tet_k, Tet_Sphere, Compute_RPD, GPU2CPU, Non_Dup_RPCs
2788, 1739, 60, 84, 0.26000, 0.26000, 0.08000, 0.14000, 
n_site, n_tet, site_k, tet_k, Tet_Sphere, Compute_RPD, GPU2CPU, Non_Dup_RPCs
2788, 1739, 60, 84, 0.35000, 0.17000, 0.05000, 0.13000, 
n_site, n_tet, site_k, tet_k, Tet_Sphere, Compute_RPD, GPU2CPU, Non_Dup_RPCs
2813, 1739, 60, 84, 0.28000, 0.16000, 0.06000, 0.12000, 
n_site, n_tet, site_k, tet_k, Tet_Sphere, Compute_RPD, GPU2CPU, Non_Dup_RPCs
2982, 1739, 61, 101, 0.31000, 0.32000, 0.13000, 0.19000, 
n_site, n_tet, site_k, tet_k, Tet_Sphere, Compute_RPD, GPU2CPU, Non_Dup_RPCs
2982, 1739, 61, 101, 0.25000, 0.31000, 0.16000, 0.14000, 
n_site, n_tet, site_k, tet_k, Tet_Sphere, Compute_RPD, GPU2CPU, Non_Dup_RPCs
2982, 1739, 52, 108, 0.31000, 0.22000, 0.11000, 0.14000, 
n_site, n_tet, site_k, tet_k, Tet_Sphere, Compute_RPD, GPU2CPU, Non_Dup_RPCs
2949, 1739, 52, 102, 0.29000, 0.21000, 0.06000, 0.12000, 
n_site, n_tet, site_k, tet_k, Tet_Sphere, Compute_RPD, GPU2CPU, Non_Dup_RPCs
2461, 1677, 51, 70, 0.18000, 0.25000, 0.12000, 0.05000, 
n_site, n_tet, site_k, tet_k, Tet_Sphere, Compute_RPD, GPU2CPU, Non_Dup_RPCs
22, 7, 10, 7, 0.00000, 0.01000, 0.00000, 0.00000, 
n_site, n_tet, site_k, tet_k, Tet_Sphere, Compute_RPD, GPU2CPU, Non_Dup_RPCs
24, 7, 9, 7, 0.00000, 0.01000, 0.00000, 0.00000, 
n_site, n_tet, site_k, tet_k, Tet_Sphere, Compute_RPD, GPU2CPU, Non_Dup_RPCs
2956, 1739, 55, 104, 0.33000, 0.30000, 0.06000, 0.16000, 
n_site, n_tet, site_k, tet_k, Tet_Sphere, Compute_RPD, GPU2CPU, Non_Dup_RPCs
2956, 1739, 55, 105, 0.29000, 0.21000, 0.10000, 0.14000, 
n_site, n_tet, site_k, tet_k, Tet_Sphere, Compute_RPD, GPU2CPU, Non_Dup_RPCs
2956, 1739, 55, 104, 0.29000, 0.23000, 0.06000, 0.13000, 
n_site, n_tet, site_k, tet_k, Tet_Sphere, Compute_RPD, GPU2CPU, Non_Dup_RPCs
2956, 1739, 55, 103, 0.33000, 0.21000, 0.06000, 0.12000, 
n_site, n_tet, site_k, tet_k, Tet_Sphere, Compute_RPD, GPU2CPU, Non_Dup_RPCs
2956, 1739, 55, 99, 0.35000, 0.20000, 0.07000, 0.12000, 
n_site, n_tet, site_k, tet_k, Tet_Sphere, Compute_RPD, GPU2CPU, Non_Dup_RPCs
2956, 1739, 56, 95, 0.33000, 0.20000, 0.05000, 0.12000, 
n_site, n_tet, site_k, tet_k, Tet_Sphere, Compute_RPD, GPU2CPU, Non_Dup_RPCs
2956, 1739, 57, 96, 0.25000, 0.20000, 0.05000, 0.12000, 
n_site, n_tet, site_k, tet_k, Tet_Sphere, Compute_RPD, GPU2CPU, Non_Dup_RPCs
2956, 1739, 57, 96, 0.33000, 0.26000, 0.17000, 0.13000, 
n_site, n_tet, site_k, tet_k, Tet_Sphere, Compute_RPD, GPU2CPU, Non_Dup_RPCs
2956, 1739, 57, 99, 0.32000, 0.30000, 0.16000, 0.13000, 
n_site, n_tet, site_k, tet_k, Tet_Sphere, Compute_RPD, GPU2CPU, Non_Dup_RPCs
2956, 1739, 55, 100, 0.27000, 0.20000, 0.06000, 0.13000, 
n_site, n_tet, site_k, tet_k, Tet_Sphere, Compute_RPD, GPU2CPU, Non_Dup_RPCs
2956, 1739, 56, 100, 0.35000, 0.20000, 0.06000, 0.13000, 
n_site, n_tet, site_k, tet_k, Tet_Sphere, Compute_RPD, GPU2CPU, Non_Dup_RPCs
2956, 1739, 55, 96, 0.35000, 0.19000, 0.06000, 0.12000, 
n_site, n_tet, site_k, tet_k, Tet_Sphere, Compute_RPD, GPU2CPU, Non_Dup_RPCs
2956, 1739, 55, 95, 0.33000, 0.20000, 0.06000, 0.11000, 
n_site, n_tet, site_k, tet_k, Tet_Sphere, Compute_RPD, GPU2CPU, Non_Dup_RPCs
2956, 1739, 56, 95, 0.27000, 0.19000, 0.06000, 0.12000, 
n_site, n_tet, site_k, tet_k, Tet_Sphere, Compute_RPD, GPU2CPU, Non_Dup_RPCs
2956, 1739, 56, 95, 0.32000, 0.19000, 0.06000, 0.12000, 
n_site, n_tet, site_k, tet_k, Tet_Sphere, Compute_RPD, GPU2CPU, Non_Dup_RPCs
2968, 1739, 56, 96, 0.23000, 0.19000, 0.06000, 0.12000, 
n_site, n_tet, site_k, tet_k, Tet_Sphere, Compute_RPD, GPU2CPU, Non_Dup_RPCs
3118, 1739, 55, 111, 0.28000, 0.23000, 0.06000, 0.14000, 
n_site, n_tet, site_k, tet_k, Tet_Sphere, Compute_RPD, GPU2CPU, Non_Dup_RPCs
3118, 1739, 55, 111, 0.26000, 0.31000, 0.16000, 0.13000, 
n_site, n_tet, site_k, tet_k, Tet_Sphere, Compute_RPD, GPU2CPU, Non_Dup_RPCs
3118, 1739, 50, 120, 0.24000, 0.23000, 0.11000, 0.15000, 
n_site, n_tet, site_k, tet_k, Tet_Sphere, Compute_RPD, GPU2CPU, Non_Dup_RPCs
3075, 1739, 50, 111, 0.30000, 0.33000, 0.17000, 0.12000, 
n_site, n_tet, site_k, tet_k, Tet_Sphere, Compute_RPD, GPU2CPU, Non_Dup_RPCs
2413, 1480, 61, 59, 0.15000, 0.24000, 0.07000, 0.04000, 
n_site, n_tet, site_k, tet_k, Tet_Sphere, Compute_RPD, GPU2CPU, Non_Dup_RPCs
21, 8, 10, 6, 0.00000, 0.00000, 0.00000, 0.00000, 
n_site, n_tet, site_k, tet_k, Tet_Sphere, Compute_RPD, GPU2CPU, Non_Dup_RPCs
12, 4, 9, 6, 0.01000, 0.00000, 0.00000, 0.00000, 
n_site, n_tet, site_k, tet_k, Tet_Sphere, Compute_RPD, GPU2CPU, Non_Dup_RPCs
208, 61, 29, 14, 0.02000, 0.01000, 0.01000, 0.00000, 
n_site, n_tet, site_k, tet_k, Tet_Sphere, Compute_RPD, GPU2CPU, Non_Dup_RPCs
255, 101, 28, 20, 0.01000, 0.02000, 0.01000, 0.00000, 
n_site, n_tet, site_k, tet_k, Tet_Sphere, Compute_RPD, GPU2CPU, Non_Dup_RPCs
205, 67, 28, 21, 0.01000, 0.02000, 0.01000, 0.00000, 
n_site, n_tet, site_k, tet_k, Tet_Sphere, Compute_RPD, GPU2CPU, Non_Dup_RPCs
234, 65, 30, 25, 0.02000, 0.02000, 0.01000, 0.00000, 
n_site, n_tet, site_k, tet_k, Tet_Sphere, Compute_RPD, GPU2CPU, Non_Dup_RPCs
1624, 1739, 61, 53, 0.13000, 0.14000, 0.03000, 0.11000, 
n_site, n_tet, site_k, tet_k, Tet_Sphere, Compute_RPD, GPU2CPU, Non_Dup_RPCs
1624, 1739, 65, 52, 0.24000, 0.12000, 0.02000, 0.10000, 
n_site, n_tet, site_k, tet_k, Tet_Sphere, Compute_RPD, GPU2CPU, Non_Dup_RPCs
1926, 1739, 53, 61, 0.07000, 0.13000, 0.04000, 0.08000, 
n_site, n_tet, site_k, tet_k, Tet_Sphere, Compute_RPD, GPU2CPU, Non_Dup_RPCs
2065, 1739, 59, 70, 0.12000, 0.20000, 0.13000, 0.11000, 
n_site, n_tet, site_k, tet_k, Tet_Sphere, Compute_RPD, GPU2CPU, Non_Dup_RPCs
1996, 1739, 58, 66, 0.07000, 0.15000, 0.03000, 0.10000, 
n_site, n_tet, site_k, tet_k, Tet_Sphere, Compute_RPD, GPU2CPU, Non_Dup_RPCs
1996, 1739, 53, 65, 0.21000, 0.14000, 0.04000, 0.10000, 
n_site, n_tet, site_k, tet_k, Tet_Sphere, Compute_RPD, GPU2CPU, Non_Dup_RPCs
2150, 1739, 54, 82, 0.14000, 0.26000, 0.11000, 0.11000, 
n_site, n_tet, site_k, tet_k, Tet_Sphere, Compute_RPD, GPU2CPU, Non_Dup_RPCs
2252, 1739, 53, 83, 0.18000, 0.25000, 0.09000, 0.10000, 
n_site, n_tet, site_k, tet_k, Tet_Sphere, Compute_RPD, GPU2CPU, Non_Dup_RPCs
2196, 1739, 53, 81, 0.12000, 0.21000, 0.08000, 0.10000, 
n_site, n_tet, site_k, tet_k, Tet_Sphere, Compute_RPD, GPU2CPU, Non_Dup_RPCs
2196, 1739, 55, 79, 0.22000, 0.16000, 0.04000, 0.12000, 
n_site, n_tet, site_k, tet_k, Tet_Sphere, Compute_RPD, GPU2CPU, Non_Dup_RPCs
2323, 1739, 56, 98, 0.15000, 0.27000, 0.14000, 0.11000, 
n_site, n_tet, site_k, tet_k, Tet_Sphere, Compute_RPD, GPU2CPU, Non_Dup_RPCs
2441, 1739, 55, 95, 0.20000, 0.29000, 0.18000, 0.10000, 
n_site, n_tet, site_k, tet_k, Tet_Sphere, Compute_RPD, GPU2CPU, Non_Dup_RPCs
2381, 1739, 55, 91, 0.08000, 0.20000, 0.06000, 0.10000, 
n_site, n_tet, site_k, tet_k, Tet_Sphere, Compute_RPD, GPU2CPU, Non_Dup_RPCs
2381, 1739, 57, 90, 0.31000, 0.19000, 0.05000, 0.12000, 
n_site, n_tet, site_k, tet_k, Tet_Sphere, Compute_RPD, GPU2CPU, Non_Dup_RPCs
2481, 1739, 57, 98, 0.17000, 0.26000, 0.13000, 0.12000, 
n_site, n_tet, site_k, tet_k, Tet_Sphere, Compute_RPD, GPU2CPU, Non_Dup_RPCs
2598, 1739, 57, 104, 0.22000, 0.31000, 0.18000, 0.12000, 
n_site, n_tet, site_k, tet_k, Tet_Sphere, Compute_RPD, GPU2CPU, Non_Dup_RPCs
2544, 1739, 57, 100, 0.21000, 0.19000, 0.06000, 0.11000, 
n_site, n_tet, site_k, tet_k, Tet_Sphere, Compute_RPD, GPU2CPU, Non_Dup_RPCs
2544, 1739, 64, 100, 0.22000, 0.21000, 0.06000, 0.13000, 
n_site, n_tet, site_k, tet_k, Tet_Sphere, Compute_RPD, GPU2CPU, Non_Dup_RPCs
2623, 1739, 64, 110, 0.20000, 0.31000, 0.18000, 0.13000, 
n_site, n_tet, site_k, tet_k, Tet_Sphere, Compute_RPD, GPU2CPU, Non_Dup_RPCs
2753, 1739, 64, 131, 0.24000, 0.37000, 0.19000, 0.15000, 
n_site, n_tet, site_k, tet_k, Tet_Sphere, Compute_RPD, GPU2CPU, Non_Dup_RPCs
2684, 1739, 64, 127, 0.20000, 0.34000, 0.12000, 0.11000, 
n_site, n_tet, site_k, tet_k, Tet_Sphere, Compute_RPD, GPU2CPU, Non_Dup_RPCs
2683, 1739, 64, 127, 0.28000, 0.25000, 0.08000, 0.11000, 
n_site, n_tet, site_k, tet_k, Tet_Sphere, Compute_RPD, GPU2CPU, Non_Dup_RPCs
776, 3066, 77, 40, 0.03000, 0.17000, 0.04000, 0.11000, 
n_site, n_tet, site_k, tet_k, Tet_Sphere, Compute_RPD, GPU2CPU, Non_Dup_RPCs
465, 1149, 31, 22, 0.01000, 0.03000, 0.02000, 0.02000, 
n_site, n_tet, site_k, tet_k, Tet_Sphere, Compute_RPD, GPU2CPU, Non_Dup_RPCs
742, 3066, 24, 40, 0.02000, 0.14000, 0.05000, 0.10000, 
n_site, n_tet, site_k, tet_k, Tet_Sphere, Compute_RPD, GPU2CPU, Non_Dup_RPCs
742, 3066, 24, 41, 0.04000, 0.20000, 0.10000, 0.10000, 
n_site, n_tet, site_k, tet_k, Tet_Sphere, Compute_RPD, GPU2CPU, Non_Dup_RPCs
742, 3066, 24, 41, 0.03000, 0.16000, 0.04000, 0.09000, 
n_site, n_tet, site_k, tet_k, Tet_Sphere, Compute_RPD, GPU2CPU, Non_Dup_RPCs
742, 3066, 24, 41, 0.02000, 0.16000, 0.04000, 0.10000, 
n_site, n_tet, site_k, tet_k, Tet_Sphere, Compute_RPD, GPU2CPU, Non_Dup_RPCs
742, 3066, 24, 41, 0.03000, 0.15000, 0.04000, 0.11000, 
n_site, n_tet, site_k, tet_k, Tet_Sphere, Compute_RPD, GPU2CPU, Non_Dup_RPCs
742, 3066, 24, 41, 0.03000, 0.15000, 0.04000, 0.10000, 
n_site, n_tet, site_k, tet_k, Tet_Sphere, Compute_RPD, GPU2CPU, Non_Dup_RPCs
742, 3066, 24, 40, 0.03000, 0.14000, 0.05000, 0.09000, 
n_site, n_tet, site_k, tet_k, Tet_Sphere, Compute_RPD, GPU2CPU, Non_Dup_RPCs
742, 3066, 24, 40, 0.04000, 0.19000, 0.08000, 0.10000, 
n_site, n_tet, site_k, tet_k, Tet_Sphere, Compute_RPD, GPU2CPU, Non_Dup_RPCs
742, 3066, 24, 43, 0.03000, 0.19000, 0.14000, 0.11000, 
n_site, n_tet, site_k, tet_k, Tet_Sphere, Compute_RPD, GPU2CPU, Non_Dup_RPCs
742, 3066, 26, 45, 0.03000, 0.16000, 0.05000, 0.10000, 
n_site, n_tet, site_k, tet_k, Tet_Sphere, Compute_RPD, GPU2CPU, Non_Dup_RPCs
742, 3066, 28, 41, 0.04000, 0.17000, 0.04000, 0.10000, 
n_site, n_tet, site_k, tet_k, Tet_Sphere, Compute_RPD, GPU2CPU, Non_Dup_RPCs
742, 3066, 28, 41, 0.03000, 0.18000, 0.05000, 0.10000, 
n_site, n_tet, site_k, tet_k, Tet_Sphere, Compute_RPD, GPU2CPU, Non_Dup_RPCs
742, 3066, 29, 43, 0.07000, 0.25000, 0.09000, 0.11000, 
n_site, n_tet, site_k, tet_k, Tet_Sphere, Compute_RPD, GPU2CPU, Non_Dup_RPCs
742, 3066, 30, 43, 0.02000, 0.16000, 0.06000, 0.12000, 
n_site, n_tet, site_k, tet_k, Tet_Sphere, Compute_RPD, GPU2CPU, Non_Dup_RPCs
742, 3066, 30, 42, 0.04000, 0.20000, 0.13000, 0.10000, 
n_site, n_tet, site_k, tet_k, Tet_Sphere, Compute_RPD, GPU2CPU, Non_Dup_RPCs
742, 3066, 32, 45, 0.03000, 0.17000, 0.04000, 0.10000, 
n_site, n_tet, site_k, tet_k, Tet_Sphere, Compute_RPD, GPU2CPU, Non_Dup_RPCs
742, 3066, 33, 44, 0.05000, 0.22000, 0.15000, 0.10000, 
n_site, n_tet, site_k, tet_k, Tet_Sphere, Compute_RPD, GPU2CPU, Non_Dup_RPCs
742, 3066, 34, 44, 0.03000, 0.15000, 0.05000, 0.10000, 
n_site, n_tet, site_k, tet_k, Tet_Sphere, Compute_RPD, GPU2CPU, Non_Dup_RPCs
742, 3066, 40, 42, 0.03000, 0.18000, 0.04000, 0.09000, 
n_site, n_tet, site_k, tet_k, Tet_Sphere, Compute_RPD, GPU2CPU, Non_Dup_RPCs
742, 3066, 44, 41, 0.03000, 0.18000, 0.04000, 0.10000, 
n_site, n_tet, site_k, tet_k, Tet_Sphere, Compute_RPD, GPU2CPU, Non_Dup_RPCs
742, 3066, 45, 39, 0.03000, 0.15000, 0.04000, 0.09000, 
n_site, n_tet, site_k, tet_k, Tet_Sphere, Compute_RPD, GPU2CPU, Non_Dup_RPCs
742, 3066, 45, 38, 0.04000, 0.21000, 0.08000, 0.10000, 
n_site, n_tet, site_k, tet_k, Tet_Sphere, Compute_RPD, GPU2CPU, Non_Dup_RPCs
742, 3066, 48, 39, 0.02000, 0.14000, 0.04000, 0.10000, 
n_site, n_tet, site_k, tet_k, Tet_Sphere, Compute_RPD, GPU2CPU, Non_Dup_RPCs
742, 3066, 52, 39, 0.03000, 0.18000, 0.04000, 0.10000, 
n_site, n_tet, site_k, tet_k, Tet_Sphere, Compute_RPD, GPU2CPU, Non_Dup_RPCs
742, 3066, 52, 39, 0.06000, 0.22000, 0.14000, 0.10000, 
n_site, n_tet, site_k, tet_k, Tet_Sphere, Compute_RPD, GPU2CPU, Non_Dup_RPCs
742, 3066, 52, 39, 0.04000, 0.16000, 0.04000, 0.10000, 
n_site, n_tet, site_k, tet_k, Tet_Sphere, Compute_RPD, GPU2CPU, Non_Dup_RPCs
911, 3066, 52, 41, 0.07000, 0.25000, 0.13000, 0.10000, 
n_site, n_tet, site_k, tet_k, Tet_Sphere, Compute_RPD, GPU2CPU, Non_Dup_RPCs
982, 3066, 26, 46, 0.08000, 0.34000, 0.06000, 0.11000, 
n_site, n_tet, site_k, tet_k, Tet_Sphere, Compute_RPD, GPU2CPU, Non_Dup_RPCs
982, 3066, 26, 46, 0.03000, 0.25000, 0.15000, 0.10000, 
n_site, n_tet, site_k, tet_k, Tet_Sphere, Compute_RPD, GPU2CPU, Non_Dup_RPCs
982, 3066, 28, 46, 0.06000, 0.27000, 0.11000, 0.12000, 
n_site, n_tet, site_k, tet_k, Tet_Sphere, Compute_RPD, GPU2CPU, Non_Dup_RPCs
924, 3066, 29, 46, 0.06000, 0.24000, 0.15000, 0.11000, 
n_site, n_tet, site_k, tet_k, Tet_Sphere, Compute_RPD, GPU2CPU, Non_Dup_RPCs
924, 3066, 29, 46, 0.11000, 0.39000, 0.08000, 0.11000, 
n_site, n_tet, site_k, tet_k, Tet_Sphere, Compute_RPD, GPU2CPU, Non_Dup_RPCs
924, 3066, 29, 46, 0.03000, 0.25000, 0.15000, 0.10000, 
n_site, n_tet, site_k, tet_k, Tet_Sphere, Compute_RPD, GPU2CPU, Non_Dup_RPCs
924, 3066, 29, 46, 0.03000, 0.23000, 0.07000, 0.11000, 
n_site, n_tet, site_k, tet_k, Tet_Sphere, Compute_RPD, GPU2CPU, Non_Dup_RPCs
924, 3066, 29, 46, 0.03000, 0.26000, 0.15000, 0.10000, 
n_site, n_tet, site_k, tet_k, Tet_Sphere, Compute_RPD, GPU2CPU, Non_Dup_RPCs
924, 3066, 29, 46, 0.03000, 0.19000, 0.14000, 0.10000, 
n_site, n_tet, site_k, tet_k, Tet_Sphere, Compute_RPD, GPU2CPU, Non_Dup_RPCs
924, 3066, 30, 46, 0.03000, 0.22000, 0.08000, 0.10000, 
n_site, n_tet, site_k, tet_k, Tet_Sphere, Compute_RPD, GPU2CPU, Non_Dup_RPCs
924, 3066, 29, 44, 0.05000, 0.23000, 0.15000, 0.10000, 
n_site, n_tet, site_k, tet_k, Tet_Sphere, Compute_RPD, GPU2CPU, Non_Dup_RPCs
924, 3066, 28, 44, 0.03000, 0.17000, 0.14000, 0.10000, 
n_site, n_tet, site_k, tet_k, Tet_Sphere, Compute_RPD, GPU2CPU, Non_Dup_RPCs
924, 3066, 28, 44, 0.04000, 0.22000, 0.08000, 0.11000, 
n_site, n_tet, site_k, tet_k, Tet_Sphere, Compute_RPD, GPU2CPU, Non_Dup_RPCs
924, 3066, 28, 43, 0.03000, 0.23000, 0.06000, 0.09000, 
n_site, n_tet, site_k, tet_k, Tet_Sphere, Compute_RPD, GPU2CPU, Non_Dup_RPCs
924, 3066, 27, 43, 0.04000, 0.25000, 0.14000, 0.10000, 
n_site, n_tet, site_k, tet_k, Tet_Sphere, Compute_RPD, GPU2CPU, Non_Dup_RPCs
924, 3066, 24, 42, 0.03000, 0.14000, 0.05000, 0.11000, 
n_site, n_tet, site_k, tet_k, Tet_Sphere, Compute_RPD, GPU2CPU, Non_Dup_RPCs
924, 3066, 24, 44, 0.05000, 0.21000, 0.15000, 0.10000, 
n_site, n_tet, site_k, tet_k, Tet_Sphere, Compute_RPD, GPU2CPU, Non_Dup_RPCs
924, 3066, 24, 43, 0.03000, 0.15000, 0.05000, 0.10000, 
n_site, n_tet, site_k, tet_k, Tet_Sphere, Compute_RPD, GPU2CPU, Non_Dup_RPCs
924, 3066, 27, 45, 0.05000, 0.21000, 0.15000, 0.11000, 
n_site, n_tet, site_k, tet_k, Tet_Sphere, Compute_RPD, GPU2CPU, Non_Dup_RPCs
924, 3066, 27, 45, 0.03000, 0.17000, 0.15000, 0.10000, 
n_site, n_tet, site_k, tet_k, Tet_Sphere, Compute_RPD, GPU2CPU, Non_Dup_RPCs
924, 3066, 27, 46, 0.03000, 0.21000, 0.11000, 0.11000, 
n_site, n_tet, site_k, tet_k, Tet_Sphere, Compute_RPD, GPU2CPU, Non_Dup_RPCs
924, 3066, 27, 47, 0.02000, 0.23000, 0.07000, 0.10000, 
n_site, n_tet, site_k, tet_k, Tet_Sphere, Compute_RPD, GPU2CPU, Non_Dup_RPCs
924, 3066, 27, 47, 0.03000, 0.28000, 0.14000, 0.11000, 
n_site, n_tet, site_k, tet_k, Tet_Sphere, Compute_RPD, GPU2CPU, Non_Dup_RPCs
942, 3066, 25, 47, 0.07000, 0.29000, 0.09000, 0.10000, 
n_site, n_tet, site_k, tet_k, Tet_Sphere, Compute_RPD, GPU2CPU, Non_Dup_RPCs
1002, 3066, 26, 48, 0.09000, 0.30000, 0.15000, 0.12000, 
n_site, n_tet, site_k, tet_k, Tet_Sphere, Compute_RPD, GPU2CPU, Non_Dup_RPCs
1002, 3066, 26, 48, 0.04000, 0.22000, 0.07000, 0.11000, 
n_site, n_tet, site_k, tet_k, Tet_Sphere, Compute_RPD, GPU2CPU, Non_Dup_RPCs
1002, 3066, 26, 48, 0.08000, 0.31000, 0.06000, 0.10000, 
n_site, n_tet, site_k, tet_k, Tet_Sphere, Compute_RPD, GPU2CPU, Non_Dup_RPCs
984, 3066, 29, 48, 0.06000, 0.25000, 0.15000, 0.11000, 
n_site, n_tet, site_k, tet_k, Tet_Sphere, Compute_RPD, GPU2CPU, Non_Dup_RPCs
984, 3066, 29, 48, 0.11000, 0.36000, 0.05000, 0.11000, 
n_site, n_tet, site_k, tet_k, Tet_Sphere, Compute_RPD, GPU2CPU, Non_Dup_RPCs
984, 3066, 29, 48, 0.06000, 0.24000, 0.11000, 0.11000, 
n_site, n_tet, site_k, tet_k, Tet_Sphere, Compute_RPD, GPU2CPU, Non_Dup_RPCs
984, 3066, 29, 48, 0.08000, 0.30000, 0.16000, 0.10000, 
n_site, n_tet, site_k, tet_k, Tet_Sphere, Compute_RPD, GPU2CPU, Non_Dup_RPCs
984, 3066, 28, 48, 0.03000, 0.23000, 0.15000, 0.11000, 
n_site, n_tet, site_k, tet_k, Tet_Sphere, Compute_RPD, GPU2CPU, Non_Dup_RPCs
984, 3066, 29, 47, 0.07000, 0.26000, 0.11000, 0.11000, 
n_site, n_tet, site_k, tet_k, Tet_Sphere, Compute_RPD, GPU2CPU, Non_Dup_RPCs
984, 3066, 28, 47, 0.06000, 0.25000, 0.12000, 0.11000, 
n_site, n_tet, site_k, tet_k, Tet_Sphere, Compute_RPD, GPU2CPU, Non_Dup_RPCs
984, 3066, 28, 48, 0.06000, 0.24000, 0.13000, 0.10000, 
n_site, n_tet, site_k, tet_k, Tet_Sphere, Compute_RPD, GPU2CPU, Non_Dup_RPCs
984, 3066, 28, 48, 0.06000, 0.24000, 0.11000, 0.10000, 
n_site, n_tet, site_k, tet_k, Tet_Sphere, Compute_RPD, GPU2CPU, Non_Dup_RPCs
984, 3066, 28, 48, 0.06000, 0.24000, 0.11000, 0.11000, 
n_site, n_tet, site_k, tet_k, Tet_Sphere, Compute_RPD, GPU2CPU, Non_Dup_RPCs
984, 3066, 28, 48, 0.08000, 0.30000, 0.15000, 0.10000, 
n_site, n_tet, site_k, tet_k, Tet_Sphere, Compute_RPD, GPU2CPU, Non_Dup_RPCs
984, 3066, 26, 49, 0.03000, 0.23000, 0.16000, 0.11000, 
n_site, n_tet, site_k, tet_k, Tet_Sphere, Compute_RPD, GPU2CPU, Non_Dup_RPCs
984, 3066, 26, 47, 0.05000, 0.25000, 0.14000, 0.10000, 
n_site, n_tet, site_k, tet_k, Tet_Sphere, Compute_RPD, GPU2CPU, Non_Dup_RPCs
984, 3066, 26, 47, 0.04000, 0.22000, 0.15000, 0.11000, 
n_site, n_tet, site_k, tet_k, Tet_Sphere, Compute_RPD, GPU2CPU, Non_Dup_RPCs
989, 3066, 26, 47, 0.08000, 0.30000, 0.15000, 0.11000, 
n_site, n_tet, site_k, tet_k, Tet_Sphere, Compute_RPD, GPU2CPU, Non_Dup_RPCs
1044, 3066, 27, 47, 0.09000, 0.32000, 0.15000, 0.11000, 
n_site, n_tet, site_k, tet_k, Tet_Sphere, Compute_RPD, GPU2CPU, Non_Dup_RPCs
1044, 3066, 27, 47, 0.03000, 0.22000, 0.15000, 0.12000, 
n_site, n_tet, site_k, tet_k, Tet_Sphere, Compute_RPD, GPU2CPU, Non_Dup_RPCs
1044, 3066, 29, 47, 0.06000, 0.27000, 0.10000, 0.10000, 
n_site, n_tet, site_k, tet_k, Tet_Sphere, Compute_RPD, GPU2CPU, Non_Dup_RPCs
1029, 3066, 26, 47, 0.06000, 0.26000, 0.15000, 0.11000, 
n_site, n_tet, site_k, tet_k, Tet_Sphere, Compute_RPD, GPU2CPU, Non_Dup_RPCs
1023, 3009, 24, 47, 0.07000, 0.29000, 0.05000, 0.10000, 
n_site, n_tet, site_k, tet_k, Tet_Sphere, Compute_RPD, GPU2CPU, Non_Dup_RPCs
1028, 3066, 26, 47, 0.10000, 0.36000, 0.09000, 0.13000, 
n_site, n_tet, site_k, tet_k, Tet_Sphere, Compute_RPD, GPU2CPU, Non_Dup_RPCs
1813, 1788, 39, 62, 0.05000, 0.15000, 0.04000, 0.12000, 
n_site, n_tet, site_k, tet_k, Tet_Sphere, Compute_RPD, GPU2CPU, Non_Dup_RPCs
622, 283, 41, 9, 0.01000, 0.00000, 0.00000, 0.00000, 
n_site, n_tet, site_k, tet_k, Tet_Sphere, Compute_RPD, GPU2CPU, Non_Dup_RPCs
1558, 890, 38, 35, 0.02000, 0.04000, 0.02000, 0.01000, 
n_site, n_tet, site_k, tet_k, Tet_Sphere, Compute_RPD, GPU2CPU, Non_Dup_RPCs
1384, 679, 32, 29, 0.03000, 0.04000, 0.02000, 0.01000, 
n_site, n_tet, site_k, tet_k, Tet_Sphere, Compute_RPD, GPU2CPU, Non_Dup_RPCs
1022, 478, 33, 15, 0.03000, 0.02000, 0.01000, 0.00000, 
n_site, n_tet, site_k, tet_k, Tet_Sphere, Compute_RPD, GPU2CPU, Non_Dup_RPCs
559, 213, 27, 11, 0.02000, 0.02000, 0.00000, 0.00000, 
n_site, n_tet, site_k, tet_k, Tet_Sphere, Compute_RPD, GPU2CPU, Non_Dup_RPCs
259, 78, 19, 11, 0.01000, 0.01000, 0.00000, 0.00000, 
n_site, n_tet, site_k, tet_k, Tet_Sphere, Compute_RPD, GPU2CPU, Non_Dup_RPCs
268, 67, 28, 13, 0.01000, 0.01000, 0.00000, 0.00000, 
n_site, n_tet, site_k, tet_k, Tet_Sphere, Compute_RPD, GPU2CPU, Non_Dup_RPCs
208, 55, 24, 9, 0.01000, 0.01000, 0.00000, 0.00000, 
n_site, n_tet, site_k, tet_k, Tet_Sphere, Compute_RPD, GPU2CPU, Non_Dup_RPCs
2341, 1788, 37, 64, 0.25000, 0.27000, 0.12000, 0.14000, 
n_site, n_tet, site_k, tet_k, Tet_Sphere, Compute_RPD, GPU2CPU, Non_Dup_RPCs
2341, 1788, 37, 64, 0.24000, 0.14000, 0.04000, 0.11000, 
n_site, n_tet, site_k, tet_k, Tet_Sphere, Compute_RPD, GPU2CPU, Non_Dup_RPCs
2341, 1788, 37, 64, 0.21000, 0.24000, 0.12000, 0.13000, 
n_site, n_tet, site_k, tet_k, Tet_Sphere, Compute_RPD, GPU2CPU, Non_Dup_RPCs
2341, 1788, 37, 64, 0.26000, 0.26000, 0.12000, 0.10000, 
n_site, n_tet, site_k, tet_k, Tet_Sphere, Compute_RPD, GPU2CPU, Non_Dup_RPCs
2341, 1788, 37, 64, 0.24000, 0.14000, 0.04000, 0.13000, 
n_site, n_tet, site_k, tet_k, Tet_Sphere, Compute_RPD, GPU2CPU, Non_Dup_RPCs
2341, 1788, 37, 63, 0.18000, 0.15000, 0.04000, 0.13000, 
n_site, n_tet, site_k, tet_k, Tet_Sphere, Compute_RPD, GPU2CPU, Non_Dup_RPCs
2341, 1788, 36, 63, 0.20000, 0.26000, 0.11000, 0.11000, 
n_site, n_tet, site_k, tet_k, Tet_Sphere, Compute_RPD, GPU2CPU, Non_Dup_RPCs
2341, 1788, 83, 62, 0.26000, 0.14000, 0.04000, 0.11000, 
n_site, n_tet, site_k, tet_k, Tet_Sphere, Compute_RPD, GPU2CPU, Non_Dup_RPCs
2341, 1788, 155, 63, 0.22000, 0.14000, 0.04000, 0.11000, 
n_site, n_tet, site_k, tet_k, Tet_Sphere, Compute_RPD, GPU2CPU, Non_Dup_RPCs
2341, 1788, 176, 63, 0.30000, 0.19000, 0.04000, 0.12000, 
n_site, n_tet, site_k, tet_k, Tet_Sphere, Compute_RPD, GPU2CPU, Non_Dup_RPCs
2341, 1788, 195, 62, 0.27000, 0.14000, 0.04000, 0.11000, 
n_site, n_tet, site_k, tet_k, Tet_Sphere, Compute_RPD, GPU2CPU, Non_Dup_RPCs
2341, 1788, 211, 61, 0.25000, 0.14000, 0.03000, 0.12000, 
n_site, n_tet, site_k, tet_k, Tet_Sphere, Compute_RPD, GPU2CPU, Non_Dup_RPCs
2341, 1788, 220, 60, 0.27000, 0.14000, 0.03000, 0.12000, 
n_site, n_tet, site_k, tet_k, Tet_Sphere, Compute_RPD, GPU2CPU, Non_Dup_RPCs
2341, 1788, 220, 59, 0.26000, 0.13000, 0.04000, 0.12000, 
n_site, n_tet, site_k, tet_k, Tet_Sphere, Compute_RPD, GPU2CPU, Non_Dup_RPCs
2341, 1788, 223, 61, 0.35000, 0.13000, 0.04000, 0.11000, 
n_site, n_tet, site_k, tet_k, Tet_Sphere, Compute_RPD, GPU2CPU, Non_Dup_RPCs
2341, 1788, 229, 61, 0.28000, 0.14000, 0.04000, 0.10000, 
n_site, n_tet, site_k, tet_k, Tet_Sphere, Compute_RPD, GPU2CPU, Non_Dup_RPCs
2341, 1788, 229, 60, 0.32000, 0.13000, 0.03000, 0.12000, 
n_site, n_tet, site_k, tet_k, Tet_Sphere, Compute_RPD, GPU2CPU, Non_Dup_RPCs
2341, 1788, 228, 60, 0.25000, 0.13000, 0.04000, 0.11000, 
n_site, n_tet, site_k, tet_k, Tet_Sphere, Compute_RPD, GPU2CPU, Non_Dup_RPCs
2341, 1788, 230, 60, 0.26000, 0.14000, 0.04000, 0.11000, 
n_site, n_tet, site_k, tet_k, Tet_Sphere, Compute_RPD, GPU2CPU, Non_Dup_RPCs
2341, 1788, 234, 60, 0.24000, 0.13000, 0.04000, 0.10000, 
n_site, n_tet, site_k, tet_k, Tet_Sphere, Compute_RPD, GPU2CPU, Non_Dup_RPCs
2341, 1788, 234, 59, 0.30000, 0.13000, 0.03000, 0.11000, 
n_site, n_tet, site_k, tet_k, Tet_Sphere, Compute_RPD, GPU2CPU, Non_Dup_RPCs
2341, 1788, 235, 59, 0.26000, 0.14000, 0.04000, 0.10000, 
n_site, n_tet, site_k, tet_k, Tet_Sphere, Compute_RPD, GPU2CPU, Non_Dup_RPCs
2341, 1788, 235, 59, 0.34000, 0.13000, 0.04000, 0.12000, 
n_site, n_tet, site_k, tet_k, Tet_Sphere, Compute_RPD, GPU2CPU, Non_Dup_RPCs
2341, 1788, 236, 57, 0.27000, 0.13000, 0.04000, 0.10000, 
n_site, n_tet, site_k, tet_k, Tet_Sphere, Compute_RPD, GPU2CPU, Non_Dup_RPCs
2341, 1788, 236, 57, 0.28000, 0.13000, 0.04000, 0.11000, 
n_site, n_tet, site_k, tet_k, Tet_Sphere, Compute_RPD, GPU2CPU, Non_Dup_RPCs
2341, 1788, 236, 57, 0.28000, 0.12000, 0.04000, 0.11000, 
n_site, n_tet, site_k, tet_k, Tet_Sphere, Compute_RPD, GPU2CPU, Non_Dup_RPCs
2341, 1788, 236, 57, 0.25000, 0.12000, 0.04000, 0.12000, 
n_site, n_tet, site_k, tet_k, Tet_Sphere, Compute_RPD, GPU2CPU, Non_Dup_RPCs
2516, 1788, 236, 68, 0.36000, 0.15000, 0.04000, 0.12000, 
n_site, n_tet, site_k, tet_k, Tet_Sphere, Compute_RPD, GPU2CPU, Non_Dup_RPCs
2717, 1788, 236, 77, 0.27000, 0.18000, 0.05000, 0.15000, 
n_site, n_tet, site_k, tet_k, Tet_Sphere, Compute_RPD, GPU2CPU, Non_Dup_RPCs
2717, 1788, 236, 77, 0.35000, 0.17000, 0.05000, 0.12000, 
n_site, n_tet, site_k, tet_k, Tet_Sphere, Compute_RPD, GPU2CPU, Non_Dup_RPCs
2717, 1788, 284, 83, 0.34000, 0.17000, 0.05000, 0.14000, 
n_site, n_tet, site_k, tet_k, Tet_Sphere, Compute_RPD, GPU2CPU, Non_Dup_RPCs
2674, 1788, 56, 77, 0.30000, 0.17000, 0.05000, 0.13000, 
n_site, n_tet, site_k, tet_k, Tet_Sphere, Compute_RPD, GPU2CPU, Non_Dup_RPCs
2626, 1788, 52, 71, 0.21000, 0.15000, 0.04000, 0.11000, 
n_site, n_tet, site_k, tet_k, Tet_Sphere, Compute_RPD, GPU2CPU, Non_Dup_RPCs
103, 29, 27, 7, 0.01000, 0.00000, 0.00000, 0.00000, 
n_site, n_tet, site_k, tet_k, Tet_Sphere, Compute_RPD, GPU2CPU, Non_Dup_RPCs
149, 41, 25, 10, 0.01000, 0.01000, 0.00000, 0.00000, 
n_site, n_tet, site_k, tet_k, Tet_Sphere, Compute_RPD, GPU2CPU, Non_Dup_RPCs
2691, 1788, 56, 76, 0.31000, 0.17000, 0.04000, 0.15000, 
n_site, n_tet, site_k, tet_k, Tet_Sphere, Compute_RPD, GPU2CPU, Non_Dup_RPCs
2691, 1788, 56, 77, 0.26000, 0.17000, 0.05000, 0.12000, 
n_site, n_tet, site_k, tet_k, Tet_Sphere, Compute_RPD, GPU2CPU, Non_Dup_RPCs
2691, 1788, 56, 77, 0.26000, 0.28000, 0.14000, 0.15000, 
n_site, n_tet, site_k, tet_k, Tet_Sphere, Compute_RPD, GPU2CPU, Non_Dup_RPCs
2691, 1788, 56, 77, 0.32000, 0.17000, 0.05000, 0.12000, 
n_site, n_tet, site_k, tet_k, Tet_Sphere, Compute_RPD, GPU2CPU, Non_Dup_RPCs
2691, 1788, 56, 77, 0.26000, 0.30000, 0.06000, 0.14000, 
n_site, n_tet, site_k, tet_k, Tet_Sphere, Compute_RPD, GPU2CPU, Non_Dup_RPCs
2691, 1788, 55, 74, 0.32000, 0.17000, 0.05000, 0.14000, 
n_site, n_tet, site_k, tet_k, Tet_Sphere, Compute_RPD, GPU2CPU, Non_Dup_RPCs
2691, 1788, 55, 73, 0.29000, 0.26000, 0.14000, 0.14000, 
n_site, n_tet, site_k, tet_k, Tet_Sphere, Compute_RPD, GPU2CPU, Non_Dup_RPCs
2691, 1788, 55, 72, 0.27000, 0.15000, 0.05000, 0.12000, 
n_site, n_tet, site_k, tet_k, Tet_Sphere, Compute_RPD, GPU2CPU, Non_Dup_RPCs
2691, 1788, 55, 73, 0.26000, 0.27000, 0.04000, 0.14000, 
n_site, n_tet, site_k, tet_k, Tet_Sphere, Compute_RPD, GPU2CPU, Non_Dup_RPCs
2691, 1788, 55, 74, 0.27000, 0.26000, 0.05000, 0.12000, 
n_site, n_tet, site_k, tet_k, Tet_Sphere, Compute_RPD, GPU2CPU, Non_Dup_RPCs
2691, 1788, 55, 74, 0.31000, 0.16000, 0.04000, 0.15000, 
n_site, n_tet, site_k, tet_k, Tet_Sphere, Compute_RPD, GPU2CPU, Non_Dup_RPCs
2691, 1788, 55, 73, 0.22000, 0.16000, 0.04000, 0.12000, 
n_site, n_tet, site_k, tet_k, Tet_Sphere, Compute_RPD, GPU2CPU, Non_Dup_RPCs
2691, 1788, 55, 69, 0.28000, 0.16000, 0.04000, 0.15000, 
n_site, n_tet, site_k, tet_k, Tet_Sphere, Compute_RPD, GPU2CPU, Non_Dup_RPCs
2691, 1788, 55, 69, 0.23000, 0.15000, 0.04000, 0.12000, 
n_site, n_tet, site_k, tet_k, Tet_Sphere, Compute_RPD, GPU2CPU, Non_Dup_RPCs
2691, 1788, 56, 70, 0.26000, 0.27000, 0.04000, 0.14000, 
n_site, n_tet, site_k, tet_k, Tet_Sphere, Compute_RPD, GPU2CPU, Non_Dup_RPCs
2691, 1788, 56, 70, 0.30000, 0.26000, 0.13000, 0.13000, 
n_site, n_tet, site_k, tet_k, Tet_Sphere, Compute_RPD, GPU2CPU, Non_Dup_RPCs
2691, 1788, 56, 68, 0.27000, 0.15000, 0.05000, 0.12000, 
n_site, n_tet, site_k, tet_k, Tet_Sphere, Compute_RPD, GPU2CPU, Non_Dup_RPCs
2691, 1788, 56, 67, 0.30000, 0.15000, 0.04000, 0.12000, 
n_site, n_tet, site_k, tet_k, Tet_Sphere, Compute_RPD, GPU2CPU, Non_Dup_RPCs
2691, 1788, 56, 68, 0.21000, 0.15000, 0.05000, 0.13000, 
n_site, n_tet, site_k, tet_k, Tet_Sphere, Compute_RPD, GPU2CPU, Non_Dup_RPCs
2691, 1788, 56, 68, 0.27000, 0.27000, 0.04000, 0.12000, 
n_site, n_tet, site_k, tet_k, Tet_Sphere, Compute_RPD, GPU2CPU, Non_Dup_RPCs
2753, 1788, 56, 98, 0.28000, 0.27000, 0.07000, 0.14000, 
n_site, n_tet, site_k, tet_k, Tet_Sphere, Compute_RPD, GPU2CPU, Non_Dup_RPCs
2823, 1788, 56, 99, 0.23000, 0.22000, 0.08000, 0.14000, 
n_site, n_tet, site_k, tet_k, Tet_Sphere, Compute_RPD, GPU2CPU, Non_Dup_RPCs
2823, 1788, 56, 99, 0.24000, 0.33000, 0.19000, 0.14000, 
n_site, n_tet, site_k, tet_k, Tet_Sphere, Compute_RPD, GPU2CPU, Non_Dup_RPCs
2823, 1788, 56, 101, 0.26000, 0.22000, 0.07000, 0.15000, 
n_site, n_tet, site_k, tet_k, Tet_Sphere, Compute_RPD, GPU2CPU, Non_Dup_RPCs
2803, 1788, 56, 96, 0.30000, 0.29000, 0.18000, 0.14000, 
n_site, n_tet, site_k, tet_k, Tet_Sphere, Compute_RPD, GPU2CPU, Non_Dup_RPCs
1957, 1639, 36, 89, 0.12000, 0.37000, 0.05000, 0.06000, 
n_site, n_tet, site_k, tet_k, Tet_Sphere, Compute_RPD, GPU2CPU, Non_Dup_RPCs
52, 11, 27, 7, 0.00000, 0.01000, 0.00000, 0.00000, 
n_site, n_tet, site_k, tet_k, Tet_Sphere, Compute_RPD, GPU2CPU, Non_Dup_RPCs
41, 6, 25, 8, 0.00000, 0.01000, 0.00000, 0.00000, 
n_site, n_tet, site_k, tet_k, Tet_Sphere, Compute_RPD, GPU2CPU, Non_Dup_RPCs
2810, 1788, 56, 96, 0.29000, 0.23000, 0.06000, 0.15000, 
n_site, n_tet, site_k, tet_k, Tet_Sphere, Compute_RPD, GPU2CPU, Non_Dup_RPCs
2810, 1788, 56, 95, 0.24000, 0.21000, 0.07000, 0.15000, 
n_site, n_tet, site_k, tet_k, Tet_Sphere, Compute_RPD, GPU2CPU, Non_Dup_RPCs
2810, 1788, 56, 95, 0.32000, 0.21000, 0.06000, 0.14000, 
n_site, n_tet, site_k, tet_k, Tet_Sphere, Compute_RPD, GPU2CPU, Non_Dup_RPCs
2810, 1788, 56, 96, 0.22000, 0.20000, 0.06000, 0.18000, 
n_site, n_tet, site_k, tet_k, Tet_Sphere, Compute_RPD, GPU2CPU, Non_Dup_RPCs
2810, 1788, 56, 96, 0.25000, 0.22000, 0.05000, 0.17000, 
n_site, n_tet, site_k, tet_k, Tet_Sphere, Compute_RPD, GPU2CPU, Non_Dup_RPCs
2810, 1788, 56, 94, 0.32000, 0.21000, 0.05000, 0.15000, 
n_site, n_tet, site_k, tet_k, Tet_Sphere, Compute_RPD, GPU2CPU, Non_Dup_RPCs
2810, 1788, 56, 93, 0.29000, 0.31000, 0.17000, 0.14000, 
n_site, n_tet, site_k, tet_k, Tet_Sphere, Compute_RPD, GPU2CPU, Non_Dup_RPCs
2810, 1788, 56, 91, 0.31000, 0.19000, 0.06000, 0.19000, 
n_site, n_tet, site_k, tet_k, Tet_Sphere, Compute_RPD, GPU2CPU, Non_Dup_RPCs
2810, 1788, 57, 88, 0.30000, 0.19000, 0.05000, 0.18000, 
n_site, n_tet, site_k, tet_k, Tet_Sphere, Compute_RPD, GPU2CPU, Non_Dup_RPCs
2810, 1788, 57, 87, 0.32000, 0.19000, 0.09000, 0.20000, 
n_site, n_tet, site_k, tet_k, Tet_Sphere, Compute_RPD, GPU2CPU, Non_Dup_RPCs
2810, 1788, 57, 84, 0.29000, 0.18000, 0.05000, 0.14000, 
n_site, n_tet, site_k, tet_k, Tet_Sphere, Compute_RPD, GPU2CPU, Non_Dup_RPCs
2810, 1788, 57, 84, 0.28000, 0.30000, 0.16000, 0.16000, 
n_site, n_tet, site_k, tet_k, Tet_Sphere, Compute_RPD, GPU2CPU, Non_Dup_RPCs
2810, 1788, 56, 83, 0.30000, 0.18000, 0.05000, 0.14000, 
n_site, n_tet, site_k, tet_k, Tet_Sphere, Compute_RPD, GPU2CPU, Non_Dup_RPCs
2810, 1788, 57, 84, 0.30000, 0.17000, 0.05000, 0.15000, 
n_site, n_tet, site_k, tet_k, Tet_Sphere, Compute_RPD, GPU2CPU, Non_Dup_RPCs
2810, 1788, 57, 84, 0.21000, 0.17000, 0.06000, 0.18000, 
n_site, n_tet, site_k, tet_k, Tet_Sphere, Compute_RPD, GPU2CPU, Non_Dup_RPCs
2856, 1788, 57, 100, 0.33000, 0.23000, 0.09000, 0.18000, 
n_site, n_tet, site_k, tet_k, Tet_Sphere, Compute_RPD, GPU2CPU, Non_Dup_RPCs
2922, 1788, 72, 87, 0.25000, 0.18000, 0.06000, 0.15000, 
n_site, n_tet, site_k, tet_k, Tet_Sphere, Compute_RPD, GPU2CPU, Non_Dup_RPCs
2922, 1788, 72, 87, 0.28000, 0.19000, 0.06000, 0.14000, 
n_site, n_tet, site_k, tet_k, Tet_Sphere, Compute_RPD, GPU2CPU, Non_Dup_RPCs
2922, 1788, 83, 95, 0.27000, 0.21000, 0.05000, 0.25000, 
n_site, n_tet, site_k, tet_k, Tet_Sphere, Compute_RPD, GPU2CPU, Non_Dup_RPCs
2878, 1788, 71, 81, 0.32000, 0.18000, 0.05000, 0.14000, 
n_site, n_tet, site_k, tet_k, Tet_Sphere, Compute_RPD, GPU2CPU, Non_Dup_RPCs
1583, 1513, 71, 76, 0.12000, 0.28000, 0.13000, 0.04000, 
n_site, n_tet, site_k, tet_k, Tet_Sphere, Compute_RPD, GPU2CPU, Non_Dup_RPCs
73, 12, 28, 13, 0.00000, 0.01000, 0.00000, 0.00000, 
n_site, n_tet, site_k, tet_k, Tet_Sphere, Compute_RPD, GPU2CPU, Non_Dup_RPCs
44, 6, 18, 8, 0.00000, 0.01000, 0.00000, 0.01000, 
n_site, n_tet, site_k, tet_k, Tet_Sphere, Compute_RPD, GPU2CPU, Non_Dup_RPCs
2883, 1788, 71, 81, 0.33000, 0.30000, 0.14000, 0.19000, 
n_site, n_tet, site_k, tet_k, Tet_Sphere, Compute_RPD, GPU2CPU, Non_Dup_RPCs
1972, 1817, 55, 73, 0.07000, 0.18000, 0.06000, 0.13000, 
n_site, n_tet, site_k, tet_k, Tet_Sphere, Compute_RPD, GPU2CPU, Non_Dup_RPCs
597, 216, 51, 10, 0.00000, 0.00000, 0.00000, 0.00000, 
n_site, n_tet, site_k, tet_k, Tet_Sphere, Compute_RPD, GPU2CPU, Non_Dup_RPCs
2181, 1557, 33, 51, 0.05000, 0.10000, 0.04000, 0.05000, 
n_site, n_tet, site_k, tet_k, Tet_Sphere, Compute_RPD, GPU2CPU, Non_Dup_RPCs
1912, 1214, 38, 31, 0.06000, 0.08000, 0.04000, 0.02000, 
n_site, n_tet, site_k, tet_k, Tet_Sphere, Compute_RPD, GPU2CPU, Non_Dup_RPCs
1303, 669, 39, 20, 0.03000, 0.02000, 0.02000, 0.01000, 
n_site, n_tet, site_k, tet_k, Tet_Sphere, Compute_RPD, GPU2CPU, Non_Dup_RPCs
563, 217, 39, 9, 0.02000, 0.01000, 0.01000, 0.00000, 
n_site, n_tet, site_k, tet_k, Tet_Sphere, Compute_RPD, GPU2CPU, Non_Dup_RPCs
51, 15, 23, 5, 0.01000, 0.01000, 0.00000, 0.00000, 
n_site, n_tet, site_k, tet_k, Tet_Sphere, Compute_RPD, GPU2CPU, Non_Dup_RPCs
235, 55, 19, 13, 0.01000, 0.02000, 0.00000, 0.00000, 
n_site, n_tet, site_k, tet_k, Tet_Sphere, Compute_RPD, GPU2CPU, Non_Dup_RPCs
245, 55, 27, 11, 0.01000, 0.01000, 0.00000, 0.00000, 
n_site, n_tet, site_k, tet_k, Tet_Sphere, Compute_RPD, GPU2CPU, Non_Dup_RPCs
153, 37, 19, 8, 0.00000, 0.01000, 0.00000, 0.00000, 
n_site, n_tet, site_k, tet_k, Tet_Sphere, Compute_RPD, GPU2CPU, Non_Dup_RPCs
303, 222, 40, 18, 0.02000, 0.03000, 0.01000, 0.00000, 
n_site, n_tet, site_k, tet_k, Tet_Sphere, Compute_RPD, GPU2CPU, Non_Dup_RPCs
162, 121, 40, 13, 0.01000, 0.02000, 0.01000, 0.00000, 
n_site, n_tet, site_k, tet_k, Tet_Sphere, Compute_RPD, GPU2CPU, Non_Dup_RPCs
69, 89, 22, 13, 0.01000, 0.02000, 0.01000, 0.00000, 
n_site, n_tet, site_k, tet_k, Tet_Sphere, Compute_RPD, GPU2CPU, Non_Dup_RPCs
2550, 1817, 44, 77, 0.31000, 0.21000, 0.06000, 0.17000, 
n_site, n_tet, site_k, tet_k, Tet_Sphere, Compute_RPD, GPU2CPU, Non_Dup_RPCs
2550, 1817, 44, 77, 0.23000, 0.17000, 0.05000, 0.12000, 
n_site, n_tet, site_k, tet_k, Tet_Sphere, Compute_RPD, GPU2CPU, Non_Dup_RPCs
2550, 1817, 43, 77, 0.31000, 0.17000, 0.05000, 0.13000, 
n_site, n_tet, site_k, tet_k, Tet_Sphere, Compute_RPD, GPU2CPU, Non_Dup_RPCs
2550, 1817, 43, 77, 0.22000, 0.18000, 0.04000, 0.13000, 
n_site, n_tet, site_k, tet_k, Tet_Sphere, Compute_RPD, GPU2CPU, Non_Dup_RPCs
2550, 1817, 43, 77, 0.25000, 0.29000, 0.14000, 0.14000, 
n_site, n_tet, site_k, tet_k, Tet_Sphere, Compute_RPD, GPU2CPU, Non_Dup_RPCs
2550, 1817, 42, 77, 0.23000, 0.18000, 0.05000, 0.11000, 
n_site, n_tet, site_k, tet_k, Tet_Sphere, Compute_RPD, GPU2CPU, Non_Dup_RPCs
2550, 1817, 42, 77, 0.31000, 0.16000, 0.05000, 0.13000, 
n_site, n_tet, site_k, tet_k, Tet_Sphere, Compute_RPD, GPU2CPU, Non_Dup_RPCs
2550, 1817, 153, 75, 0.31000, 0.17000, 0.05000, 0.11000, 
n_site, n_tet, site_k, tet_k, Tet_Sphere, Compute_RPD, GPU2CPU, Non_Dup_RPCs
2550, 1817, 211, 72, 0.28000, 0.17000, 0.04000, 0.16000, 
n_site, n_tet, site_k, tet_k, Tet_Sphere, Compute_RPD, GPU2CPU, Non_Dup_RPCs
2550, 1817, 224, 70, 0.35000, 0.15000, 0.05000, 0.13000, 
n_site, n_tet, site_k, tet_k, Tet_Sphere, Compute_RPD, GPU2CPU, Non_Dup_RPCs
2550, 1817, 238, 69, 0.33000, 0.16000, 0.04000, 0.14000, 
n_site, n_tet, site_k, tet_k, Tet_Sphere, Compute_RPD, GPU2CPU, Non_Dup_RPCs
2550, 1817, 253, 69, 0.34000, 0.16000, 0.04000, 0.14000, 
n_site, n_tet, site_k, tet_k, Tet_Sphere, Compute_RPD, GPU2CPU, Non_Dup_RPCs
2550, 1817, 270, 71, 0.39000, 0.16000, 0.04000, 0.13000, 
n_site, n_tet, site_k, tet_k, Tet_Sphere, Compute_RPD, GPU2CPU, Non_Dup_RPCs
2550, 1817, 274, 74, 0.42000, 0.16000, 0.06000, 0.12000, 
n_site, n_tet, site_k, tet_k, Tet_Sphere, Compute_RPD, GPU2CPU, Non_Dup_RPCs
2550, 1817, 277, 74, 0.26000, 0.16000, 0.05000, 0.12000, 
n_site, n_tet, site_k, tet_k, Tet_Sphere, Compute_RPD, GPU2CPU, Non_Dup_RPCs
2550, 1817, 281, 75, 0.39000, 0.17000, 0.05000, 0.12000, 
n_site, n_tet, site_k, tet_k, Tet_Sphere, Compute_RPD, GPU2CPU, Non_Dup_RPCs
2550, 1817, 281, 73, 0.27000, 0.17000, 0.04000, 0.13000, 
n_site, n_tet, site_k, tet_k, Tet_Sphere, Compute_RPD, GPU2CPU, Non_Dup_RPCs
2550, 1817, 281, 71, 0.41000, 0.15000, 0.05000, 0.12000, 
n_site, n_tet, site_k, tet_k, Tet_Sphere, Compute_RPD, GPU2CPU, Non_Dup_RPCs
2550, 1817, 284, 72, 0.30000, 0.15000, 0.05000, 0.12000, 
n_site, n_tet, site_k, tet_k, Tet_Sphere, Compute_RPD, GPU2CPU, Non_Dup_RPCs
2550, 1817, 283, 72, 0.40000, 0.15000, 0.05000, 0.12000, 
n_site, n_tet, site_k, tet_k, Tet_Sphere, Compute_RPD, GPU2CPU, Non_Dup_RPCs
2550, 1817, 283, 73, 0.38000, 0.16000, 0.05000, 0.12000, 
n_site, n_tet, site_k, tet_k, Tet_Sphere, Compute_RPD, GPU2CPU, Non_Dup_RPCs
2550, 1817, 285, 74, 0.35000, 0.16000, 0.06000, 0.12000, 
n_site, n_tet, site_k, tet_k, Tet_Sphere, Compute_RPD, GPU2CPU, Non_Dup_RPCs
2550, 1817, 284, 73, 0.40000, 0.16000, 0.05000, 0.12000, 
n_site, n_tet, site_k, tet_k, Tet_Sphere, Compute_RPD, GPU2CPU, Non_Dup_RPCs
2550, 1817, 285, 74, 0.39000, 0.16000, 0.05000, 0.12000, 
n_site, n_tet, site_k, tet_k, Tet_Sphere, Compute_RPD, GPU2CPU, Non_Dup_RPCs
2550, 1817, 286, 74, 0.30000, 0.16000, 0.04000, 0.12000, 
n_site, n_tet, site_k, tet_k, Tet_Sphere, Compute_RPD, GPU2CPU, Non_Dup_RPCs
2550, 1817, 286, 75, 0.29000, 0.16000, 0.05000, 0.12000, 
n_site, n_tet, site_k, tet_k, Tet_Sphere, Compute_RPD, GPU2CPU, Non_Dup_RPCs
2550, 1817, 286, 75, 0.39000, 0.16000, 0.05000, 0.12000, 
n_site, n_tet, site_k, tet_k, Tet_Sphere, Compute_RPD, GPU2CPU, Non_Dup_RPCs
2659, 1817, 286, 80, 0.42000, 0.17000, 0.05000, 0.14000, 
n_site, n_tet, site_k, tet_k, Tet_Sphere, Compute_RPD, GPU2CPU, Non_Dup_RPCs
2896, 1817, 286, 90, 0.43000, 0.20000, 0.05000, 0.16000, 
n_site, n_tet, site_k, tet_k, Tet_Sphere, Compute_RPD, GPU2CPU, Non_Dup_RPCs
2896, 1817, 286, 90, 0.28000, 0.19000, 0.08000, 0.15000, 
n_site, n_tet, site_k, tet_k, Tet_Sphere, Compute_RPD, GPU2CPU, Non_Dup_RPCs
2896, 1817, 343, 90, 0.38000, 0.20000, 0.05000, 0.15000, 
n_site, n_tet, site_k, tet_k, Tet_Sphere, Compute_RPD, GPU2CPU, Non_Dup_RPCs
2853, 1817, 37, 85, 0.28000, 0.31000, 0.16000, 0.14000, 
n_site, n_tet, site_k, tet_k, Tet_Sphere, Compute_RPD, GPU2CPU, Non_Dup_RPCs
2778, 1782, 35, 69, 0.21000, 0.30000, 0.13000, 0.11000, 
n_site, n_tet, site_k, tet_k, Tet_Sphere, Compute_RPD, GPU2CPU, Non_Dup_RPCs
101, 29, 18, 9, 0.00000, 0.01000, 0.00000, 0.00000, 
n_site, n_tet, site_k, tet_k, Tet_Sphere, Compute_RPD, GPU2CPU, Non_Dup_RPCs
112, 29, 19, 12, 0.01000, 0.01000, 0.01000, 0.00000, 
n_site, n_tet, site_k, tet_k, Tet_Sphere, Compute_RPD, GPU2CPU, Non_Dup_RPCs
2868, 1817, 37, 87, 0.29000, 0.37000, 0.13000, 0.20000, 
n_site, n_tet, site_k, tet_k, Tet_Sphere, Compute_RPD, GPU2CPU, Non_Dup_RPCs
2868, 1817, 37, 87, 0.30000, 0.34000, 0.13000, 0.16000, 
n_site, n_tet, site_k, tet_k, Tet_Sphere, Compute_RPD, GPU2CPU, Non_Dup_RPCs
2868, 1817, 37, 87, 0.28000, 0.35000, 0.15000, 0.14000, 
n_site, n_tet, site_k, tet_k, Tet_Sphere, Compute_RPD, GPU2CPU, Non_Dup_RPCs
2868, 1817, 37, 87, 0.25000, 0.19000, 0.06000, 0.15000, 
n_site, n_tet, site_k, tet_k, Tet_Sphere, Compute_RPD, GPU2CPU, Non_Dup_RPCs
2868, 1817, 37, 88, 0.26000, 0.19000, 0.06000, 0.18000, 
n_site, n_tet, site_k, tet_k, Tet_Sphere, Compute_RPD, GPU2CPU, Non_Dup_RPCs
2868, 1817, 37, 84, 0.28000, 0.18000, 0.05000, 0.16000, 
n_site, n_tet, site_k, tet_k, Tet_Sphere, Compute_RPD, GPU2CPU, Non_Dup_RPCs
2868, 1817, 37, 82, 0.34000, 0.17000, 0.06000, 0.15000, 
n_site, n_tet, site_k, tet_k, Tet_Sphere, Compute_RPD, GPU2CPU, Non_Dup_RPCs
2868, 1817, 37, 85, 0.28000, 0.18000, 0.06000, 0.18000, 
n_site, n_tet, site_k, tet_k, Tet_Sphere, Compute_RPD, GPU2CPU, Non_Dup_RPCs
2868, 1817, 37, 84, 0.30000, 0.21000, 0.05000, 0.14000, 
n_site, n_tet, site_k, tet_k, Tet_Sphere, Compute_RPD, GPU2CPU, Non_Dup_RPCs
2868, 1817, 37, 84, 0.29000, 0.32000, 0.14000, 0.15000, 
n_site, n_tet, site_k, tet_k, Tet_Sphere, Compute_RPD, GPU2CPU, Non_Dup_RPCs
2868, 1817, 37, 85, 0.28000, 0.18000, 0.06000, 0.14000, 
n_site, n_tet, site_k, tet_k, Tet_Sphere, Compute_RPD, GPU2CPU, Non_Dup_RPCs
2868, 1817, 38, 85, 0.28000, 0.32000, 0.16000, 0.15000, 
n_site, n_tet, site_k, tet_k, Tet_Sphere, Compute_RPD, GPU2CPU, Non_Dup_RPCs
2868, 1817, 38, 85, 0.30000, 0.18000, 0.07000, 0.15000, 
n_site, n_tet, site_k, tet_k, Tet_Sphere, Compute_RPD, GPU2CPU, Non_Dup_RPCs
2868, 1817, 38, 85, 0.27000, 0.19000, 0.09000, 0.16000, 
n_site, n_tet, site_k, tet_k, Tet_Sphere, Compute_RPD, GPU2CPU, Non_Dup_RPCs
2868, 1817, 38, 85, 0.26000, 0.19000, 0.05000, 0.15000, 
n_site, n_tet, site_k, tet_k, Tet_Sphere, Compute_RPD, GPU2CPU, Non_Dup_RPCs
2868, 1817, 38, 85, 0.29000, 0.34000, 0.13000, 0.15000, 
n_site, n_tet, site_k, tet_k, Tet_Sphere, Compute_RPD, GPU2CPU, Non_Dup_RPCs
2868, 1817, 38, 85, 0.23000, 0.19000, 0.05000, 0.13000, 
n_site, n_tet, site_k, tet_k, Tet_Sphere, Compute_RPD, GPU2CPU, Non_Dup_RPCs
2868, 1817, 38, 86, 0.24000, 0.19000, 0.05000, 0.18000, 
n_site, n_tet, site_k, tet_k, Tet_Sphere, Compute_RPD, GPU2CPU, Non_Dup_RPCs
2868, 1817, 38, 86, 0.32000, 0.18000, 0.06000, 0.14000, 
n_site, n_tet, site_k, tet_k, Tet_Sphere, Compute_RPD, GPU2CPU, Non_Dup_RPCs
2868, 1817, 38, 86, 0.32000, 0.19000, 0.05000, 0.13000, 
n_site, n_tet, site_k, tet_k, Tet_Sphere, Compute_RPD, GPU2CPU, Non_Dup_RPCs
2901, 1817, 38, 85, 0.29000, 0.31000, 0.15000, 0.18000, 
n_site, n_tet, site_k, tet_k, Tet_Sphere, Compute_RPD, GPU2CPU, Non_Dup_RPCs
2988, 1817, 39, 88, 0.33000, 0.19000, 0.06000, 0.14000, 
n_site, n_tet, site_k, tet_k, Tet_Sphere, Compute_RPD, GPU2CPU, Non_Dup_RPCs
2988, 1817, 39, 88, 0.21000, 0.31000, 0.06000, 0.18000, 
n_site, n_tet, site_k, tet_k, Tet_Sphere, Compute_RPD, GPU2CPU, Non_Dup_RPCs
2988, 1817, 39, 95, 0.27000, 0.35000, 0.14000, 0.14000, 
n_site, n_tet, site_k, tet_k, Tet_Sphere, Compute_RPD, GPU2CPU, Non_Dup_RPCs
2956, 1817, 39, 91, 0.30000, 0.32000, 0.16000, 0.17000, 
n_site, n_tet, site_k, tet_k, Tet_Sphere, Compute_RPD, GPU2CPU, Non_Dup_RPCs
2036, 1516, 37, 64, 0.12000, 0.25000, 0.11000, 0.05000, 
n_site, n_tet, site_k, tet_k, Tet_Sphere, Compute_RPD, GPU2CPU, Non_Dup_RPCs
45, 12, 17, 10, 0.01000, 0.00000, 0.00000, 0.00000, 
n_site, n_tet, site_k, tet_k, Tet_Sphere, Compute_RPD, GPU2CPU, Non_Dup_RPCs
75, 24, 21, 15, 0.01000, 0.01000, 0.00000, 0.00000, 
n_site, n_tet, site_k, tet_k, Tet_Sphere, Compute_RPD, GPU2CPU, Non_Dup_RPCs
2963, 1817, 39, 92, 0.25000, 0.23000, 0.06000, 0.17000, 
n_site, n_tet, site_k, tet_k, Tet_Sphere, Compute_RPD, GPU2CPU, Non_Dup_RPCs
2963, 1817, 39, 92, 0.32000, 0.20000, 0.06000, 0.17000, 
n_site, n_tet, site_k, tet_k, Tet_Sphere, Compute_RPD, GPU2CPU, Non_Dup_RPCs
2963, 1817, 39, 92, 0.28000, 0.20000, 0.06000, 0.14000, 
n_site, n_tet, site_k, tet_k, Tet_Sphere, Compute_RPD, GPU2CPU, Non_Dup_RPCs
2963, 1817, 39, 93, 0.31000, 0.20000, 0.07000, 0.16000, 
n_site, n_tet, site_k, tet_k, Tet_Sphere, Compute_RPD, GPU2CPU, Non_Dup_RPCs
2963, 1817, 39, 90, 0.30000, 0.21000, 0.07000, 0.17000, 
n_site, n_tet, site_k, tet_k, Tet_Sphere, Compute_RPD, GPU2CPU, Non_Dup_RPCs
2963, 1817, 39, 89, 0.24000, 0.20000, 0.06000, 0.17000, 
n_site, n_tet, site_k, tet_k, Tet_Sphere, Compute_RPD, GPU2CPU, Non_Dup_RPCs
2963, 1817, 39, 89, 0.31000, 0.19000, 0.06000, 0.16000, 
n_site, n_tet, site_k, tet_k, Tet_Sphere, Compute_RPD, GPU2CPU, Non_Dup_RPCs
2963, 1817, 37, 89, 0.26000, 0.19000, 0.06000, 0.16000, 
n_site, n_tet, site_k, tet_k, Tet_Sphere, Compute_RPD, GPU2CPU, Non_Dup_RPCs
2963, 1817, 37, 89, 0.30000, 0.33000, 0.13000, 0.18000, 
n_site, n_tet, site_k, tet_k, Tet_Sphere, Compute_RPD, GPU2CPU, Non_Dup_RPCs
2963, 1817, 37, 88, 0.32000, 0.19000, 0.06000, 0.17000, 
n_site, n_tet, site_k, tet_k, Tet_Sphere, Compute_RPD, GPU2CPU, Non_Dup_RPCs
2963, 1817, 37, 89, 0.28000, 0.20000, 0.08000, 0.20000, 
n_site, n_tet, site_k, tet_k, Tet_Sphere, Compute_RPD, GPU2CPU, Non_Dup_RPCs
2963, 1817, 37, 89, 0.33000, 0.19000, 0.07000, 0.17000, 
n_site, n_tet, site_k, tet_k, Tet_Sphere, Compute_RPD, GPU2CPU, Non_Dup_RPCs
2963, 1817, 37, 88, 0.33000, 0.18000, 0.06000, 0.14000, 
n_site, n_tet, site_k, tet_k, Tet_Sphere, Compute_RPD, GPU2CPU, Non_Dup_RPCs
2963, 1817, 37, 88, 0.28000, 0.34000, 0.15000, 0.14000, 
n_site, n_tet, site_k, tet_k, Tet_Sphere, Compute_RPD, GPU2CPU, Non_Dup_RPCs
2987, 1817, 37, 89, 0.28000, 0.20000, 0.05000, 0.15000, 
n_site, n_tet, site_k, tet_k, Tet_Sphere, Compute_RPD, GPU2CPU, Non_Dup_RPCs
3051, 1817, 39, 94, 0.26000, 0.20000, 0.07000, 0.20000, 
n_site, n_tet, site_k, tet_k, Tet_Sphere, Compute_RPD, GPU2CPU, Non_Dup_RPCs
3051, 1817, 39, 94, 0.25000, 0.33000, 0.18000, 0.14000, 
n_site, n_tet, site_k, tet_k, Tet_Sphere, Compute_RPD, GPU2CPU, Non_Dup_RPCs
3051, 1817, 36, 97, 0.29000, 0.21000, 0.06000, 0.13000, 
n_site, n_tet, site_k, tet_k, Tet_Sphere, Compute_RPD, GPU2CPU, Non_Dup_RPCs
3032, 1817, 36, 94, 0.30000, 0.35000, 0.15000, 0.16000, 
n_site, n_tet, site_k, tet_k, Tet_Sphere, Compute_RPD, GPU2CPU, Non_Dup_RPCs
1945, 1508, 34, 63, 0.11000, 0.30000, 0.10000, 0.05000, 
n_site, n_tet, site_k, tet_k, Tet_Sphere, Compute_RPD, GPU2CPU, Non_Dup_RPCs
68, 24, 19, 14, 0.01000, 0.01000, 0.00000, 0.00000, 
n_site, n_tet, site_k, tet_k, Tet_Sphere, Compute_RPD, GPU2CPU, Non_Dup_RPCs
38, 12, 20, 7, 0.00000, 0.01000, 0.00000, 0.00000, 
n_site, n_tet, site_k, tet_k, Tet_Sphere, Compute_RPD, GPU2CPU, Non_Dup_RPCs
313, 273, 27, 21, 0.02000, 0.03000, 0.01000, 0.01000, 
n_site, n_tet, site_k, tet_k, Tet_Sphere, Compute_RPD, GPU2CPU, Non_Dup_RPCs
127, 180, 27, 15, 0.02000, 0.02000, 0.01000, 0.00000, 
n_site, n_tet, site_k, tet_k, Tet_Sphere, Compute_RPD, GPU2CPU, Non_Dup_RPCs
55, 88, 20, 14, 0.01000, 0.03000, 0.00000, 0.01000, 
n_site, n_tet, site_k, tet_k, Tet_Sphere, Compute_RPD, GPU2CPU, Non_Dup_RPCs
45, 85, 20, 11, 0.01000, 0.02000, 0.01000, 0.00000, 
n_site, n_tet, site_k, tet_k, Tet_Sphere, Compute_RPD, GPU2CPU, Non_Dup_RPCs
3047, 1817, 36, 94, 0.28000, 0.26000, 0.09000, 0.21000, 
n_site, n_tet, site_k, tet_k, Tet_Sphere, Compute_RPD, GPU2CPU, Non_Dup_RPCs
246, 4336, 50, 16, 0.02000, 0.10000, 0.03000, 0.04000, 
n_site, n_tet, site_k, tet_k, Tet_Sphere, Compute_RPD, GPU2CPU, Non_Dup_RPCs
19, 987, 16, 3, 0.00000, 0.00000, 0.00000, 0.01000, 
n_site, n_tet, site_k, tet_k, Tet_Sphere, Compute_RPD, GPU2CPU, Non_Dup_RPCs
278, 4336, 56, 16, 0.01000, 0.09000, 0.03000, 0.03000, 
n_site, n_tet, site_k, tet_k, Tet_Sphere, Compute_RPD, GPU2CPU, Non_Dup_RPCs
169, 4333, 51, 16, 0.01000, 0.08000, 0.03000, 0.02000, 
n_site, n_tet, site_k, tet_k, Tet_Sphere, Compute_RPD, GPU2CPU, Non_Dup_RPCs
125, 2506, 49, 9, 0.00000, 0.03000, 0.01000, 0.01000, 
n_site, n_tet, site_k, tet_k, Tet_Sphere, Compute_RPD, GPU2CPU, Non_Dup_RPCs
128, 4327, 54, 15, 0.01000, 0.08000, 0.02000, 0.03000, 
n_site, n_tet, site_k, tet_k, Tet_Sphere, Compute_RPD, GPU2CPU, Non_Dup_RPCs
128, 4336, 56, 16, 0.01000, 0.09000, 0.03000, 0.03000, 
n_site, n_tet, site_k, tet_k, Tet_Sphere, Compute_RPD, GPU2CPU, Non_Dup_RPCs
128, 4336, 54, 21, 0.01000, 0.11000, 0.03000, 0.03000, 
n_site, n_tet, site_k, tet_k, Tet_Sphere, Compute_RPD, GPU2CPU, Non_Dup_RPCs
128, 4336, 54, 21, 0.00000, 0.11000, 0.05000, 0.05000, 
n_site, n_tet, site_k, tet_k, Tet_Sphere, Compute_RPD, GPU2CPU, Non_Dup_RPCs
128, 4336, 54, 21, 0.01000, 0.12000, 0.04000, 0.03000, 
n_site, n_tet, site_k, tet_k, Tet_Sphere, Compute_RPD, GPU2CPU, Non_Dup_RPCs
128, 4336, 54, 21, 0.01000, 0.13000, 0.04000, 0.04000, 
n_site, n_tet, site_k, tet_k, Tet_Sphere, Compute_RPD, GPU2CPU, Non_Dup_RPCs
128, 4336, 55, 21, 0.01000, 0.14000, 0.10000, 0.03000, 
n_site, n_tet, site_k, tet_k, Tet_Sphere, Compute_RPD, GPU2CPU, Non_Dup_RPCs
128, 4336, 56, 20, 0.01000, 0.10000, 0.04000, 0.03000, 
n_site, n_tet, site_k, tet_k, Tet_Sphere, Compute_RPD, GPU2CPU, Non_Dup_RPCs
128, 4336, 49, 16, 0.00000, 0.09000, 0.03000, 0.03000, 
n_site, n_tet, site_k, tet_k, Tet_Sphere, Compute_RPD, GPU2CPU, Non_Dup_RPCs
128, 4336, 49, 15, 0.01000, 0.08000, 0.03000, 0.03000, 
n_site, n_tet, site_k, tet_k, Tet_Sphere, Compute_RPD, GPU2CPU, Non_Dup_RPCs
128, 4336, 46, 15, 0.01000, 0.10000, 0.02000, 0.03000, 
n_site, n_tet, site_k, tet_k, Tet_Sphere, Compute_RPD, GPU2CPU, Non_Dup_RPCs
128, 4336, 42, 13, 0.01000, 0.09000, 0.02000, 0.03000, 
n_site, n_tet, site_k, tet_k, Tet_Sphere, Compute_RPD, GPU2CPU, Non_Dup_RPCs
128, 4336, 40, 14, 0.01000, 0.10000, 0.07000, 0.03000, 
n_site, n_tet, site_k, tet_k, Tet_Sphere, Compute_RPD, GPU2CPU, Non_Dup_RPCs
128, 4336, 42, 14, 0.01000, 0.09000, 0.03000, 0.04000, 
n_site, n_tet, site_k, tet_k, Tet_Sphere, Compute_RPD, GPU2CPU, Non_Dup_RPCs
128, 4336, 41, 14, 0.01000, 0.09000, 0.03000, 0.04000, 
n_site, n_tet, site_k, tet_k, Tet_Sphere, Compute_RPD, GPU2CPU, Non_Dup_RPCs
128, 4336, 39, 15, 0.01000, 0.10000, 0.03000, 0.04000, 
n_site, n_tet, site_k, tet_k, Tet_Sphere, Compute_RPD, GPU2CPU, Non_Dup_RPCs
128, 4336, 38, 16, 0.01000, 0.12000, 0.07000, 0.05000, 
n_site, n_tet, site_k, tet_k, Tet_Sphere, Compute_RPD, GPU2CPU, Non_Dup_RPCs
128, 4336, 38, 15, 0.01000, 0.09000, 0.02000, 0.03000, 
n_site, n_tet, site_k, tet_k, Tet_Sphere, Compute_RPD, GPU2CPU, Non_Dup_RPCs
128, 4336, 38, 15, 0.01000, 0.09000, 0.03000, 0.03000, 
n_site, n_tet, site_k, tet_k, Tet_Sphere, Compute_RPD, GPU2CPU, Non_Dup_RPCs
128, 4336, 38, 16, 0.01000, 0.10000, 0.02000, 0.04000, 
n_site, n_tet, site_k, tet_k, Tet_Sphere, Compute_RPD, GPU2CPU, Non_Dup_RPCs
128, 4336, 38, 16, 0.01000, 0.12000, 0.07000, 0.04000, 
n_site, n_tet, site_k, tet_k, Tet_Sphere, Compute_RPD, GPU2CPU, Non_Dup_RPCs
128, 4336, 36, 16, 0.01000, 0.10000, 0.02000, 0.04000, 
n_site, n_tet, site_k, tet_k, Tet_Sphere, Compute_RPD, GPU2CPU, Non_Dup_RPCs
128, 4336, 37, 16, 0.00000, 0.10000, 0.03000, 0.03000, 
n_site, n_tet, site_k, tet_k, Tet_Sphere, Compute_RPD, GPU2CPU, Non_Dup_RPCs
128, 4336, 37, 16, 0.01000, 0.09000, 0.03000, 0.03000, 
n_site, n_tet, site_k, tet_k, Tet_Sphere, Compute_RPD, GPU2CPU, Non_Dup_RPCs
128, 4336, 33, 16, 0.01000, 0.12000, 0.07000, 0.04000, 
n_site, n_tet, site_k, tet_k, Tet_Sphere, Compute_RPD, GPU2CPU, Non_Dup_RPCs
128, 4336, 33, 16, 0.01000, 0.11000, 0.07000, 0.04000, 
n_site, n_tet, site_k, tet_k, Tet_Sphere, Compute_RPD, GPU2CPU, Non_Dup_RPCs
128, 4336, 33, 16, 0.01000, 0.09000, 0.03000, 0.03000, 
n_site, n_tet, site_k, tet_k, Tet_Sphere, Compute_RPD, GPU2CPU, Non_Dup_RPCs
128, 4336, 33, 16, 0.00000, 0.10000, 0.03000, 0.03000, 
n_site, n_tet, site_k, tet_k, Tet_Sphere, Compute_RPD, GPU2CPU, Non_Dup_RPCs
177, 4336, 36, 16, 0.01000, 0.09000, 0.03000, 0.04000, 
n_site, n_tet, site_k, tet_k, Tet_Sphere, Compute_RPD, GPU2CPU, Non_Dup_RPCs
210, 4336, 41, 12, 0.02000, 0.10000, 0.05000, 0.04000, 
n_site, n_tet, site_k, tet_k, Tet_Sphere, Compute_RPD, GPU2CPU, Non_Dup_RPCs
210, 4336, 41, 12, 0.01000, 0.09000, 0.06000, 0.04000, 
n_site, n_tet, site_k, tet_k, Tet_Sphere, Compute_RPD, GPU2CPU, Non_Dup_RPCs
210, 4336, 43, 14, 0.01000, 0.10000, 0.02000, 0.04000, 
n_site, n_tet, site_k, tet_k, Tet_Sphere, Compute_RPD, GPU2CPU, Non_Dup_RPCs
197, 4336, 41, 13, 0.01000, 0.09000, 0.02000, 0.03000, 
n_site, n_tet, site_k, tet_k, Tet_Sphere, Compute_RPD, GPU2CPU, Non_Dup_RPCs
310, 4336, 71, 21, 0.02000, 0.18000, 0.09000, 0.05000, 
n_site, n_tet, site_k, tet_k, Tet_Sphere, Compute_RPD, GPU2CPU, Non_Dup_RPCs
197, 2099, 73, 9, 0.01000, 0.02000, 0.01000, 0.01000, 
n_site, n_tet, site_k, tet_k, Tet_Sphere, Compute_RPD, GPU2CPU, Non_Dup_RPCs
314, 4336, 73, 21, 0.02000, 0.18000, 0.09000, 0.11000, 
n_site, n_tet, site_k, tet_k, Tet_Sphere, Compute_RPD, GPU2CPU, Non_Dup_RPCs
314, 4336, 73, 21, 0.02000, 0.11000, 0.04000, 0.04000, 
n_site, n_tet, site_k, tet_k, Tet_Sphere, Compute_RPD, GPU2CPU, Non_Dup_RPCs
314, 4336, 73, 21, 0.02000, 0.11000, 0.05000, 0.06000, 
n_site, n_tet, site_k, tet_k, Tet_Sphere, Compute_RPD, GPU2CPU, Non_Dup_RPCs
314, 4336, 73, 21, 0.01000, 0.13000, 0.04000, 0.04000, 
n_site, n_tet, site_k, tet_k, Tet_Sphere, Compute_RPD, GPU2CPU, Non_Dup_RPCs
314, 4336, 73, 21, 0.01000, 0.15000, 0.04000, 0.05000, 
n_site, n_tet, site_k, tet_k, Tet_Sphere, Compute_RPD, GPU2CPU, Non_Dup_RPCs
314, 4336, 73, 21, 0.01000, 0.14000, 0.04000, 0.05000, 
n_site, n_tet, site_k, tet_k, Tet_Sphere, Compute_RPD, GPU2CPU, Non_Dup_RPCs
314, 4336, 73, 21, 0.01000, 0.14000, 0.03000, 0.05000, 
n_site, n_tet, site_k, tet_k, Tet_Sphere, Compute_RPD, GPU2CPU, Non_Dup_RPCs
314, 4336, 73, 21, 0.02000, 0.13000, 0.04000, 0.04000, 
n_site, n_tet, site_k, tet_k, Tet_Sphere, Compute_RPD, GPU2CPU, Non_Dup_RPCs
314, 4336, 73, 21, 0.02000, 0.17000, 0.09000, 0.06000, 
n_site, n_tet, site_k, tet_k, Tet_Sphere, Compute_RPD, GPU2CPU, Non_Dup_RPCs
314, 4336, 73, 21, 0.01000, 0.14000, 0.03000, 0.05000, 
n_site, n_tet, site_k, tet_k, Tet_Sphere, Compute_RPD, GPU2CPU, Non_Dup_RPCs
314, 4336, 73, 21, 0.02000, 0.13000, 0.03000, 0.04000, 
n_site, n_tet, site_k, tet_k, Tet_Sphere, Compute_RPD, GPU2CPU, Non_Dup_RPCs
314, 4336, 73, 21, 0.02000, 0.14000, 0.04000, 0.04000, 
n_site, n_tet, site_k, tet_k, Tet_Sphere, Compute_RPD, GPU2CPU, Non_Dup_RPCs
314, 4336, 73, 21, 0.02000, 0.17000, 0.10000, 0.04000, 
n_site, n_tet, site_k, tet_k, Tet_Sphere, Compute_RPD, GPU2CPU, Non_Dup_RPCs
314, 4336, 73, 21, 0.02000, 0.14000, 0.04000, 0.04000, 
n_site, n_tet, site_k, tet_k, Tet_Sphere, Compute_RPD, GPU2CPU, Non_Dup_RPCs
314, 4336, 73, 21, 0.02000, 0.13000, 0.03000, 0.05000, 
n_site, n_tet, site_k, tet_k, Tet_Sphere, Compute_RPD, GPU2CPU, Non_Dup_RPCs
314, 4336, 73, 21, 0.02000, 0.14000, 0.03000, 0.04000, 
n_site, n_tet, site_k, tet_k, Tet_Sphere, Compute_RPD, GPU2CPU, Non_Dup_RPCs
314, 4336, 73, 21, 0.03000, 0.16000, 0.06000, 0.04000, 
n_site, n_tet, site_k, tet_k, Tet_Sphere, Compute_RPD, GPU2CPU, Non_Dup_RPCs
314, 4336, 73, 21, 0.02000, 0.15000, 0.03000, 0.04000, 
n_site, n_tet, site_k, tet_k, Tet_Sphere, Compute_RPD, GPU2CPU, Non_Dup_RPCs
314, 4336, 73, 21, 0.02000, 0.14000, 0.04000, 0.04000, 
n_site, n_tet, site_k, tet_k, Tet_Sphere, Compute_RPD, GPU2CPU, Non_Dup_RPCs
314, 4336, 73, 21, 0.01000, 0.15000, 0.03000, 0.04000, 
n_site, n_tet, site_k, tet_k, Tet_Sphere, Compute_RPD, GPU2CPU, Non_Dup_RPCs
314, 4336, 73, 21, 0.03000, 0.13000, 0.04000, 0.04000, 
n_site, n_tet, site_k, tet_k, Tet_Sphere, Compute_RPD, GPU2CPU, Non_Dup_RPCs
314, 4336, 73, 21, 0.02000, 0.14000, 0.03000, 0.04000, 
n_site, n_tet, site_k, tet_k, Tet_Sphere, Compute_RPD, GPU2CPU, Non_Dup_RPCs
314, 4336, 73, 21, 0.01000, 0.14000, 0.03000, 0.05000, 
n_site, n_tet, site_k, tet_k, Tet_Sphere, Compute_RPD, GPU2CPU, Non_Dup_RPCs
314, 4336, 73, 21, 0.01000, 0.14000, 0.03000, 0.05000, 
n_site, n_tet, site_k, tet_k, Tet_Sphere, Compute_RPD, GPU2CPU, Non_Dup_RPCs
314, 4336, 73, 21, 0.03000, 0.16000, 0.10000, 0.04000, 
n_site, n_tet, site_k, tet_k, Tet_Sphere, Compute_RPD, GPU2CPU, Non_Dup_RPCs
314, 4336, 73, 21, 0.02000, 0.13000, 0.03000, 0.04000, 
n_site, n_tet, site_k, tet_k, Tet_Sphere, Compute_RPD, GPU2CPU, Non_Dup_RPCs
314, 4336, 73, 21, 0.02000, 0.13000, 0.03000, 0.05000, 
n_site, n_tet, site_k, tet_k, Tet_Sphere, Compute_RPD, GPU2CPU, Non_Dup_RPCs
314, 4336, 73, 21, 0.03000, 0.16000, 0.10000, 0.04000, 
n_site, n_tet, site_k, tet_k, Tet_Sphere, Compute_RPD, GPU2CPU, Non_Dup_RPCs
314, 4336, 73, 21, 0.02000, 0.14000, 0.03000, 0.05000, 
n_site, n_tet, site_k, tet_k, Tet_Sphere, Compute_RPD, GPU2CPU, Non_Dup_RPCs
314, 4336, 73, 21, 0.02000, 0.14000, 0.03000, 0.04000, 
n_site, n_tet, site_k, tet_k, Tet_Sphere, Compute_RPD, GPU2CPU, Non_Dup_RPCs
314, 4336, 73, 21, 0.03000, 0.16000, 0.10000, 0.04000, 
n_site, n_tet, site_k, tet_k, Tet_Sphere, Compute_RPD, GPU2CPU, Non_Dup_RPCs
382, 4336, 70, 29, 0.02000, 0.30000, 0.06000, 0.14000, 
n_site, n_tet, site_k, tet_k, Tet_Sphere, Compute_RPD, GPU2CPU, Non_Dup_RPCs
433, 4336, 177, 17, 0.03000, 0.13000, 0.03000, 0.04000, 
n_site, n_tet, site_k, tet_k, Tet_Sphere, Compute_RPD, GPU2CPU, Non_Dup_RPCs
433, 4336, 177, 17, 0.03000, 0.16000, 0.03000, 0.04000, 
n_site, n_tet, site_k, tet_k, Tet_Sphere, Compute_RPD, GPU2CPU, Non_Dup_RPCs
433, 4336, 76, 14, 0.02000, 0.09000, 0.02000, 0.04000, 
n_site, n_tet, site_k, tet_k, Tet_Sphere, Compute_RPD, GPU2CPU, Non_Dup_RPCs
400, 4336, 74, 13, 0.02000, 0.08000, 0.02000, 0.04000, 
n_site, n_tet, site_k, tet_k, Tet_Sphere, Compute_RPD, GPU2CPU, Non_Dup_RPCs
224, 4336, 73, 13, 0.01000, 0.11000, 0.06000, 0.03000, 
n_site, n_tet, site_k, tet_k, Tet_Sphere, Compute_RPD, GPU2CPU, Non_Dup_RPCs
91, 1362, 46, 4, 0.00000, 0.00000, 0.01000, 0.01000, 
n_site, n_tet, site_k, tet_k, Tet_Sphere, Compute_RPD, GPU2CPU, Non_Dup_RPCs
141, 2182, 70, 7, 0.01000, 0.04000, 0.01000, 0.02000, 
n_site, n_tet, site_k, tet_k, Tet_Sphere, Compute_RPD, GPU2CPU, Non_Dup_RPCs
452, 4336, 139, 19, 0.06000, 0.23000, 0.05000, 0.05000, 
n_site, n_tet, site_k, tet_k, Tet_Sphere, Compute_RPD, GPU2CPU, Non_Dup_RPCs
452, 4336, 77, 18, 0.02000, 0.11000, 0.04000, 0.04000, 
n_site, n_tet, site_k, tet_k, Tet_Sphere, Compute_RPD, GPU2CPU, Non_Dup_RPCs
452, 4336, 77, 18, 0.02000, 0.10000, 0.03000, 0.05000, 
n_site, n_tet, site_k, tet_k, Tet_Sphere, Compute_RPD, GPU2CPU, Non_Dup_RPCs
452, 4336, 77, 18, 0.02000, 0.14000, 0.02000, 0.05000, 
n_site, n_tet, site_k, tet_k, Tet_Sphere, Compute_RPD, GPU2CPU, Non_Dup_RPCs
452, 4336, 77, 18, 0.03000, 0.15000, 0.09000, 0.04000, 
n_site, n_tet, site_k, tet_k, Tet_Sphere, Compute_RPD, GPU2CPU, Non_Dup_RPCs
452, 4336, 77, 18, 0.02000, 0.10000, 0.03000, 0.05000, 
n_site, n_tet, site_k, tet_k, Tet_Sphere, Compute_RPD, GPU2CPU, Non_Dup_RPCs
452, 4336, 79, 20, 0.02000, 0.12000, 0.04000, 0.04000, 
n_site, n_tet, site_k, tet_k, Tet_Sphere, Compute_RPD, GPU2CPU, Non_Dup_RPCs
452, 4336, 78, 18, 0.03000, 0.12000, 0.03000, 0.04000, 
n_site, n_tet, site_k, tet_k, Tet_Sphere, Compute_RPD, GPU2CPU, Non_Dup_RPCs
452, 4336, 79, 18, 0.02000, 0.12000, 0.03000, 0.05000, 
n_site, n_tet, site_k, tet_k, Tet_Sphere, Compute_RPD, GPU2CPU, Non_Dup_RPCs
452, 4336, 80, 17, 0.02000, 0.12000, 0.02000, 0.05000, 
n_site, n_tet, site_k, tet_k, Tet_Sphere, Compute_RPD, GPU2CPU, Non_Dup_RPCs
452, 4336, 79, 17, 0.04000, 0.12000, 0.03000, 0.05000, 
n_site, n_tet, site_k, tet_k, Tet_Sphere, Compute_RPD, GPU2CPU, Non_Dup_RPCs
452, 4336, 75, 16, 0.03000, 0.11000, 0.02000, 0.05000, 
n_site, n_tet, site_k, tet_k, Tet_Sphere, Compute_RPD, GPU2CPU, Non_Dup_RPCs
452, 4336, 75, 16, 0.02000, 0.12000, 0.02000, 0.04000, 
n_site, n_tet, site_k, tet_k, Tet_Sphere, Compute_RPD, GPU2CPU, Non_Dup_RPCs
452, 4336, 75, 16, 0.03000, 0.14000, 0.05000, 0.05000, 
n_site, n_tet, site_k, tet_k, Tet_Sphere, Compute_RPD, GPU2CPU, Non_Dup_RPCs
452, 4336, 75, 16, 0.03000, 0.11000, 0.03000, 0.05000, 
n_site, n_tet, site_k, tet_k, Tet_Sphere, Compute_RPD, GPU2CPU, Non_Dup_RPCs
452, 4336, 75, 16, 0.03000, 0.12000, 0.02000, 0.05000, 
n_site, n_tet, site_k, tet_k, Tet_Sphere, Compute_RPD, GPU2CPU, Non_Dup_RPCs
469, 4336, 73, 16, 0.03000, 0.15000, 0.05000, 0.05000, 
n_site, n_tet, site_k, tet_k, Tet_Sphere, Compute_RPD, GPU2CPU, Non_Dup_RPCs
514, 4336, 125, 11, 0.03000, 0.10000, 0.01000, 0.04000, 
n_site, n_tet, site_k, tet_k, Tet_Sphere, Compute_RPD, GPU2CPU, Non_Dup_RPCs
514, 4336, 125, 11, 0.03000, 0.10000, 0.06000, 0.03000, 
n_site, n_tet, site_k, tet_k, Tet_Sphere, Compute_RPD, GPU2CPU, Non_Dup_RPCs
514, 4336, 82, 10, 0.03000, 0.09000, 0.05000, 0.03000, 
n_site, n_tet, site_k, tet_k, Tet_Sphere, Compute_RPD, GPU2CPU, Non_Dup_RPCs
503, 4336, 78, 10, 0.02000, 0.08000, 0.03000, 0.02000, 
n_site, n_tet, site_k, tet_k, Tet_Sphere, Compute_RPD, GPU2CPU, Non_Dup_RPCs
277, 4332, 71, 10, 0.02000, 0.08000, 0.01000, 0.03000, 
n_site, n_tet, site_k, tet_k, Tet_Sphere, Compute_RPD, GPU2CPU, Non_Dup_RPCs
754, 4336, 159, 42, 0.05000, 0.23000, 0.06000, 0.07000, 
n_site, n_tet, site_k, tet_k, Tet_Sphere, Compute_RPD, GPU2CPU, Non_Dup_RPCs
754, 4336, 103, 40, 0.04000, 0.20000, 0.06000, 0.37000, 
n_site, n_tet, site_k, tet_k, Tet_Sphere, Compute_RPD, GPU2CPU, Non_Dup_RPCs
990, 4336, 109, 42, 0.03000, 0.21000, 0.07000, 0.18000, 
n_site, n_tet, site_k, tet_k, Tet_Sphere, Compute_RPD, GPU2CPU, Non_Dup_RPCs
1264, 4336, 188, 65, 0.17000, 0.49000, 0.16000, 0.18000, 
n_site, n_tet, site_k, tet_k, Tet_Sphere, Compute_RPD, GPU2CPU, Non_Dup_RPCs
996, 4336, 171, 61, 0.05000, 0.34000, 0.09000, 0.11000, 
n_site, n_tet, site_k, tet_k, Tet_Sphere, Compute_RPD, GPU2CPU, Non_Dup_RPCs
996, 4336, 159, 54, 0.24000, 0.27000, 0.10000, 0.14000, 
n_site, n_tet, site_k, tet_k, Tet_Sphere, Compute_RPD, GPU2CPU, Non_Dup_RPCs
1357, 4336, 159, 58, 0.07000, 0.30000, 0.12000, 0.14000, 
n_site, n_tet, site_k, tet_k, Tet_Sphere, Compute_RPD, GPU2CPU, Non_Dup_RPCs
1625, 4336, 118, 106, 0.20000, 0.79000, 0.16000, 0.15000, 
n_site, n_tet, site_k, tet_k, Tet_Sphere, Compute_RPD, GPU2CPU, Non_Dup_RPCs
1391, 4336, 116, 97, 0.07000, 0.63000, 0.15000, 0.13000, 
n_site, n_tet, site_k, tet_k, Tet_Sphere, Compute_RPD, GPU2CPU, Non_Dup_RPCs
1391, 4336, 153, 89, 0.24000, 0.52000, 0.13000, 0.15000, 
n_site, n_tet, site_k, tet_k, Tet_Sphere, Compute_RPD, GPU2CPU, Non_Dup_RPCs
1809, 4336, 148, 95, 0.20000, 0.51000, 0.14000, 0.18000, 
n_site, n_tet, site_k, tet_k, Tet_Sphere, Compute_RPD, GPU2CPU, Non_Dup_RPCs
2755, 4336, 141, 142, 0.35000, 1.01000, 0.23000, 0.29000, 
n_site, n_tet, site_k, tet_k, Tet_Sphere, Compute_RPD, GPU2CPU, Non_Dup_RPCs
1886, 4336, 111, 124, 0.20000, 0.68000, 0.24000, 0.15000, 
n_site, n_tet, site_k, tet_k, Tet_Sphere, Compute_RPD, GPU2CPU, Non_Dup_RPCs
1886, 4336, 145, 130, 0.24000, 0.89000, 0.27000, 0.22000, 
n_site, n_tet, site_k, tet_k, Tet_Sphere, Compute_RPD, GPU2CPU, Non_Dup_RPCs
2335, 4336, 150, 134, 0.34000, 0.96000, 0.28000, 0.29000, 
n_site, n_tet, site_k, tet_k, Tet_Sphere, Compute_RPD, GPU2CPU, Non_Dup_RPCs
3658, 4336, 198, 176, 0.48000, 1.32000, 0.32000, 0.29000, 
n_site, n_tet, site_k, tet_k, Tet_Sphere, Compute_RPD, GPU2CPU, Non_Dup_RPCs
2359, 4336, 149, 156, 0.33000, 0.99000, 0.24000, 0.26000, 
n_site, n_tet, site_k, tet_k, Tet_Sphere, Compute_RPD, GPU2CPU, Non_Dup_RPCs
2359, 4336, 199, 147, 0.40000, 1.14000, 0.22000, 0.24000, 
n_site, n_tet, site_k, tet_k, Tet_Sphere, Compute_RPD, GPU2CPU, Non_Dup_RPCs
2960, 4336, 201, 149, 0.33000, 0.90000, 0.24000, 0.27000, 
n_site, n_tet, site_k, tet_k, Tet_Sphere, Compute_RPD, GPU2CPU, Non_Dup_RPCs
4616, 4336, 114, 209, 0.41000, 1.45000, 0.46000, 0.39000, 
n_site, n_tet, site_k, tet_k, Tet_Sphere, Compute_RPD, GPU2CPU, Non_Dup_RPCs
3014, 4336, 132, 180, 0.44000, 1.25000, 0.28000, 0.29000, 
n_site, n_tet, site_k, tet_k, Tet_Sphere, Compute_RPD, GPU2CPU, Non_Dup_RPCs
1075, 7944, 420, 34, 0.14000, 0.46000, 0.12000, 0.12000, 
n_site, n_tet, site_k, tet_k, Tet_Sphere, Compute_RPD, GPU2CPU, Non_Dup_RPCs
1167, 7456, 458, 19, 0.11000, 0.31000, 0.06000, 0.05000, 
n_site, n_tet, site_k, tet_k, Tet_Sphere, Compute_RPD, GPU2CPU, Non_Dup_RPCs
990, 5586, 448, 10, 0.04000, 0.16000, 0.02000, 0.02000, 
n_site, n_tet, site_k, tet_k, Tet_Sphere, Compute_RPD, GPU2CPU, Non_Dup_RPCs
540, 3180, 449, 7, 0.02000, 0.06000, 0.01000, 0.01000, 
n_site, n_tet, site_k, tet_k, Tet_Sphere, Compute_RPD, GPU2CPU, Non_Dup_RPCs
41, 30, 19, 7, 0.00000, 0.00000, 0.00000, 0.00000, 
n_site, n_tet, site_k, tet_k, Tet_Sphere, Compute_RPD, GPU2CPU, Non_Dup_RPCs
933, 7677, 375, 35, 0.33000, 0.48000, 0.10000, 0.13000, 
n_site, n_tet, site_k, tet_k, Tet_Sphere, Compute_RPD, GPU2CPU, Non_Dup_RPCs
920, 7176, 374, 28, 0.29000, 0.34000, 0.07000, 0.10000, 
n_site, n_tet, site_k, tet_k, Tet_Sphere, Compute_RPD, GPU2CPU, Non_Dup_RPCs
113, 239, 31, 5, 0.00000, 0.00000, 0.00000, 0.00000, 
n_site, n_tet, site_k, tet_k, Tet_Sphere, Compute_RPD, GPU2CPU, Non_Dup_RPCs
692, 5371, 375, 15, 0.07000, 0.49000, 0.03000, 0.02000, 
n_site, n_tet, site_k, tet_k, Tet_Sphere, Compute_RPD, GPU2CPU, Non_Dup_RPCs
709, 5463, 373, 11, 0.04000, 0.14000, 0.02000, 0.02000, 
n_site, n_tet, site_k, tet_k, Tet_Sphere, Compute_RPD, GPU2CPU, Non_Dup_RPCs
642, 5220, 376, 6, 0.03000, 0.08000, 0.01000, 0.02000, 
n_site, n_tet, site_k, tet_k, Tet_Sphere, Compute_RPD, GPU2CPU, Non_Dup_RPCs
937, 7944, 380, 35, 0.21000, 0.60000, 0.10000, 0.14000, 
n_site, n_tet, site_k, tet_k, Tet_Sphere, Compute_RPD, GPU2CPU, Non_Dup_RPCs
937, 7944, 79, 34, 0.12000, 0.44000, 0.16000, 0.12000, 
n_site, n_tet, site_k, tet_k, Tet_Sphere, Compute_RPD, GPU2CPU, Non_Dup_RPCs
937, 7944, 79, 34, 0.11000, 0.49000, 0.16000, 0.13000, 
n_site, n_tet, site_k, tet_k, Tet_Sphere, Compute_RPD, GPU2CPU, Non_Dup_RPCs
937, 7944, 79, 34, 0.06000, 0.41000, 0.11000, 0.12000, 
n_site, n_tet, site_k, tet_k, Tet_Sphere, Compute_RPD, GPU2CPU, Non_Dup_RPCs
937, 7944, 79, 34, 0.11000, 0.45000, 0.15000, 0.13000, 
n_site, n_tet, site_k, tet_k, Tet_Sphere, Compute_RPD, GPU2CPU, Non_Dup_RPCs
937, 7944, 79, 34, 0.06000, 0.41000, 0.11000, 0.12000, 
n_site, n_tet, site_k, tet_k, Tet_Sphere, Compute_RPD, GPU2CPU, Non_Dup_RPCs
937, 7944, 79, 34, 0.10000, 0.49000, 0.16000, 0.13000, 
n_site, n_tet, site_k, tet_k, Tet_Sphere, Compute_RPD, GPU2CPU, Non_Dup_RPCs
937, 7944, 79, 34, 0.06000, 0.38000, 0.10000, 0.12000, 
n_site, n_tet, site_k, tet_k, Tet_Sphere, Compute_RPD, GPU2CPU, Non_Dup_RPCs
937, 7944, 74, 30, 0.06000, 0.37000, 0.09000, 0.11000, 
n_site, n_tet, site_k, tet_k, Tet_Sphere, Compute_RPD, GPU2CPU, Non_Dup_RPCs
937, 7944, 73, 32, 0.06000, 0.39000, 0.10000, 0.12000, 
n_site, n_tet, site_k, tet_k, Tet_Sphere, Compute_RPD, GPU2CPU, Non_Dup_RPCs
937, 7944, 75, 31, 0.06000, 0.36000, 0.09000, 0.12000, 
n_site, n_tet, site_k, tet_k, Tet_Sphere, Compute_RPD, GPU2CPU, Non_Dup_RPCs
937, 7944, 75, 30, 0.06000, 0.34000, 0.08000, 0.12000, 
n_site, n_tet, site_k, tet_k, Tet_Sphere, Compute_RPD, GPU2CPU, Non_Dup_RPCs
937, 7944, 78, 29, 0.06000, 0.35000, 0.08000, 0.12000, 
n_site, n_tet, site_k, tet_k, Tet_Sphere, Compute_RPD, GPU2CPU, Non_Dup_RPCs
937, 7944, 77, 28, 0.06000, 0.33000, 0.08000, 0.12000, 
n_site, n_tet, site_k, tet_k, Tet_Sphere, Compute_RPD, GPU2CPU, Non_Dup_RPCs
937, 7944, 70, 27, 0.06000, 0.38000, 0.08000, 0.11000, 
n_site, n_tet, site_k, tet_k, Tet_Sphere, Compute_RPD, GPU2CPU, Non_Dup_RPCs
937, 7944, 73, 28, 0.06000, 0.37000, 0.12000, 0.14000, 
n_site, n_tet, site_k, tet_k, Tet_Sphere, Compute_RPD, GPU2CPU, Non_Dup_RPCs
937, 7944, 74, 27, 0.10000, 0.38000, 0.18000, 0.13000, 
n_site, n_tet, site_k, tet_k, Tet_Sphere, Compute_RPD, GPU2CPU, Non_Dup_RPCs
937, 7944, 75, 26, 0.06000, 0.36000, 0.09000, 0.13000, 
n_site, n_tet, site_k, tet_k, Tet_Sphere, Compute_RPD, GPU2CPU, Non_Dup_RPCs
937, 7944, 78, 25, 0.10000, 0.37000, 0.18000, 0.12000, 
n_site, n_tet, site_k, tet_k, Tet_Sphere, Compute_RPD, GPU2CPU, Non_Dup_RPCs
937, 7944, 74, 28, 0.06000, 0.35000, 0.11000, 0.14000, 
n_site, n_tet, site_k, tet_k, Tet_Sphere, Compute_RPD, GPU2CPU, Non_Dup_RPCs
937, 7944, 66, 26, 0.06000, 0.38000, 0.07000, 0.12000, 
n_site, n_tet, site_k, tet_k, Tet_Sphere, Compute_RPD, GPU2CPU, Non_Dup_RPCs
937, 7944, 65, 25, 0.05000, 0.27000, 0.07000, 0.11000, 
n_site, n_tet, site_k, tet_k, Tet_Sphere, Compute_RPD, GPU2CPU, Non_Dup_RPCs
937, 7944, 65, 23, 0.06000, 0.35000, 0.07000, 0.11000, 
n_site, n_tet, site_k, tet_k, Tet_Sphere, Compute_RPD, GPU2CPU, Non_Dup_RPCs
937, 7944, 70, 21, 0.06000, 0.28000, 0.06000, 0.11000, 
n_site, n_tet, site_k, tet_k, Tet_Sphere, Compute_RPD, GPU2CPU, Non_Dup_RPCs
937, 7944, 68, 22, 0.06000, 0.31000, 0.16000, 0.12000, 
n_site, n_tet, site_k, tet_k, Tet_Sphere, Compute_RPD, GPU2CPU, Non_Dup_RPCs
937, 7944, 71, 21, 0.05000, 0.27000, 0.05000, 0.11000, 
n_site, n_tet, site_k, tet_k, Tet_Sphere, Compute_RPD, GPU2CPU, Non_Dup_RPCs
937, 7944, 75, 21, 0.06000, 0.27000, 0.06000, 0.12000, 
n_site, n_tet, site_k, tet_k, Tet_Sphere, Compute_RPD, GPU2CPU, Non_Dup_RPCs
937, 7944, 75, 21, 0.07000, 0.28000, 0.13000, 0.11000, 
n_site, n_tet, site_k, tet_k, Tet_Sphere, Compute_RPD, GPU2CPU, Non_Dup_RPCs
1160, 7944, 68, 22, 0.19000, 0.34000, 0.13000, 0.13000, 
n_site, n_tet, site_k, tet_k, Tet_Sphere, Compute_RPD, GPU2CPU, Non_Dup_RPCs
1321, 7944, 55, 30, 0.20000, 0.53000, 0.10000, 0.22000, 
n_site, n_tet, site_k, tet_k, Tet_Sphere, Compute_RPD, GPU2CPU, Non_Dup_RPCs
1321, 7944, 55, 30, 0.14000, 0.45000, 0.18000, 0.19000, 
n_site, n_tet, site_k, tet_k, Tet_Sphere, Compute_RPD, GPU2CPU, Non_Dup_RPCs
1321, 7944, 93, 30, 0.20000, 0.48000, 0.13000, 0.20000, 
n_site, n_tet, site_k, tet_k, Tet_Sphere, Compute_RPD, GPU2CPU, Non_Dup_RPCs
1181, 7944, 96, 30, 0.16000, 0.47000, 0.15000, 0.18000, 
n_site, n_tet, site_k, tet_k, Tet_Sphere, Compute_RPD, GPU2CPU, Non_Dup_RPCs
1227, 7788, 96, 30, 0.23000, 0.44000, 0.13000, 0.19000, 
n_site, n_tet, site_k, tet_k, Tet_Sphere, Compute_RPD, GPU2CPU, Non_Dup_RPCs
355, 923, 38, 11, 0.01000, 0.03000, 0.00000, 0.01000, 
n_site, n_tet, site_k, tet_k, Tet_Sphere, Compute_RPD, GPU2CPU, Non_Dup_RPCs
81, 158, 23, 7, 0.00000, 0.01000, 0.00000, 0.00000, 
n_site, n_tet, site_k, tet_k, Tet_Sphere, Compute_RPD, GPU2CPU, Non_Dup_RPCs
1248, 7944, 96, 30, 0.30000, 0.29000, 0.09000, 0.21000, 
n_site, n_tet, site_k, tet_k, Tet_Sphere, Compute_RPD, GPU2CPU, Non_Dup_RPCs
1248, 7944, 96, 30, 0.18000, 0.40000, 0.13000, 0.19000, 
n_site, n_tet, site_k, tet_k, Tet_Sphere, Compute_RPD, GPU2CPU, Non_Dup_RPCs
1248, 7944, 96, 30, 0.16000, 0.41000, 0.14000, 0.19000, 
n_site, n_tet, site_k, tet_k, Tet_Sphere, Compute_RPD, GPU2CPU, Non_Dup_RPCs
1248, 7944, 96, 30, 0.17000, 0.40000, 0.14000, 0.18000, 
n_site, n_tet, site_k, tet_k, Tet_Sphere, Compute_RPD, GPU2CPU, Non_Dup_RPCs
1248, 7944, 96, 30, 0.18000, 0.38000, 0.13000, 0.19000, 
n_site, n_tet, site_k, tet_k, Tet_Sphere, Compute_RPD, GPU2CPU, Non_Dup_RPCs
1248, 7944, 96, 30, 0.17000, 0.41000, 0.14000, 0.19000, 
n_site, n_tet, site_k, tet_k, Tet_Sphere, Compute_RPD, GPU2CPU, Non_Dup_RPCs
1248, 7944, 98, 29, 0.16000, 0.40000, 0.15000, 0.19000, 
n_site, n_tet, site_k, tet_k, Tet_Sphere, Compute_RPD, GPU2CPU, Non_Dup_RPCs
1248, 7944, 96, 29, 0.16000, 0.46000, 0.14000, 0.18000, 
n_site, n_tet, site_k, tet_k, Tet_Sphere, Compute_RPD, GPU2CPU, Non_Dup_RPCs
1248, 7944, 96, 30, 0.16000, 0.50000, 0.13000, 0.20000, 
n_site, n_tet, site_k, tet_k, Tet_Sphere, Compute_RPD, GPU2CPU, Non_Dup_RPCs
1248, 7944, 97, 29, 0.17000, 0.39000, 0.15000, 0.18000, 
n_site, n_tet, site_k, tet_k, Tet_Sphere, Compute_RPD, GPU2CPU, Non_Dup_RPCs
1248, 7944, 97, 29, 0.17000, 0.45000, 0.14000, 0.20000, 
n_site, n_tet, site_k, tet_k, Tet_Sphere, Compute_RPD, GPU2CPU, Non_Dup_RPCs
1248, 7944, 98, 28, 0.16000, 0.39000, 0.15000, 0.18000, 
n_site, n_tet, site_k, tet_k, Tet_Sphere, Compute_RPD, GPU2CPU, Non_Dup_RPCs
1248, 7944, 99, 29, 0.18000, 0.44000, 0.17000, 0.22000, 
n_site, n_tet, site_k, tet_k, Tet_Sphere, Compute_RPD, GPU2CPU, Non_Dup_RPCs
1248, 7944, 99, 29, 0.20000, 0.28000, 0.08000, 0.18000, 
n_site, n_tet, site_k, tet_k, Tet_Sphere, Compute_RPD, GPU2CPU, Non_Dup_RPCs
1248, 7944, 98, 29, 0.17000, 0.39000, 0.13000, 0.21000, 
n_site, n_tet, site_k, tet_k, Tet_Sphere, Compute_RPD, GPU2CPU, Non_Dup_RPCs
1248, 7944, 98, 30, 0.16000, 0.42000, 0.15000, 0.18000, 
n_site, n_tet, site_k, tet_k, Tet_Sphere, Compute_RPD, GPU2CPU, Non_Dup_RPCs
1248, 7944, 99, 30, 0.16000, 0.41000, 0.15000, 0.20000, 
n_site, n_tet, site_k, tet_k, Tet_Sphere, Compute_RPD, GPU2CPU, Non_Dup_RPCs
1248, 7944, 99, 31, 0.16000, 0.46000, 0.14000, 0.20000, 
n_site, n_tet, site_k, tet_k, Tet_Sphere, Compute_RPD, GPU2CPU, Non_Dup_RPCs
1248, 7944, 99, 31, 0.17000, 0.42000, 0.14000, 0.20000, 
n_site, n_tet, site_k, tet_k, Tet_Sphere, Compute_RPD, GPU2CPU, Non_Dup_RPCs
1248, 7944, 99, 30, 0.17000, 0.40000, 0.15000, 0.19000, 
n_site, n_tet, site_k, tet_k, Tet_Sphere, Compute_RPD, GPU2CPU, Non_Dup_RPCs
1248, 7944, 99, 30, 0.16000, 0.45000, 0.15000, 0.20000, 
n_site, n_tet, site_k, tet_k, Tet_Sphere, Compute_RPD, GPU2CPU, Non_Dup_RPCs
1447, 7944, 84, 30, 0.24000, 0.29000, 0.08000, 0.20000, 
n_site, n_tet, site_k, tet_k, Tet_Sphere, Compute_RPD, GPU2CPU, Non_Dup_RPCs
1589, 7944, 71, 34, 0.24000, 0.33000, 0.09000, 0.24000, 
n_site, n_tet, site_k, tet_k, Tet_Sphere, Compute_RPD, GPU2CPU, Non_Dup_RPCs
1589, 7944, 71, 34, 0.22000, 0.52000, 0.15000, 0.21000, 
n_site, n_tet, site_k, tet_k, Tet_Sphere, Compute_RPD, GPU2CPU, Non_Dup_RPCs
1589, 7944, 68, 34, 0.24000, 0.32000, 0.10000, 0.22000, 
n_site, n_tet, site_k, tet_k, Tet_Sphere, Compute_RPD, GPU2CPU, Non_Dup_RPCs
1532, 7944, 66, 34, 0.25000, 0.31000, 0.09000, 0.21000, 
n_site, n_tet, site_k, tet_k, Tet_Sphere, Compute_RPD, GPU2CPU, Non_Dup_RPCs
1535, 7410, 66, 29, 0.25000, 0.46000, 0.14000, 0.13000, 
n_site, n_tet, site_k, tet_k, Tet_Sphere, Compute_RPD, GPU2CPU, Non_Dup_RPCs
182, 367, 29, 9, 0.00000, 0.01000, 0.00000, 0.00000, 
n_site, n_tet, site_k, tet_k, Tet_Sphere, Compute_RPD, GPU2CPU, Non_Dup_RPCs
92, 104, 30, 7, 0.01000, 0.01000, 0.00000, 0.00000, 
n_site, n_tet, site_k, tet_k, Tet_Sphere, Compute_RPD, GPU2CPU, Non_Dup_RPCs
1547, 7944, 66, 34, 0.31000, 0.35000, 0.09000, 0.24000, 
n_site, n_tet, site_k, tet_k, Tet_Sphere, Compute_RPD, GPU2CPU, Non_Dup_RPCs
1547, 7944, 66, 34, 0.23000, 0.33000, 0.13000, 0.23000, 
n_site, n_tet, site_k, tet_k, Tet_Sphere, Compute_RPD, GPU2CPU, Non_Dup_RPCs
1547, 7944, 66, 34, 0.24000, 0.33000, 0.08000, 0.23000, 
n_site, n_tet, site_k, tet_k, Tet_Sphere, Compute_RPD, GPU2CPU, Non_Dup_RPCs
1547, 7944, 66, 34, 0.25000, 0.51000, 0.16000, 0.22000, 
n_site, n_tet, site_k, tet_k, Tet_Sphere, Compute_RPD, GPU2CPU, Non_Dup_RPCs
1547, 7944, 66, 33, 0.24000, 0.32000, 0.09000, 0.21000, 
n_site, n_tet, site_k, tet_k, Tet_Sphere, Compute_RPD, GPU2CPU, Non_Dup_RPCs
1547, 7944, 66, 33, 0.21000, 0.50000, 0.09000, 0.22000, 
n_site, n_tet, site_k, tet_k, Tet_Sphere, Compute_RPD, GPU2CPU, Non_Dup_RPCs
1547, 7944, 67, 34, 0.23000, 0.47000, 0.15000, 0.22000, 
n_site, n_tet, site_k, tet_k, Tet_Sphere, Compute_RPD, GPU2CPU, Non_Dup_RPCs
1547, 7944, 66, 32, 0.23000, 0.30000, 0.15000, 0.20000, 
n_site, n_tet, site_k, tet_k, Tet_Sphere, Compute_RPD, GPU2CPU, Non_Dup_RPCs
1547, 7944, 66, 33, 0.23000, 0.49000, 0.09000, 0.23000, 
n_site, n_tet, site_k, tet_k, Tet_Sphere, Compute_RPD, GPU2CPU, Non_Dup_RPCs
1547, 7944, 66, 33, 0.26000, 0.32000, 0.10000, 0.20000, 
n_site, n_tet, site_k, tet_k, Tet_Sphere, Compute_RPD, GPU2CPU, Non_Dup_RPCs
1547, 7944, 66, 33, 0.22000, 0.51000, 0.16000, 0.24000, 
n_site, n_tet, site_k, tet_k, Tet_Sphere, Compute_RPD, GPU2CPU, Non_Dup_RPCs
1547, 7944, 66, 33, 0.27000, 0.33000, 0.09000, 0.22000, 
n_site, n_tet, site_k, tet_k, Tet_Sphere, Compute_RPD, GPU2CPU, Non_Dup_RPCs
1547, 7944, 66, 32, 0.25000, 0.31000, 0.14000, 0.22000, 
n_site, n_tet, site_k, tet_k, Tet_Sphere, Compute_RPD, GPU2CPU, Non_Dup_RPCs
1547, 7944, 68, 33, 0.24000, 0.36000, 0.14000, 0.21000, 
n_site, n_tet, site_k, tet_k, Tet_Sphere, Compute_RPD, GPU2CPU, Non_Dup_RPCs
1547, 7944, 67, 32, 0.26000, 0.30000, 0.08000, 0.22000, 
n_site, n_tet, site_k, tet_k, Tet_Sphere, Compute_RPD, GPU2CPU, Non_Dup_RPCs
1547, 7944, 67, 32, 0.23000, 0.45000, 0.17000, 0.23000, 
n_site, n_tet, site_k, tet_k, Tet_Sphere, Compute_RPD, GPU2CPU, Non_Dup_RPCs
1596, 7944, 67, 32, 0.30000, 0.30000, 0.09000, 0.22000, 
n_site, n_tet, site_k, tet_k, Tet_Sphere, Compute_RPD, GPU2CPU, Non_Dup_RPCs
1710, 7944, 48, 35, 0.28000, 0.34000, 0.15000, 0.25000, 
n_site, n_tet, site_k, tet_k, Tet_Sphere, Compute_RPD, GPU2CPU, Non_Dup_RPCs
1710, 7944, 48, 35, 0.28000, 0.44000, 0.09000, 0.22000, 
n_site, n_tet, site_k, tet_k, Tet_Sphere, Compute_RPD, GPU2CPU, Non_Dup_RPCs
1710, 7944, 42, 35, 0.27000, 0.34000, 0.15000, 0.25000, 
n_site, n_tet, site_k, tet_k, Tet_Sphere, Compute_RPD, GPU2CPU, Non_Dup_RPCs
1683, 7944, 42, 35, 0.28000, 0.34000, 0.15000, 0.24000, 
n_site, n_tet, site_k, tet_k, Tet_Sphere, Compute_RPD, GPU2CPU, Non_Dup_RPCs
1626, 6348, 42, 25, 0.23000, 0.33000, 0.06000, 0.10000, 
n_site, n_tet, site_k, tet_k, Tet_Sphere, Compute_RPD, GPU2CPU, Non_Dup_RPCs
83, 232, 26, 5, 0.00000, 0.00000, 0.00000, 0.01000, 
n_site, n_tet, site_k, tet_k, Tet_Sphere, Compute_RPD, GPU2CPU, Non_Dup_RPCs
213, 492, 31, 7, 0.01000, 0.02000, 0.01000, 0.00000, 
n_site, n_tet, site_k, tet_k, Tet_Sphere, Compute_RPD, GPU2CPU, Non_Dup_RPCs
1684, 7944, 42, 35, 0.31000, 0.57000, 0.18000, 0.24000, 
n_site, n_tet, site_k, tet_k, Tet_Sphere, Compute_RPD, GPU2CPU, Non_Dup_RPCs
1900, 4945, 93, 117, 0.15000, 0.83000, 0.19000, 0.25000, 
n_site, n_tet, site_k, tet_k, Tet_Sphere, Compute_RPD, GPU2CPU, Non_Dup_RPCs
352, 377, 73, 7, 0.00000, 0.01000, 0.00000, 0.00000, 
n_site, n_tet, site_k, tet_k, Tet_Sphere, Compute_RPD, GPU2CPU, Non_Dup_RPCs
1423, 2355, 82, 17, 0.11000, 0.14000, 0.08000, 0.02000, 
n_site, n_tet, site_k, tet_k, Tet_Sphere, Compute_RPD, GPU2CPU, Non_Dup_RPCs
188, 160, 29, 6, 0.00000, 0.01000, 0.00000, 0.00000, 
n_site, n_tet, site_k, tet_k, Tet_Sphere, Compute_RPD, GPU2CPU, Non_Dup_RPCs
1663, 4945, 79, 103, 0.33000, 1.02000, 0.30000, 0.18000, 
n_site, n_tet, site_k, tet_k, Tet_Sphere, Compute_RPD, GPU2CPU, Non_Dup_RPCs
1663, 4945, 78, 125, 0.28000, 1.00000, 0.24000, 0.27000, 
n_site, n_tet, site_k, tet_k, Tet_Sphere, Compute_RPD, GPU2CPU, Non_Dup_RPCs
1663, 4945, 78, 125, 0.24000, 0.88000, 0.21000, 0.26000, 
n_site, n_tet, site_k, tet_k, Tet_Sphere, Compute_RPD, GPU2CPU, Non_Dup_RPCs
1663, 4945, 78, 125, 0.28000, 0.90000, 0.31000, 0.32000, 
n_site, n_tet, site_k, tet_k, Tet_Sphere, Compute_RPD, GPU2CPU, Non_Dup_RPCs
1663, 4945, 78, 125, 0.24000, 1.10000, 0.39000, 0.32000, 
n_site, n_tet, site_k, tet_k, Tet_Sphere, Compute_RPD, GPU2CPU, Non_Dup_RPCs
1663, 4945, 78, 125, 0.22000, 0.96000, 0.23000, 0.25000, 
n_site, n_tet, site_k, tet_k, Tet_Sphere, Compute_RPD, GPU2CPU, Non_Dup_RPCs
1663, 4945, 78, 126, 0.23000, 0.81000, 0.21000, 0.26000, 
n_site, n_tet, site_k, tet_k, Tet_Sphere, Compute_RPD, GPU2CPU, Non_Dup_RPCs
1663, 4945, 68, 127, 0.26000, 1.03000, 0.38000, 0.26000, 
n_site, n_tet, site_k, tet_k, Tet_Sphere, Compute_RPD, GPU2CPU, Non_Dup_RPCs
1663, 4945, 68, 124, 0.27000, 0.80000, 0.28000, 0.27000, 
n_site, n_tet, site_k, tet_k, Tet_Sphere, Compute_RPD, GPU2CPU, Non_Dup_RPCs
1663, 4945, 69, 125, 0.25000, 0.92000, 0.24000, 0.26000, 
n_site, n_tet, site_k, tet_k, Tet_Sphere, Compute_RPD, GPU2CPU, Non_Dup_RPCs
1663, 4945, 70, 128, 0.24000, 0.95000, 0.27000, 0.27000, 
n_site, n_tet, site_k, tet_k, Tet_Sphere, Compute_RPD, GPU2CPU, Non_Dup_RPCs
1663, 4945, 71, 130, 0.23000, 1.08000, 0.37000, 0.23000, 
n_site, n_tet, site_k, tet_k, Tet_Sphere, Compute_RPD, GPU2CPU, Non_Dup_RPCs
1663, 4945, 71, 129, 0.27000, 0.81000, 0.22000, 0.17000, 
n_site, n_tet, site_k, tet_k, Tet_Sphere, Compute_RPD, GPU2CPU, Non_Dup_RPCs
1663, 4945, 71, 130, 0.25000, 0.86000, 0.27000, 0.18000, 
n_site, n_tet, site_k, tet_k, Tet_Sphere, Compute_RPD, GPU2CPU, Non_Dup_RPCs
1663, 4945, 68, 123, 0.22000, 0.96000, 0.36000, 0.18000, 
n_site, n_tet, site_k, tet_k, Tet_Sphere, Compute_RPD, GPU2CPU, Non_Dup_RPCs
1663, 4945, 70, 118, 0.25000, 0.76000, 0.24000, 0.16000, 
n_site, n_tet, site_k, tet_k, Tet_Sphere, Compute_RPD, GPU2CPU, Non_Dup_RPCs
1663, 4945, 71, 117, 0.23000, 0.90000, 0.32000, 0.17000, 
n_site, n_tet, site_k, tet_k, Tet_Sphere, Compute_RPD, GPU2CPU, Non_Dup_RPCs
1663, 4945, 71, 119, 0.24000, 0.71000, 0.19000, 0.16000, 
n_site, n_tet, site_k, tet_k, Tet_Sphere, Compute_RPD, GPU2CPU, Non_Dup_RPCs
1663, 4945, 72, 125, 0.24000, 0.97000, 0.21000, 0.16000, 
n_site, n_tet, site_k, tet_k, Tet_Sphere, Compute_RPD, GPU2CPU, Non_Dup_RPCs
1663, 4945, 76, 119, 0.22000, 0.88000, 0.33000, 0.16000, 
n_site, n_tet, site_k, tet_k, Tet_Sphere, Compute_RPD, GPU2CPU, Non_Dup_RPCs
1663, 4945, 75, 120, 0.24000, 0.94000, 0.24000, 0.16000, 
n_site, n_tet, site_k, tet_k, Tet_Sphere, Compute_RPD, GPU2CPU, Non_Dup_RPCs
1663, 4945, 74, 123, 0.20000, 0.92000, 0.20000, 0.18000, 
n_site, n_tet, site_k, tet_k, Tet_Sphere, Compute_RPD, GPU2CPU, Non_Dup_RPCs
1663, 4945, 75, 120, 0.23000, 0.94000, 0.32000, 0.17000, 
n_site, n_tet, site_k, tet_k, Tet_Sphere, Compute_RPD, GPU2CPU, Non_Dup_RPCs
1663, 4945, 77, 122, 0.24000, 0.78000, 0.21000, 0.16000, 
n_site, n_tet, site_k, tet_k, Tet_Sphere, Compute_RPD, GPU2CPU, Non_Dup_RPCs
1663, 4945, 77, 121, 0.23000, 0.91000, 0.24000, 0.21000, 
n_site, n_tet, site_k, tet_k, Tet_Sphere, Compute_RPD, GPU2CPU, Non_Dup_RPCs
1663, 4945, 79, 120, 0.31000, 1.04000, 0.35000, 0.17000, 
n_site, n_tet, site_k, tet_k, Tet_Sphere, Compute_RPD, GPU2CPU, Non_Dup_RPCs
1663, 4945, 79, 120, 0.26000, 0.89000, 0.20000, 0.16000, 
n_site, n_tet, site_k, tet_k, Tet_Sphere, Compute_RPD, GPU2CPU, Non_Dup_RPCs
1932, 4945, 79, 143, 0.28000, 1.08000, 0.24000, 0.26000, 
n_site, n_tet, site_k, tet_k, Tet_Sphere, Compute_RPD, GPU2CPU, Non_Dup_RPCs
2078, 4945, 77, 160, 0.40000, 1.30000, 0.28000, 0.26000, 
n_site, n_tet, site_k, tet_k, Tet_Sphere, Compute_RPD, GPU2CPU, Non_Dup_RPCs
2078, 4945, 77, 160, 0.32000, 1.03000, 0.32000, 0.28000, 
n_site, n_tet, site_k, tet_k, Tet_Sphere, Compute_RPD, GPU2CPU, Non_Dup_RPCs
2078, 4945, 66, 163, 0.31000, 1.29000, 0.31000, 0.36000, 
n_site, n_tet, site_k, tet_k, Tet_Sphere, Compute_RPD, GPU2CPU, Non_Dup_RPCs
1982, 4945, 82, 160, 0.27000, 1.19000, 0.29000, 0.28000, 
n_site, n_tet, site_k, tet_k, Tet_Sphere, Compute_RPD, GPU2CPU, Non_Dup_RPCs
1982, 4945, 82, 158, 0.30000, 1.32000, 0.29000, 0.28000, 
n_site, n_tet, site_k, tet_k, Tet_Sphere, Compute_RPD, GPU2CPU, Non_Dup_RPCs
1982, 4945, 82, 158, 0.28000, 1.45000, 0.27000, 0.34000, 
n_site, n_tet, site_k, tet_k, Tet_Sphere, Compute_RPD, GPU2CPU, Non_Dup_RPCs
1982, 4945, 82, 157, 0.34000, 1.40000, 0.26000, 0.34000, 
n_site, n_tet, site_k, tet_k, Tet_Sphere, Compute_RPD, GPU2CPU, Non_Dup_RPCs
1982, 4945, 82, 156, 0.32000, 1.28000, 0.29000, 0.27000, 
n_site, n_tet, site_k, tet_k, Tet_Sphere, Compute_RPD, GPU2CPU, Non_Dup_RPCs
1982, 4945, 82, 156, 0.36000, 1.27000, 0.31000, 0.28000, 
n_site, n_tet, site_k, tet_k, Tet_Sphere, Compute_RPD, GPU2CPU, Non_Dup_RPCs
1982, 4945, 82, 155, 0.29000, 1.10000, 0.26000, 0.27000, 
n_site, n_tet, site_k, tet_k, Tet_Sphere, Compute_RPD, GPU2CPU, Non_Dup_RPCs
1982, 4945, 78, 154, 0.32000, 1.18000, 0.26000, 0.34000, 
n_site, n_tet, site_k, tet_k, Tet_Sphere, Compute_RPD, GPU2CPU, Non_Dup_RPCs
1982, 4945, 78, 153, 0.33000, 1.24000, 0.26000, 0.40000, 
n_site, n_tet, site_k, tet_k, Tet_Sphere, Compute_RPD, GPU2CPU, Non_Dup_RPCs
1982, 4945, 75, 150, 0.38000, 1.20000, 0.26000, 0.33000, 
n_site, n_tet, site_k, tet_k, Tet_Sphere, Compute_RPD, GPU2CPU, Non_Dup_RPCs
1982, 4945, 68, 149, 0.29000, 1.09000, 0.31000, 0.27000, 
n_site, n_tet, site_k, tet_k, Tet_Sphere, Compute_RPD, GPU2CPU, Non_Dup_RPCs
1982, 4945, 68, 148, 0.31000, 1.28000, 0.26000, 0.27000, 
n_site, n_tet, site_k, tet_k, Tet_Sphere, Compute_RPD, GPU2CPU, Non_Dup_RPCs
1982, 4945, 69, 147, 0.32000, 1.30000, 0.39000, 0.27000, 
n_site, n_tet, site_k, tet_k, Tet_Sphere, Compute_RPD, GPU2CPU, Non_Dup_RPCs
1982, 4945, 68, 148, 0.33000, 1.29000, 0.26000, 0.35000, 
n_site, n_tet, site_k, tet_k, Tet_Sphere, Compute_RPD, GPU2CPU, Non_Dup_RPCs
1982, 4945, 68, 148, 0.35000, 1.39000, 0.29000, 0.34000, 
n_site, n_tet, site_k, tet_k, Tet_Sphere, Compute_RPD, GPU2CPU, Non_Dup_RPCs
1982, 4945, 66, 149, 0.42000, 1.28000, 0.31000, 0.37000, 
n_site, n_tet, site_k, tet_k, Tet_Sphere, Compute_RPD, GPU2CPU, Non_Dup_RPCs
1982, 4945, 66, 150, 0.30000, 1.26000, 0.30000, 0.28000, 
n_site, n_tet, site_k, tet_k, Tet_Sphere, Compute_RPD, GPU2CPU, Non_Dup_RPCs
1982, 4945, 66, 149, 0.31000, 1.10000, 0.27000, 0.27000, 
n_site, n_tet, site_k, tet_k, Tet_Sphere, Compute_RPD, GPU2CPU, Non_Dup_RPCs
1982, 4945, 69, 147, 0.29000, 1.06000, 0.32000, 0.32000, 
n_site, n_tet, site_k, tet_k, Tet_Sphere, Compute_RPD, GPU2CPU, Non_Dup_RPCs
1982, 4945, 69, 146, 0.33000, 1.21000, 0.25000, 0.35000, 
n_site, n_tet, site_k, tet_k, Tet_Sphere, Compute_RPD, GPU2CPU, Non_Dup_RPCs
1982, 4945, 70, 146, 0.28000, 1.15000, 0.27000, 0.34000, 
n_site, n_tet, site_k, tet_k, Tet_Sphere, Compute_RPD, GPU2CPU, Non_Dup_RPCs
1982, 4945, 70, 146, 0.29000, 1.13000, 0.33000, 0.34000, 
n_site, n_tet, site_k, tet_k, Tet_Sphere, Compute_RPD, GPU2CPU, Non_Dup_RPCs
2025, 4945, 70, 153, 0.39000, 1.31000, 0.27000, 0.26000, 
n_site, n_tet, site_k, tet_k, Tet_Sphere, Compute_RPD, GPU2CPU, Non_Dup_RPCs
2185, 4945, 88, 155, 0.44000, 1.22000, 0.28000, 0.26000, 
n_site, n_tet, site_k, tet_k, Tet_Sphere, Compute_RPD, GPU2CPU, Non_Dup_RPCs
2185, 4945, 88, 155, 0.31000, 1.11000, 0.43000, 0.29000, 
n_site, n_tet, site_k, tet_k, Tet_Sphere, Compute_RPD, GPU2CPU, Non_Dup_RPCs
2185, 4945, 79, 157, 0.37000, 1.46000, 0.32000, 0.39000, 
n_site, n_tet, site_k, tet_k, Tet_Sphere, Compute_RPD, GPU2CPU, Non_Dup_RPCs
2127, 4945, 104, 156, 0.39000, 1.36000, 0.28000, 0.34000, 
n_site, n_tet, site_k, tet_k, Tet_Sphere, Compute_RPD, GPU2CPU, Non_Dup_RPCs
2116, 4936, 88, 155, 0.30000, 1.22000, 0.40000, 0.31000, 
n_site, n_tet, site_k, tet_k, Tet_Sphere, Compute_RPD, GPU2CPU, Non_Dup_RPCs
2128, 4945, 104, 156, 0.39000, 1.31000, 0.31000, 0.31000, 
n_site, n_tet, site_k, tet_k, Tet_Sphere, Compute_RPD, GPU2CPU, Non_Dup_RPCs
2128, 4945, 104, 156, 0.32000, 1.28000, 0.27000, 0.34000, 
n_site, n_tet, site_k, tet_k, Tet_Sphere, Compute_RPD, GPU2CPU, Non_Dup_RPCs
2128, 4945, 104, 156, 0.37000, 1.46000, 0.26000, 0.35000, 
n_site, n_tet, site_k, tet_k, Tet_Sphere, Compute_RPD, GPU2CPU, Non_Dup_RPCs
2128, 4945, 104, 156, 0.40000, 1.32000, 0.26000, 0.36000, 
n_site, n_tet, site_k, tet_k, Tet_Sphere, Compute_RPD, GPU2CPU, Non_Dup_RPCs
2128, 4945, 104, 156, 0.36000, 1.18000, 0.34000, 0.31000, 
n_site, n_tet, site_k, tet_k, Tet_Sphere, Compute_RPD, GPU2CPU, Non_Dup_RPCs
2128, 4945, 102, 154, 0.35000, 1.24000, 0.25000, 0.28000, 
n_site, n_tet, site_k, tet_k, Tet_Sphere, Compute_RPD, GPU2CPU, Non_Dup_RPCs
2128, 4945, 103, 152, 0.37000, 1.33000, 0.29000, 0.32000, 
n_site, n_tet, site_k, tet_k, Tet_Sphere, Compute_RPD, GPU2CPU, Non_Dup_RPCs
2128, 4945, 102, 156, 0.38000, 1.46000, 0.25000, 0.34000, 
n_site, n_tet, site_k, tet_k, Tet_Sphere, Compute_RPD, GPU2CPU, Non_Dup_RPCs
2128, 4945, 98, 157, 0.30000, 1.26000, 0.27000, 0.32000, 
n_site, n_tet, site_k, tet_k, Tet_Sphere, Compute_RPD, GPU2CPU, Non_Dup_RPCs
2128, 4945, 98, 159, 0.33000, 1.18000, 0.37000, 0.29000, 
n_site, n_tet, site_k, tet_k, Tet_Sphere, Compute_RPD, GPU2CPU, Non_Dup_RPCs
2128, 4945, 99, 157, 0.39000, 1.26000, 0.29000, 0.27000, 
n_site, n_tet, site_k, tet_k, Tet_Sphere, Compute_RPD, GPU2CPU, Non_Dup_RPCs
2128, 4945, 95, 159, 0.35000, 1.22000, 0.31000, 0.32000, 
n_site, n_tet, site_k, tet_k, Tet_Sphere, Compute_RPD, GPU2CPU, Non_Dup_RPCs
2128, 4945, 93, 160, 0.29000, 1.41000, 0.29000, 0.34000, 
n_site, n_tet, site_k, tet_k, Tet_Sphere, Compute_RPD, GPU2CPU, Non_Dup_RPCs
2128, 4945, 92, 160, 0.38000, 1.45000, 0.45000, 0.33000, 
n_site, n_tet, site_k, tet_k, Tet_Sphere, Compute_RPD, GPU2CPU, Non_Dup_RPCs
2128, 4945, 92, 160, 0.40000, 1.17000, 0.35000, 0.32000, 
n_site, n_tet, site_k, tet_k, Tet_Sphere, Compute_RPD, GPU2CPU, Non_Dup_RPCs
2166, 4945, 90, 170, 0.35000, 1.50000, 0.39000, 0.30000, 
n_site, n_tet, site_k, tet_k, Tet_Sphere, Compute_RPD, GPU2CPU, Non_Dup_RPCs
2347, 4945, 82, 186, 0.42000, 1.52000, 0.32000, 0.28000, 
n_site, n_tet, site_k, tet_k, Tet_Sphere, Compute_RPD, GPU2CPU, Non_Dup_RPCs
2347, 4945, 82, 186, 0.32000, 1.28000, 0.35000, 0.27000, 
n_site, n_tet, site_k, tet_k, Tet_Sphere, Compute_RPD, GPU2CPU, Non_Dup_RPCs
2347, 4945, 76, 189, 0.38000, 1.26000, 0.38000, 0.28000, 
n_site, n_tet, site_k, tet_k, Tet_Sphere, Compute_RPD, GPU2CPU, Non_Dup_RPCs
2289, 4945, 90, 188, 0.30000, 1.30000, 0.32000, 0.27000, 
n_site, n_tet, site_k, tet_k, Tet_Sphere, Compute_RPD, GPU2CPU, Non_Dup_RPCs
2174, 4761, 88, 126, 0.30000, 0.94000, 0.20000, 0.12000, 
n_site, n_tet, site_k, tet_k, Tet_Sphere, Compute_RPD, GPU2CPU, Non_Dup_RPCs
2290, 4945, 90, 188, 0.39000, 1.44000, 0.32000, 0.28000, 
n_site, n_tet, site_k, tet_k, Tet_Sphere, Compute_RPD, GPU2CPU, Non_Dup_RPCs
889, 437, 104, 76, 0.02000, 0.07000, 0.01000, 0.04000, 
n_site, n_tet, site_k, tet_k, Tet_Sphere, Compute_RPD, GPU2CPU, Non_Dup_RPCs
929, 406, 105, 54, 0.02000, 0.04000, 0.01000, 0.01000, 
n_site, n_tet, site_k, tet_k, Tet_Sphere, Compute_RPD, GPU2CPU, Non_Dup_RPCs
1239, 437, 70, 76, 0.02000, 0.05000, 0.01000, 0.02000, 
n_site, n_tet, site_k, tet_k, Tet_Sphere, Compute_RPD, GPU2CPU, Non_Dup_RPCs
1139, 324, 69, 23, 0.01000, 0.01000, 0.00000, 0.01000, 
n_site, n_tet, site_k, tet_k, Tet_Sphere, Compute_RPD, GPU2CPU, Non_Dup_RPCs
684, 137, 63, 15, 0.01000, 0.00000, 0.00000, 0.00000, 
n_site, n_tet, site_k, tet_k, Tet_Sphere, Compute_RPD, GPU2CPU, Non_Dup_RPCs
314, 44, 56, 12, 0.01000, 0.00000, 0.00000, 0.00000, 
n_site, n_tet, site_k, tet_k, Tet_Sphere, Compute_RPD, GPU2CPU, Non_Dup_RPCs
619, 117, 32, 31, 0.01000, 0.00000, 0.01000, 0.00000, 
n_site, n_tet, site_k, tet_k, Tet_Sphere, Compute_RPD, GPU2CPU, Non_Dup_RPCs
1016, 196, 64, 26, 0.02000, 0.01000, 0.01000, 0.00000, 
n_site, n_tet, site_k, tet_k, Tet_Sphere, Compute_RPD, GPU2CPU, Non_Dup_RPCs
975, 164, 57, 24, 0.02000, 0.01000, 0.01000, 0.00000, 
n_site, n_tet, site_k, tet_k, Tet_Sphere, Compute_RPD, GPU2CPU, Non_Dup_RPCs
196, 37, 48, 19, 0.01000, 0.01000, 0.00000, 0.00000, 
n_site, n_tet, site_k, tet_k, Tet_Sphere, Compute_RPD, GPU2CPU, Non_Dup_RPCs
1442, 437, 71, 76, 0.15000, 0.08000, 0.02000, 0.02000, 
n_site, n_tet, site_k, tet_k, Tet_Sphere, Compute_RPD, GPU2CPU, Non_Dup_RPCs
1442, 437, 71, 76, 0.03000, 0.04000, 0.02000, 0.03000, 
n_site, n_tet, site_k, tet_k, Tet_Sphere, Compute_RPD, GPU2CPU, Non_Dup_RPCs
1442, 437, 71, 76, 0.06000, 0.06000, 0.04000, 0.01000, 
n_site, n_tet, site_k, tet_k, Tet_Sphere, Compute_RPD, GPU2CPU, Non_Dup_RPCs
1442, 437, 70, 75, 0.04000, 0.05000, 0.02000, 0.02000, 
n_site, n_tet, site_k, tet_k, Tet_Sphere, Compute_RPD, GPU2CPU, Non_Dup_RPCs
1442, 437, 70, 75, 0.06000, 0.08000, 0.04000, 0.02000, 
n_site, n_tet, site_k, tet_k, Tet_Sphere, Compute_RPD, GPU2CPU, Non_Dup_RPCs
1442, 437, 71, 75, 0.07000, 0.07000, 0.03000, 0.03000, 
n_site, n_tet, site_k, tet_k, Tet_Sphere, Compute_RPD, GPU2CPU, Non_Dup_RPCs
1442, 437, 71, 75, 0.10000, 0.09000, 0.06000, 0.03000, 
n_site, n_tet, site_k, tet_k, Tet_Sphere, Compute_RPD, GPU2CPU, Non_Dup_RPCs
1442, 437, 87, 73, 0.06000, 0.07000, 0.03000, 0.02000, 
n_site, n_tet, site_k, tet_k, Tet_Sphere, Compute_RPD, GPU2CPU, Non_Dup_RPCs
1442, 437, 152, 71, 0.12000, 0.07000, 0.03000, 0.02000, 
n_site, n_tet, site_k, tet_k, Tet_Sphere, Compute_RPD, GPU2CPU, Non_Dup_RPCs
1442, 437, 159, 73, 0.09000, 0.07000, 0.04000, 0.02000, 
n_site, n_tet, site_k, tet_k, Tet_Sphere, Compute_RPD, GPU2CPU, Non_Dup_RPCs
1442, 437, 168, 75, 0.04000, 0.04000, 0.02000, 0.02000, 
n_site, n_tet, site_k, tet_k, Tet_Sphere, Compute_RPD, GPU2CPU, Non_Dup_RPCs
1442, 437, 172, 74, 0.08000, 0.08000, 0.04000, 0.02000, 
n_site, n_tet, site_k, tet_k, Tet_Sphere, Compute_RPD, GPU2CPU, Non_Dup_RPCs
1442, 437, 178, 73, 0.06000, 0.06000, 0.01000, 0.02000, 
n_site, n_tet, site_k, tet_k, Tet_Sphere, Compute_RPD, GPU2CPU, Non_Dup_RPCs
1442, 437, 181, 70, 0.11000, 0.07000, 0.03000, 0.02000, 
n_site, n_tet, site_k, tet_k, Tet_Sphere, Compute_RPD, GPU2CPU, Non_Dup_RPCs
1442, 437, 186, 69, 0.07000, 0.06000, 0.04000, 0.01000, 
n_site, n_tet, site_k, tet_k, Tet_Sphere, Compute_RPD, GPU2CPU, Non_Dup_RPCs
1442, 437, 187, 69, 0.12000, 0.06000, 0.04000, 0.03000, 
n_site, n_tet, site_k, tet_k, Tet_Sphere, Compute_RPD, GPU2CPU, Non_Dup_RPCs
1442, 437, 188, 69, 0.08000, 0.06000, 0.03000, 0.03000, 
n_site, n_tet, site_k, tet_k, Tet_Sphere, Compute_RPD, GPU2CPU, Non_Dup_RPCs
1442, 437, 190, 67, 0.05000, 0.06000, 0.01000, 0.01000, 
n_site, n_tet, site_k, tet_k, Tet_Sphere, Compute_RPD, GPU2CPU, Non_Dup_RPCs
1442, 437, 188, 67, 0.09000, 0.06000, 0.02000, 0.02000, 
n_site, n_tet, site_k, tet_k, Tet_Sphere, Compute_RPD, GPU2CPU, Non_Dup_RPCs
1442, 437, 186, 68, 0.07000, 0.04000, 0.02000, 0.02000, 
n_site, n_tet, site_k, tet_k, Tet_Sphere, Compute_RPD, GPU2CPU, Non_Dup_RPCs
1442, 437, 187, 69, 0.13000, 0.08000, 0.01000, 0.03000, 
n_site, n_tet, site_k, tet_k, Tet_Sphere, Compute_RPD, GPU2CPU, Non_Dup_RPCs
1442, 437, 188, 68, 0.03000, 0.04000, 0.01000, 0.03000, 
n_site, n_tet, site_k, tet_k, Tet_Sphere, Compute_RPD, GPU2CPU, Non_Dup_RPCs
1442, 437, 187, 67, 0.08000, 0.06000, 0.04000, 0.02000, 
n_site, n_tet, site_k, tet_k, Tet_Sphere, Compute_RPD, GPU2CPU, Non_Dup_RPCs
1442, 437, 189, 70, 0.06000, 0.06000, 0.01000, 0.02000, 
n_site, n_tet, site_k, tet_k, Tet_Sphere, Compute_RPD, GPU2CPU, Non_Dup_RPCs
1442, 437, 191, 69, 0.06000, 0.05000, 0.01000, 0.02000, 
n_site, n_tet, site_k, tet_k, Tet_Sphere, Compute_RPD, GPU2CPU, Non_Dup_RPCs
1442, 437, 191, 68, 0.10000, 0.08000, 0.03000, 0.03000, 
n_site, n_tet, site_k, tet_k, Tet_Sphere, Compute_RPD, GPU2CPU, Non_Dup_RPCs
1442, 437, 191, 68, 0.09000, 0.05000, 0.03000, 0.03000, 
n_site, n_tet, site_k, tet_k, Tet_Sphere, Compute_RPD, GPU2CPU, Non_Dup_RPCs
1638, 437, 191, 69, 0.09000, 0.06000, 0.03000, 0.03000, 
n_site, n_tet, site_k, tet_k, Tet_Sphere, Compute_RPD, GPU2CPU, Non_Dup_RPCs
1818, 437, 191, 74, 0.22000, 0.10000, 0.02000, 0.04000, 
n_site, n_tet, site_k, tet_k, Tet_Sphere, Compute_RPD, GPU2CPU, Non_Dup_RPCs
1818, 437, 191, 74, 0.05000, 0.05000, 0.01000, 0.03000, 
n_site, n_tet, site_k, tet_k, Tet_Sphere, Compute_RPD, GPU2CPU, Non_Dup_RPCs
1818, 437, 221, 72, 0.09000, 0.06000, 0.02000, 0.03000, 
n_site, n_tet, site_k, tet_k, Tet_Sphere, Compute_RPD, GPU2CPU, Non_Dup_RPCs
1793, 437, 60, 72, 0.08000, 0.09000, 0.03000, 0.04000, 
n_site, n_tet, site_k, tet_k, Tet_Sphere, Compute_RPD, GPU2CPU, Non_Dup_RPCs
1825, 427, 73, 51, 0.06000, 0.06000, 0.03000, 0.01000, 
n_site, n_tet, site_k, tet_k, Tet_Sphere, Compute_RPD, GPU2CPU, Non_Dup_RPCs
852, 116, 53, 16, 0.00000, 0.01000, 0.01000, 0.00000, 
n_site, n_tet, site_k, tet_k, Tet_Sphere, Compute_RPD, GPU2CPU, Non_Dup_RPCs
889, 129, 74, 23, 0.01000, 0.01000, 0.01000, 0.00000, 
n_site, n_tet, site_k, tet_k, Tet_Sphere, Compute_RPD, GPU2CPU, Non_Dup_RPCs
59, 14, 40, 7, 0.01000, 0.00000, 0.01000, 0.00000, 
n_site, n_tet, site_k, tet_k, Tet_Sphere, Compute_RPD, GPU2CPU, Non_Dup_RPCs
1872, 437, 78, 72, 0.18000, 0.14000, 0.01000, 0.04000, 
n_site, n_tet, site_k, tet_k, Tet_Sphere, Compute_RPD, GPU2CPU, Non_Dup_RPCs
1872, 437, 79, 72, 0.03000, 0.05000, 0.01000, 0.04000, 
n_site, n_tet, site_k, tet_k, Tet_Sphere, Compute_RPD, GPU2CPU, Non_Dup_RPCs
1872, 437, 80, 72, 0.07000, 0.07000, 0.04000, 0.03000, 
n_site, n_tet, site_k, tet_k, Tet_Sphere, Compute_RPD, GPU2CPU, Non_Dup_RPCs
1872, 437, 81, 72, 0.12000, 0.09000, 0.03000, 0.04000, 
n_site, n_tet, site_k, tet_k, Tet_Sphere, Compute_RPD, GPU2CPU, Non_Dup_RPCs
1872, 437, 86, 72, 0.08000, 0.08000, 0.03000, 0.04000, 
n_site, n_tet, site_k, tet_k, Tet_Sphere, Compute_RPD, GPU2CPU, Non_Dup_RPCs
1872, 437, 109, 71, 0.14000, 0.08000, 0.04000, 0.03000, 
n_site, n_tet, site_k, tet_k, Tet_Sphere, Compute_RPD, GPU2CPU, Non_Dup_RPCs
1872, 437, 114, 71, 0.10000, 0.07000, 0.03000, 0.04000, 
n_site, n_tet, site_k, tet_k, Tet_Sphere, Compute_RPD, GPU2CPU, Non_Dup_RPCs
1872, 437, 117, 71, 0.09000, 0.07000, 0.03000, 0.03000, 
n_site, n_tet, site_k, tet_k, Tet_Sphere, Compute_RPD, GPU2CPU, Non_Dup_RPCs
1872, 437, 124, 71, 0.15000, 0.08000, 0.03000, 0.04000, 
n_site, n_tet, site_k, tet_k, Tet_Sphere, Compute_RPD, GPU2CPU, Non_Dup_RPCs
1872, 437, 126, 70, 0.09000, 0.07000, 0.03000, 0.03000, 
n_site, n_tet, site_k, tet_k, Tet_Sphere, Compute_RPD, GPU2CPU, Non_Dup_RPCs
1872, 437, 128, 71, 0.15000, 0.09000, 0.03000, 0.04000, 
n_site, n_tet, site_k, tet_k, Tet_Sphere, Compute_RPD, GPU2CPU, Non_Dup_RPCs
1872, 437, 129, 72, 0.08000, 0.08000, 0.03000, 0.03000, 
n_site, n_tet, site_k, tet_k, Tet_Sphere, Compute_RPD, GPU2CPU, Non_Dup_RPCs
1872, 437, 127, 71, 0.04000, 0.06000, 0.01000, 0.03000, 
n_site, n_tet, site_k, tet_k, Tet_Sphere, Compute_RPD, GPU2CPU, Non_Dup_RPCs
1872, 437, 121, 71, 0.12000, 0.09000, 0.03000, 0.03000, 
n_site, n_tet, site_k, tet_k, Tet_Sphere, Compute_RPD, GPU2CPU, Non_Dup_RPCs
1872, 437, 117, 72, 0.08000, 0.07000, 0.03000, 0.04000, 
n_site, n_tet, site_k, tet_k, Tet_Sphere, Compute_RPD, GPU2CPU, Non_Dup_RPCs
1872, 437, 118, 71, 0.05000, 0.05000, 0.02000, 0.04000, 
n_site, n_tet, site_k, tet_k, Tet_Sphere, Compute_RPD, GPU2CPU, Non_Dup_RPCs
1872, 437, 116, 71, 0.12000, 0.08000, 0.03000, 0.04000, 
n_site, n_tet, site_k, tet_k, Tet_Sphere, Compute_RPD, GPU2CPU, Non_Dup_RPCs
1872, 437, 115, 71, 0.08000, 0.07000, 0.01000, 0.04000, 
n_site, n_tet, site_k, tet_k, Tet_Sphere, Compute_RPD, GPU2CPU, Non_Dup_RPCs
1872, 437, 116, 70, 0.06000, 0.06000, 0.01000, 0.03000, 
n_site, n_tet, site_k, tet_k, Tet_Sphere, Compute_RPD, GPU2CPU, Non_Dup_RPCs
1872, 437, 116, 70, 0.11000, 0.07000, 0.03000, 0.04000, 
n_site, n_tet, site_k, tet_k, Tet_Sphere, Compute_RPD, GPU2CPU, Non_Dup_RPCs
1880, 437, 116, 71, 0.08000, 0.08000, 0.03000, 0.04000, 
n_site, n_tet, site_k, tet_k, Tet_Sphere, Compute_RPD, GPU2CPU, Non_Dup_RPCs
1996, 437, 118, 73, 0.18000, 0.09000, 0.03000, 0.04000, 
n_site, n_tet, site_k, tet_k, Tet_Sphere, Compute_RPD, GPU2CPU, Non_Dup_RPCs
1996, 437, 118, 73, 0.04000, 0.04000, 0.02000, 0.03000, 
n_site, n_tet, site_k, tet_k, Tet_Sphere, Compute_RPD, GPU2CPU, Non_Dup_RPCs
1996, 437, 63, 73, 0.06000, 0.06000, 0.01000, 0.04000, 
n_site, n_tet, site_k, tet_k, Tet_Sphere, Compute_RPD, GPU2CPU, Non_Dup_RPCs
1966, 437, 63, 71, 0.09000, 0.09000, 0.04000, 0.03000, 
n_site, n_tet, site_k, tet_k, Tet_Sphere, Compute_RPD, GPU2CPU, Non_Dup_RPCs
1933, 432, 72, 51, 0.05000, 0.05000, 0.02000, 0.02000, 
n_site, n_tet, site_k, tet_k, Tet_Sphere, Compute_RPD, GPU2CPU, Non_Dup_RPCs
437, 57, 50, 11, 0.00000, 0.01000, 0.00000, 0.00000, 
n_site, n_tet, site_k, tet_k, Tet_Sphere, Compute_RPD, GPU2CPU, Non_Dup_RPCs
544, 73, 51, 19, 0.01000, 0.02000, 0.00000, 0.00000, 
n_site, n_tet, site_k, tet_k, Tet_Sphere, Compute_RPD, GPU2CPU, Non_Dup_RPCs
2005, 437, 76, 72, 0.21000, 0.06000, 0.01000, 0.04000, 
n_site, n_tet, site_k, tet_k, Tet_Sphere, Compute_RPD, GPU2CPU, Non_Dup_RPCs
2005, 437, 76, 72, 0.11000, 0.09000, 0.02000, 0.04000, 
n_site, n_tet, site_k, tet_k, Tet_Sphere, Compute_RPD, GPU2CPU, Non_Dup_RPCs
2005, 437, 76, 72, 0.03000, 0.05000, 0.01000, 0.04000, 
n_site, n_tet, site_k, tet_k, Tet_Sphere, Compute_RPD, GPU2CPU, Non_Dup_RPCs
2005, 437, 76, 72, 0.11000, 0.09000, 0.04000, 0.03000, 
n_site, n_tet, site_k, tet_k, Tet_Sphere, Compute_RPD, GPU2CPU, Non_Dup_RPCs
2005, 437, 75, 73, 0.07000, 0.07000, 0.04000, 0.03000, 
n_site, n_tet, site_k, tet_k, Tet_Sphere, Compute_RPD, GPU2CPU, Non_Dup_RPCs
2005, 437, 75, 73, 0.14000, 0.09000, 0.03000, 0.04000, 
n_site, n_tet, site_k, tet_k, Tet_Sphere, Compute_RPD, GPU2CPU, Non_Dup_RPCs
2005, 437, 79, 72, 0.09000, 0.08000, 0.04000, 0.04000, 
n_site, n_tet, site_k, tet_k, Tet_Sphere, Compute_RPD, GPU2CPU, Non_Dup_RPCs
2005, 437, 86, 73, 0.04000, 0.04000, 0.01000, 0.04000, 
n_site, n_tet, site_k, tet_k, Tet_Sphere, Compute_RPD, GPU2CPU, Non_Dup_RPCs
2005, 437, 92, 73, 0.10000, 0.08000, 0.04000, 0.03000, 
n_site, n_tet, site_k, tet_k, Tet_Sphere, Compute_RPD, GPU2CPU, Non_Dup_RPCs
2005, 437, 108, 72, 0.10000, 0.09000, 0.03000, 0.04000, 
n_site, n_tet, site_k, tet_k, Tet_Sphere, Compute_RPD, GPU2CPU, Non_Dup_RPCs
2005, 437, 115, 72, 0.08000, 0.07000, 0.04000, 0.03000, 
n_site, n_tet, site_k, tet_k, Tet_Sphere, Compute_RPD, GPU2CPU, Non_Dup_RPCs
2005, 437, 116, 72, 0.14000, 0.08000, 0.01000, 0.03000, 
n_site, n_tet, site_k, tet_k, Tet_Sphere, Compute_RPD, GPU2CPU, Non_Dup_RPCs
2005, 437, 127, 72, 0.04000, 0.06000, 0.01000, 0.04000, 
n_site, n_tet, site_k, tet_k, Tet_Sphere, Compute_RPD, GPU2CPU, Non_Dup_RPCs
2005, 437, 140, 74, 0.14000, 0.08000, 0.01000, 0.04000, 
n_site, n_tet, site_k, tet_k, Tet_Sphere, Compute_RPD, GPU2CPU, Non_Dup_RPCs
2005, 437, 140, 74, 0.14000, 0.06000, 0.02000, 0.03000, 
n_site, n_tet, site_k, tet_k, Tet_Sphere, Compute_RPD, GPU2CPU, Non_Dup_RPCs
2008, 437, 140, 74, 0.05000, 0.04000, 0.02000, 0.03000, 
n_site, n_tet, site_k, tet_k, Tet_Sphere, Compute_RPD, GPU2CPU, Non_Dup_RPCs
2088, 437, 143, 76, 0.12000, 0.08000, 0.04000, 0.03000, 
n_site, n_tet, site_k, tet_k, Tet_Sphere, Compute_RPD, GPU2CPU, Non_Dup_RPCs
2088, 437, 143, 76, 0.07000, 0.06000, 0.01000, 0.04000, 
n_site, n_tet, site_k, tet_k, Tet_Sphere, Compute_RPD, GPU2CPU, Non_Dup_RPCs
2088, 437, 65, 76, 0.09000, 0.08000, 0.03000, 0.04000, 
n_site, n_tet, site_k, tet_k, Tet_Sphere, Compute_RPD, GPU2CPU, Non_Dup_RPCs
2070, 437, 65, 76, 0.06000, 0.06000, 0.01000, 0.04000, 
n_site, n_tet, site_k, tet_k, Tet_Sphere, Compute_RPD, GPU2CPU, Non_Dup_RPCs
1923, 411, 66, 41, 0.08000, 0.09000, 0.02000, 0.03000, 
n_site, n_tet, site_k, tet_k, Tet_Sphere, Compute_RPD, GPU2CPU, Non_Dup_RPCs
631, 84, 63, 13, 0.01000, 0.02000, 0.00000, 0.00000, 
n_site, n_tet, site_k, tet_k, Tet_Sphere, Compute_RPD, GPU2CPU, Non_Dup_RPCs
486, 72, 51, 22, 0.01000, 0.02000, 0.01000, 0.00000, 
n_site, n_tet, site_k, tet_k, Tet_Sphere, Compute_RPD, GPU2CPU, Non_Dup_RPCs
2102, 437, 66, 76, 0.22000, 0.05000, 0.01000, 0.04000, 
n_site, n_tet, site_k, tet_k, Tet_Sphere, Compute_RPD, GPU2CPU, Non_Dup_RPCs
2027, 2267, 51, 75, 0.09000, 0.21000, 0.06000, 0.12000, 
n_site, n_tet, site_k, tet_k, Tet_Sphere, Compute_RPD, GPU2CPU, Non_Dup_RPCs
503, 150, 41, 9, 0.00000, 0.00000, 0.00000, 0.00000, 
n_site, n_tet, site_k, tet_k, Tet_Sphere, Compute_RPD, GPU2CPU, Non_Dup_RPCs
1986, 1576, 37, 35, 0.04000, 0.08000, 0.03000, 0.05000, 
n_site, n_tet, site_k, tet_k, Tet_Sphere, Compute_RPD, GPU2CPU, Non_Dup_RPCs
1560, 897, 36, 26, 0.05000, 0.06000, 0.03000, 0.02000, 
n_site, n_tet, site_k, tet_k, Tet_Sphere, Compute_RPD, GPU2CPU, Non_Dup_RPCs
1162, 512, 37, 17, 0.06000, 0.03000, 0.02000, 0.01000, 
n_site, n_tet, site_k, tet_k, Tet_Sphere, Compute_RPD, GPU2CPU, Non_Dup_RPCs
275, 72, 30, 11, 0.01000, 0.01000, 0.00000, 0.00000, 
n_site, n_tet, site_k, tet_k, Tet_Sphere, Compute_RPD, GPU2CPU, Non_Dup_RPCs
166, 30, 20, 13, 0.01000, 0.01000, 0.00000, 0.00000, 
n_site, n_tet, site_k, tet_k, Tet_Sphere, Compute_RPD, GPU2CPU, Non_Dup_RPCs
144, 26, 17, 12, 0.00000, 0.02000, 0.00000, 0.00000, 
n_site, n_tet, site_k, tet_k, Tet_Sphere, Compute_RPD, GPU2CPU, Non_Dup_RPCs
114, 24, 15, 8, 0.01000, 0.00000, 0.00000, 0.00000, 
n_site, n_tet, site_k, tet_k, Tet_Sphere, Compute_RPD, GPU2CPU, Non_Dup_RPCs
2629, 2267, 41, 82, 0.25000, 0.25000, 0.07000, 0.14000, 
n_site, n_tet, site_k, tet_k, Tet_Sphere, Compute_RPD, GPU2CPU, Non_Dup_RPCs
2629, 2267, 41, 82, 0.25000, 0.21000, 0.06000, 0.12000, 
n_site, n_tet, site_k, tet_k, Tet_Sphere, Compute_RPD, GPU2CPU, Non_Dup_RPCs
2629, 2267, 41, 82, 0.33000, 0.22000, 0.06000, 0.13000, 
n_site, n_tet, site_k, tet_k, Tet_Sphere, Compute_RPD, GPU2CPU, Non_Dup_RPCs
2629, 2267, 41, 82, 0.35000, 0.21000, 0.07000, 0.14000, 
n_site, n_tet, site_k, tet_k, Tet_Sphere, Compute_RPD, GPU2CPU, Non_Dup_RPCs
2629, 2267, 41, 82, 0.31000, 0.21000, 0.09000, 0.14000, 
n_site, n_tet, site_k, tet_k, Tet_Sphere, Compute_RPD, GPU2CPU, Non_Dup_RPCs
2629, 2267, 41, 82, 0.32000, 0.21000, 0.07000, 0.11000, 
n_site, n_tet, site_k, tet_k, Tet_Sphere, Compute_RPD, GPU2CPU, Non_Dup_RPCs
2629, 2267, 41, 82, 0.27000, 0.33000, 0.18000, 0.13000, 
n_site, n_tet, site_k, tet_k, Tet_Sphere, Compute_RPD, GPU2CPU, Non_Dup_RPCs
2629, 2267, 41, 83, 0.27000, 0.21000, 0.06000, 0.12000, 
n_site, n_tet, site_k, tet_k, Tet_Sphere, Compute_RPD, GPU2CPU, Non_Dup_RPCs
2629, 2267, 39, 79, 0.24000, 0.20000, 0.06000, 0.12000, 
n_site, n_tet, site_k, tet_k, Tet_Sphere, Compute_RPD, GPU2CPU, Non_Dup_RPCs
2629, 2267, 39, 77, 0.25000, 0.20000, 0.06000, 0.12000, 
n_site, n_tet, site_k, tet_k, Tet_Sphere, Compute_RPD, GPU2CPU, Non_Dup_RPCs
2629, 2267, 38, 78, 0.28000, 0.32000, 0.18000, 0.12000, 
n_site, n_tet, site_k, tet_k, Tet_Sphere, Compute_RPD, GPU2CPU, Non_Dup_RPCs
2629, 2267, 38, 78, 0.30000, 0.19000, 0.07000, 0.12000, 
n_site, n_tet, site_k, tet_k, Tet_Sphere, Compute_RPD, GPU2CPU, Non_Dup_RPCs
2629, 2267, 38, 79, 0.31000, 0.20000, 0.06000, 0.13000, 
n_site, n_tet, site_k, tet_k, Tet_Sphere, Compute_RPD, GPU2CPU, Non_Dup_RPCs
2629, 2267, 38, 79, 0.27000, 0.32000, 0.18000, 0.11000, 
n_site, n_tet, site_k, tet_k, Tet_Sphere, Compute_RPD, GPU2CPU, Non_Dup_RPCs
2629, 2267, 38, 79, 0.30000, 0.21000, 0.06000, 0.11000, 
n_site, n_tet, site_k, tet_k, Tet_Sphere, Compute_RPD, GPU2CPU, Non_Dup_RPCs
2629, 2267, 38, 80, 0.27000, 0.31000, 0.19000, 0.12000, 
n_site, n_tet, site_k, tet_k, Tet_Sphere, Compute_RPD, GPU2CPU, Non_Dup_RPCs
2629, 2267, 41, 81, 0.30000, 0.21000, 0.06000, 0.12000, 
n_site, n_tet, site_k, tet_k, Tet_Sphere, Compute_RPD, GPU2CPU, Non_Dup_RPCs
2629, 2267, 40, 80, 0.29000, 0.31000, 0.16000, 0.12000, 
n_site, n_tet, site_k, tet_k, Tet_Sphere, Compute_RPD, GPU2CPU, Non_Dup_RPCs
2629, 2267, 41, 79, 0.32000, 0.32000, 0.15000, 0.13000, 
n_site, n_tet, site_k, tet_k, Tet_Sphere, Compute_RPD, GPU2CPU, Non_Dup_RPCs
2629, 2267, 40, 80, 0.35000, 0.19000, 0.07000, 0.12000, 
n_site, n_tet, site_k, tet_k, Tet_Sphere, Compute_RPD, GPU2CPU, Non_Dup_RPCs
2629, 2267, 41, 81, 0.30000, 0.21000, 0.06000, 0.12000, 
n_site, n_tet, site_k, tet_k, Tet_Sphere, Compute_RPD, GPU2CPU, Non_Dup_RPCs
2629, 2267, 42, 83, 0.27000, 0.33000, 0.16000, 0.13000, 
n_site, n_tet, site_k, tet_k, Tet_Sphere, Compute_RPD, GPU2CPU, Non_Dup_RPCs
2629, 2267, 43, 83, 0.27000, 0.21000, 0.07000, 0.13000, 
n_site, n_tet, site_k, tet_k, Tet_Sphere, Compute_RPD, GPU2CPU, Non_Dup_RPCs
2629, 2267, 43, 83, 0.28000, 0.32000, 0.18000, 0.12000, 
n_site, n_tet, site_k, tet_k, Tet_Sphere, Compute_RPD, GPU2CPU, Non_Dup_RPCs
2629, 2267, 46, 82, 0.27000, 0.21000, 0.08000, 0.14000, 
n_site, n_tet, site_k, tet_k, Tet_Sphere, Compute_RPD, GPU2CPU, Non_Dup_RPCs
2629, 2267, 53, 79, 0.34000, 0.30000, 0.16000, 0.12000, 
n_site, n_tet, site_k, tet_k, Tet_Sphere, Compute_RPD, GPU2CPU, Non_Dup_RPCs
2629, 2267, 52, 79, 0.34000, 0.21000, 0.07000, 0.13000, 
n_site, n_tet, site_k, tet_k, Tet_Sphere, Compute_RPD, GPU2CPU, Non_Dup_RPCs
2629, 2267, 52, 79, 0.24000, 0.21000, 0.06000, 0.11000, 
n_site, n_tet, site_k, tet_k, Tet_Sphere, Compute_RPD, GPU2CPU, Non_Dup_RPCs
2871, 2267, 52, 92, 0.31000, 0.25000, 0.07000, 0.14000, 
n_site, n_tet, site_k, tet_k, Tet_Sphere, Compute_RPD, GPU2CPU, Non_Dup_RPCs
3171, 2267, 52, 104, 0.34000, 0.29000, 0.10000, 0.15000, 
n_site, n_tet, site_k, tet_k, Tet_Sphere, Compute_RPD, GPU2CPU, Non_Dup_RPCs
3171, 2267, 52, 104, 0.29000, 0.39000, 0.16000, 0.14000, 
n_site, n_tet, site_k, tet_k, Tet_Sphere, Compute_RPD, GPU2CPU, Non_Dup_RPCs
3171, 2267, 44, 105, 0.36000, 0.27000, 0.08000, 0.14000, 
n_site, n_tet, site_k, tet_k, Tet_Sphere, Compute_RPD, GPU2CPU, Non_Dup_RPCs
3121, 2267, 44, 97, 0.38000, 0.26000, 0.08000, 0.14000, 
n_site, n_tet, site_k, tet_k, Tet_Sphere, Compute_RPD, GPU2CPU, Non_Dup_RPCs
3046, 2267, 40, 95, 0.30000, 0.41000, 0.12000, 0.14000, 
n_site, n_tet, site_k, tet_k, Tet_Sphere, Compute_RPD, GPU2CPU, Non_Dup_RPCs
147, 31, 15, 12, 0.00000, 0.01000, 0.00000, 0.00000, 
n_site, n_tet, site_k, tet_k, Tet_Sphere, Compute_RPD, GPU2CPU, Non_Dup_RPCs
136, 26, 15, 12, 0.01000, 0.00000, 0.00000, 0.00000, 
n_site, n_tet, site_k, tet_k, Tet_Sphere, Compute_RPD, GPU2CPU, Non_Dup_RPCs
3145, 2267, 44, 99, 0.34000, 0.28000, 0.08000, 0.16000, 
n_site, n_tet, site_k, tet_k, Tet_Sphere, Compute_RPD, GPU2CPU, Non_Dup_RPCs
3145, 2267, 44, 99, 0.35000, 0.26000, 0.08000, 0.14000, 
n_site, n_tet, site_k, tet_k, Tet_Sphere, Compute_RPD, GPU2CPU, Non_Dup_RPCs
3145, 2267, 44, 99, 0.29000, 0.26000, 0.08000, 0.14000, 
n_site, n_tet, site_k, tet_k, Tet_Sphere, Compute_RPD, GPU2CPU, Non_Dup_RPCs
3145, 2267, 44, 99, 0.38000, 0.25000, 0.08000, 0.15000, 
n_site, n_tet, site_k, tet_k, Tet_Sphere, Compute_RPD, GPU2CPU, Non_Dup_RPCs
3145, 2267, 44, 99, 0.34000, 0.26000, 0.08000, 0.14000, 
n_site, n_tet, site_k, tet_k, Tet_Sphere, Compute_RPD, GPU2CPU, Non_Dup_RPCs
3145, 2267, 44, 96, 0.37000, 0.25000, 0.07000, 0.13000, 
n_site, n_tet, site_k, tet_k, Tet_Sphere, Compute_RPD, GPU2CPU, Non_Dup_RPCs
3145, 2267, 44, 97, 0.31000, 0.26000, 0.07000, 0.14000, 
n_site, n_tet, site_k, tet_k, Tet_Sphere, Compute_RPD, GPU2CPU, Non_Dup_RPCs
3145, 2267, 44, 95, 0.27000, 0.26000, 0.07000, 0.14000, 
n_site, n_tet, site_k, tet_k, Tet_Sphere, Compute_RPD, GPU2CPU, Non_Dup_RPCs
3145, 2267, 43, 93, 0.39000, 0.25000, 0.08000, 0.14000, 
n_site, n_tet, site_k, tet_k, Tet_Sphere, Compute_RPD, GPU2CPU, Non_Dup_RPCs
3145, 2267, 44, 97, 0.35000, 0.26000, 0.08000, 0.17000, 
n_site, n_tet, site_k, tet_k, Tet_Sphere, Compute_RPD, GPU2CPU, Non_Dup_RPCs
3145, 2267, 42, 98, 0.29000, 0.26000, 0.08000, 0.14000, 
n_site, n_tet, site_k, tet_k, Tet_Sphere, Compute_RPD, GPU2CPU, Non_Dup_RPCs
3145, 2267, 42, 98, 0.36000, 0.25000, 0.08000, 0.14000, 
n_site, n_tet, site_k, tet_k, Tet_Sphere, Compute_RPD, GPU2CPU, Non_Dup_RPCs
3145, 2267, 42, 97, 0.33000, 0.26000, 0.08000, 0.14000, 
n_site, n_tet, site_k, tet_k, Tet_Sphere, Compute_RPD, GPU2CPU, Non_Dup_RPCs
3145, 2267, 42, 96, 0.29000, 0.24000, 0.07000, 0.14000, 
n_site, n_tet, site_k, tet_k, Tet_Sphere, Compute_RPD, GPU2CPU, Non_Dup_RPCs
3145, 2267, 42, 95, 0.29000, 0.25000, 0.08000, 0.12000, 
n_site, n_tet, site_k, tet_k, Tet_Sphere, Compute_RPD, GPU2CPU, Non_Dup_RPCs
3145, 2267, 42, 94, 0.30000, 0.25000, 0.08000, 0.14000, 
n_site, n_tet, site_k, tet_k, Tet_Sphere, Compute_RPD, GPU2CPU, Non_Dup_RPCs
3145, 2267, 42, 94, 0.35000, 0.35000, 0.15000, 0.14000, 
n_site, n_tet, site_k, tet_k, Tet_Sphere, Compute_RPD, GPU2CPU, Non_Dup_RPCs
3145, 2267, 43, 93, 0.38000, 0.25000, 0.08000, 0.13000, 
n_site, n_tet, site_k, tet_k, Tet_Sphere, Compute_RPD, GPU2CPU, Non_Dup_RPCs
3145, 2267, 43, 94, 0.31000, 0.25000, 0.08000, 0.15000, 
n_site, n_tet, site_k, tet_k, Tet_Sphere, Compute_RPD, GPU2CPU, Non_Dup_RPCs
3145, 2267, 44, 94, 0.28000, 0.25000, 0.08000, 0.13000, 
n_site, n_tet, site_k, tet_k, Tet_Sphere, Compute_RPD, GPU2CPU, Non_Dup_RPCs
3145, 2267, 44, 94, 0.29000, 0.26000, 0.07000, 0.14000, 
n_site, n_tet, site_k, tet_k, Tet_Sphere, Compute_RPD, GPU2CPU, Non_Dup_RPCs
3208, 2267, 44, 117, 0.35000, 0.33000, 0.10000, 0.16000, 
n_site, n_tet, site_k, tet_k, Tet_Sphere, Compute_RPD, GPU2CPU, Non_Dup_RPCs
3396, 2267, 47, 117, 0.30000, 0.31000, 0.09000, 0.25000, 
n_site, n_tet, site_k, tet_k, Tet_Sphere, Compute_RPD, GPU2CPU, Non_Dup_RPCs
3396, 2267, 47, 117, 0.34000, 0.30000, 0.10000, 0.22000, 
n_site, n_tet, site_k, tet_k, Tet_Sphere, Compute_RPD, GPU2CPU, Non_Dup_RPCs
3396, 2267, 47, 124, 0.30000, 0.36000, 0.09000, 0.29000, 
n_site, n_tet, site_k, tet_k, Tet_Sphere, Compute_RPD, GPU2CPU, Non_Dup_RPCs
3350, 2267, 47, 116, 0.33000, 0.30000, 0.09000, 0.22000, 
n_site, n_tet, site_k, tet_k, Tet_Sphere, Compute_RPD, GPU2CPU, Non_Dup_RPCs
2718, 2140, 43, 95, 0.23000, 0.24000, 0.07000, 0.10000, 
n_site, n_tet, site_k, tet_k, Tet_Sphere, Compute_RPD, GPU2CPU, Non_Dup_RPCs
46, 8, 14, 10, 0.00000, 0.00000, 0.01000, 0.00000, 
n_site, n_tet, site_k, tet_k, Tet_Sphere, Compute_RPD, GPU2CPU, Non_Dup_RPCs
36, 7, 14, 10, 0.00000, 0.01000, 0.00000, 0.00000, 
n_site, n_tet, site_k, tet_k, Tet_Sphere, Compute_RPD, GPU2CPU, Non_Dup_RPCs
3358, 2267, 47, 120, 0.37000, 0.37000, 0.09000, 0.25000, 
n_site, n_tet, site_k, tet_k, Tet_Sphere, Compute_RPD, GPU2CPU, Non_Dup_RPCs
3358, 2267, 47, 119, 0.38000, 0.33000, 0.10000, 0.29000, 
n_site, n_tet, site_k, tet_k, Tet_Sphere, Compute_RPD, GPU2CPU, Non_Dup_RPCs
3358, 2267, 47, 120, 0.41000, 0.31000, 0.09000, 0.26000, 
n_site, n_tet, site_k, tet_k, Tet_Sphere, Compute_RPD, GPU2CPU, Non_Dup_RPCs
3358, 2267, 47, 120, 0.27000, 0.32000, 0.08000, 0.23000, 
n_site, n_tet, site_k, tet_k, Tet_Sphere, Compute_RPD, GPU2CPU, Non_Dup_RPCs
3358, 2267, 47, 120, 0.27000, 0.32000, 0.09000, 0.26000, 
n_site, n_tet, site_k, tet_k, Tet_Sphere, Compute_RPD, GPU2CPU, Non_Dup_RPCs
3358, 2267, 46, 119, 0.33000, 0.33000, 0.09000, 0.23000, 
n_site, n_tet, site_k, tet_k, Tet_Sphere, Compute_RPD, GPU2CPU, Non_Dup_RPCs
3358, 2267, 46, 119, 0.34000, 0.31000, 0.10000, 0.24000, 
n_site, n_tet, site_k, tet_k, Tet_Sphere, Compute_RPD, GPU2CPU, Non_Dup_RPCs
3358, 2267, 47, 117, 0.33000, 0.32000, 0.09000, 0.26000, 
n_site, n_tet, site_k, tet_k, Tet_Sphere, Compute_RPD, GPU2CPU, Non_Dup_RPCs
3358, 2267, 46, 119, 0.30000, 0.34000, 0.10000, 0.29000, 
n_site, n_tet, site_k, tet_k, Tet_Sphere, Compute_RPD, GPU2CPU, Non_Dup_RPCs
3358, 2267, 46, 118, 0.38000, 0.32000, 0.11000, 0.26000, 
n_site, n_tet, site_k, tet_k, Tet_Sphere, Compute_RPD, GPU2CPU, Non_Dup_RPCs
3358, 2267, 46, 118, 0.38000, 0.34000, 0.10000, 0.30000, 
n_site, n_tet, site_k, tet_k, Tet_Sphere, Compute_RPD, GPU2CPU, Non_Dup_RPCs
3358, 2267, 47, 117, 0.37000, 0.32000, 0.09000, 0.28000, 
n_site, n_tet, site_k, tet_k, Tet_Sphere, Compute_RPD, GPU2CPU, Non_Dup_RPCs
3358, 2267, 47, 118, 0.30000, 0.34000, 0.09000, 0.29000, 
n_site, n_tet, site_k, tet_k, Tet_Sphere, Compute_RPD, GPU2CPU, Non_Dup_RPCs
3358, 2267, 47, 118, 0.27000, 0.34000, 0.10000, 0.25000, 
n_site, n_tet, site_k, tet_k, Tet_Sphere, Compute_RPD, GPU2CPU, Non_Dup_RPCs
3358, 2267, 47, 118, 0.32000, 0.35000, 0.09000, 0.28000, 
n_site, n_tet, site_k, tet_k, Tet_Sphere, Compute_RPD, GPU2CPU, Non_Dup_RPCs
3400, 2267, 47, 143, 0.39000, 0.45000, 0.11000, 0.24000, 
n_site, n_tet, site_k, tet_k, Tet_Sphere, Compute_RPD, GPU2CPU, Non_Dup_RPCs
3578, 2267, 46, 154, 0.29000, 0.53000, 0.12000, 0.28000, 
n_site, n_tet, site_k, tet_k, Tet_Sphere, Compute_RPD, GPU2CPU, Non_Dup_RPCs
3578, 2267, 46, 154, 0.36000, 0.44000, 0.13000, 0.26000, 
n_site, n_tet, site_k, tet_k, Tet_Sphere, Compute_RPD, GPU2CPU, Non_Dup_RPCs
3578, 2267, 46, 151, 0.31000, 0.47000, 0.14000, 0.30000, 
n_site, n_tet, site_k, tet_k, Tet_Sphere, Compute_RPD, GPU2CPU, Non_Dup_RPCs
3526, 2267, 46, 135, 0.30000, 0.39000, 0.10000, 0.26000, 
n_site, n_tet, site_k, tet_k, Tet_Sphere, Compute_RPD, GPU2CPU, Non_Dup_RPCs
2728, 2135, 46, 112, 0.24000, 0.47000, 0.07000, 0.14000, 
n_site, n_tet, site_k, tet_k, Tet_Sphere, Compute_RPD, GPU2CPU, Non_Dup_RPCs
3527, 2267, 46, 137, 0.38000, 0.40000, 0.11000, 0.24000, 
n_site, n_tet, site_k, tet_k, Tet_Sphere, Compute_RPD, GPU2CPU, Non_Dup_RPCs
926, 4086, 125, 35, 0.06000, 0.20000, 0.05000, 0.12000, 
n_site, n_tet, site_k, tet_k, Tet_Sphere, Compute_RPD, GPU2CPU, Non_Dup_RPCs
926, 4086, 92, 33, 0.04000, 0.18000, 0.06000, 0.10000, 
n_site, n_tet, site_k, tet_k, Tet_Sphere, Compute_RPD, GPU2CPU, Non_Dup_RPCs
1365, 4086, 92, 34, 0.07000, 0.18000, 0.05000, 0.11000, 
n_site, n_tet, site_k, tet_k, Tet_Sphere, Compute_RPD, GPU2CPU, Non_Dup_RPCs
1549, 4086, 119, 53, 0.07000, 0.29000, 0.09000, 0.22000, 
n_site, n_tet, site_k, tet_k, Tet_Sphere, Compute_RPD, GPU2CPU, Non_Dup_RPCs
969, 4086, 94, 38, 0.04000, 0.20000, 0.05000, 0.11000, 
n_site, n_tet, site_k, tet_k, Tet_Sphere, Compute_RPD, GPU2CPU, Non_Dup_RPCs
969, 4086, 96, 37, 0.20000, 0.43000, 0.06000, 0.11000, 
n_site, n_tet, site_k, tet_k, Tet_Sphere, Compute_RPD, GPU2CPU, Non_Dup_RPCs
1246, 4086, 141, 43, 0.07000, 0.33000, 0.09000, 0.21000, 
n_site, n_tet, site_k, tet_k, Tet_Sphere, Compute_RPD, GPU2CPU, Non_Dup_RPCs
1367, 4086, 91, 50, 0.14000, 0.43000, 0.13000, 0.21000, 
n_site, n_tet, site_k, tet_k, Tet_Sphere, Compute_RPD, GPU2CPU, Non_Dup_RPCs
1098, 4086, 90, 37, 0.05000, 0.20000, 0.06000, 0.17000, 
n_site, n_tet, site_k, tet_k, Tet_Sphere, Compute_RPD, GPU2CPU, Non_Dup_RPCs
1098, 4086, 119, 40, 0.24000, 0.44000, 0.06000, 0.19000, 
n_site, n_tet, site_k, tet_k, Tet_Sphere, Compute_RPD, GPU2CPU, Non_Dup_RPCs
1422, 4086, 119, 71, 0.15000, 0.54000, 0.17000, 0.25000, 
n_site, n_tet, site_k, tet_k, Tet_Sphere, Compute_RPD, GPU2CPU, Non_Dup_RPCs
1991, 4086, 100, 51, 0.21000, 0.40000, 0.08000, 0.22000, 
n_site, n_tet, site_k, tet_k, Tet_Sphere, Compute_RPD, GPU2CPU, Non_Dup_RPCs
1375, 4086, 119, 59, 0.07000, 0.38000, 0.10000, 0.20000, 
n_site, n_tet, site_k, tet_k, Tet_Sphere, Compute_RPD, GPU2CPU, Non_Dup_RPCs
1375, 4086, 84, 58, 0.22000, 0.51000, 0.10000, 0.24000, 
n_site, n_tet, site_k, tet_k, Tet_Sphere, Compute_RPD, GPU2CPU, Non_Dup_RPCs
1653, 4086, 88, 74, 0.15000, 0.48000, 0.16000, 0.24000, 
n_site, n_tet, site_k, tet_k, Tet_Sphere, Compute_RPD, GPU2CPU, Non_Dup_RPCs
2954, 4086, 98, 81, 0.30000, 0.40000, 0.13000, 0.28000, 
n_site, n_tet, site_k, tet_k, Tet_Sphere, Compute_RPD, GPU2CPU, Non_Dup_RPCs
1746, 4086, 108, 75, 0.16000, 0.57000, 0.10000, 0.24000, 
n_site, n_tet, site_k, tet_k, Tet_Sphere, Compute_RPD, GPU2CPU, Non_Dup_RPCs
1746, 4086, 143, 44, 0.23000, 0.23000, 0.07000, 0.22000, 
n_site, n_tet, site_k, tet_k, Tet_Sphere, Compute_RPD, GPU2CPU, Non_Dup_RPCs
1995, 4086, 145, 46, 0.19000, 0.45000, 0.12000, 0.24000, 
n_site, n_tet, site_k, tet_k, Tet_Sphere, Compute_RPD, GPU2CPU, Non_Dup_RPCs
3774, 4086, 97, 80, 0.36000, 0.46000, 0.15000, 0.27000, 
n_site, n_tet, site_k, tet_k, Tet_Sphere, Compute_RPD, GPU2CPU, Non_Dup_RPCs
2026, 4086, 72, 73, 0.21000, 0.55000, 0.18000, 0.25000, 
n_site, n_tet, site_k, tet_k, Tet_Sphere, Compute_RPD, GPU2CPU, Non_Dup_RPCs
1300, 4086, 79, 52, 0.18000, 0.46000, 0.12000, 0.20000, 
n_site, n_tet, site_k, tet_k, Tet_Sphere, Compute_RPD, GPU2CPU, Non_Dup_RPCs
1300, 4086, 79, 52, 0.22000, 0.47000, 0.11000, 0.20000, 
n_site, n_tet, site_k, tet_k, Tet_Sphere, Compute_RPD, GPU2CPU, Non_Dup_RPCs
899, 2111, 36, 46, 0.03000, 0.14000, 0.04000, 0.06000, 
n_site, n_tet, site_k, tet_k, Tet_Sphere, Compute_RPD, GPU2CPU, Non_Dup_RPCs
497, 550, 36, 9, 0.00000, 0.01000, 0.00000, 0.01000, 
n_site, n_tet, site_k, tet_k, Tet_Sphere, Compute_RPD, GPU2CPU, Non_Dup_RPCs
1178, 1928, 45, 25, 0.03000, 0.06000, 0.01000, 0.03000, 
n_site, n_tet, site_k, tet_k, Tet_Sphere, Compute_RPD, GPU2CPU, Non_Dup_RPCs
944, 994, 48, 19, 0.02000, 0.02000, 0.01000, 0.01000, 
n_site, n_tet, site_k, tet_k, Tet_Sphere, Compute_RPD, GPU2CPU, Non_Dup_RPCs
577, 503, 50, 13, 0.01000, 0.00000, 0.00000, 0.01000, 
n_site, n_tet, site_k, tet_k, Tet_Sphere, Compute_RPD, GPU2CPU, Non_Dup_RPCs
185, 78, 51, 6, 0.00000, 0.00000, 0.00000, 0.00000, 
n_site, n_tet, site_k, tet_k, Tet_Sphere, Compute_RPD, GPU2CPU, Non_Dup_RPCs
489, 912, 31, 13, 0.02000, 0.04000, 0.03000, 0.01000, 
n_site, n_tet, site_k, tet_k, Tet_Sphere, Compute_RPD, GPU2CPU, Non_Dup_RPCs
80, 24, 18, 11, 0.01000, 0.01000, 0.00000, 0.00000, 
n_site, n_tet, site_k, tet_k, Tet_Sphere, Compute_RPD, GPU2CPU, Non_Dup_RPCs
63, 21, 12, 9, 0.01000, 0.00000, 0.01000, 0.00000, 
n_site, n_tet, site_k, tet_k, Tet_Sphere, Compute_RPD, GPU2CPU, Non_Dup_RPCs
1327, 2111, 41, 55, 0.18000, 0.26000, 0.14000, 0.05000, 
n_site, n_tet, site_k, tet_k, Tet_Sphere, Compute_RPD, GPU2CPU, Non_Dup_RPCs
1327, 2111, 41, 55, 0.04000, 0.19000, 0.12000, 0.06000, 
n_site, n_tet, site_k, tet_k, Tet_Sphere, Compute_RPD, GPU2CPU, Non_Dup_RPCs
1327, 2111, 41, 55, 0.06000, 0.15000, 0.04000, 0.05000, 
n_site, n_tet, site_k, tet_k, Tet_Sphere, Compute_RPD, GPU2CPU, Non_Dup_RPCs
1327, 2111, 41, 55, 0.05000, 0.15000, 0.04000, 0.05000, 
n_site, n_tet, site_k, tet_k, Tet_Sphere, Compute_RPD, GPU2CPU, Non_Dup_RPCs
1327, 2111, 41, 55, 0.07000, 0.19000, 0.09000, 0.05000, 
n_site, n_tet, site_k, tet_k, Tet_Sphere, Compute_RPD, GPU2CPU, Non_Dup_RPCs
1327, 2111, 41, 55, 0.06000, 0.16000, 0.04000, 0.04000, 
n_site, n_tet, site_k, tet_k, Tet_Sphere, Compute_RPD, GPU2CPU, Non_Dup_RPCs
1327, 2111, 41, 56, 0.05000, 0.15000, 0.04000, 0.04000, 
n_site, n_tet, site_k, tet_k, Tet_Sphere, Compute_RPD, GPU2CPU, Non_Dup_RPCs
1327, 2111, 39, 56, 0.05000, 0.15000, 0.04000, 0.05000, 
n_site, n_tet, site_k, tet_k, Tet_Sphere, Compute_RPD, GPU2CPU, Non_Dup_RPCs
1327, 2111, 41, 56, 0.05000, 0.14000, 0.05000, 0.05000, 
n_site, n_tet, site_k, tet_k, Tet_Sphere, Compute_RPD, GPU2CPU, Non_Dup_RPCs
1327, 2111, 46, 54, 0.08000, 0.17000, 0.12000, 0.06000, 
n_site, n_tet, site_k, tet_k, Tet_Sphere, Compute_RPD, GPU2CPU, Non_Dup_RPCs
1327, 2111, 50, 56, 0.04000, 0.14000, 0.04000, 0.05000, 
n_site, n_tet, site_k, tet_k, Tet_Sphere, Compute_RPD, GPU2CPU, Non_Dup_RPCs
1327, 2111, 55, 54, 0.06000, 0.16000, 0.04000, 0.06000, 
n_site, n_tet, site_k, tet_k, Tet_Sphere, Compute_RPD, GPU2CPU, Non_Dup_RPCs
1327, 2111, 57, 56, 0.11000, 0.19000, 0.13000, 0.05000, 
n_site, n_tet, site_k, tet_k, Tet_Sphere, Compute_RPD, GPU2CPU, Non_Dup_RPCs
1327, 2111, 60, 57, 0.07000, 0.16000, 0.05000, 0.05000, 
n_site, n_tet, site_k, tet_k, Tet_Sphere, Compute_RPD, GPU2CPU, Non_Dup_RPCs
1327, 2111, 64, 54, 0.06000, 0.15000, 0.04000, 0.05000, 
n_site, n_tet, site_k, tet_k, Tet_Sphere, Compute_RPD, GPU2CPU, Non_Dup_RPCs
1327, 2111, 64, 54, 0.11000, 0.20000, 0.12000, 0.05000, 
n_site, n_tet, site_k, tet_k, Tet_Sphere, Compute_RPD, GPU2CPU, Non_Dup_RPCs
1327, 2111, 64, 52, 0.07000, 0.15000, 0.04000, 0.05000, 
n_site, n_tet, site_k, tet_k, Tet_Sphere, Compute_RPD, GPU2CPU, Non_Dup_RPCs
1327, 2111, 65, 52, 0.06000, 0.14000, 0.04000, 0.05000, 
n_site, n_tet, site_k, tet_k, Tet_Sphere, Compute_RPD, GPU2CPU, Non_Dup_RPCs
1327, 2111, 65, 52, 0.07000, 0.14000, 0.04000, 0.05000, 
n_site, n_tet, site_k, tet_k, Tet_Sphere, Compute_RPD, GPU2CPU, Non_Dup_RPCs
1327, 2111, 66, 53, 0.10000, 0.19000, 0.07000, 0.05000, 
n_site, n_tet, site_k, tet_k, Tet_Sphere, Compute_RPD, GPU2CPU, Non_Dup_RPCs
1327, 2111, 66, 53, 0.07000, 0.17000, 0.04000, 0.05000, 
n_site, n_tet, site_k, tet_k, Tet_Sphere, Compute_RPD, GPU2CPU, Non_Dup_RPCs
1327, 2111, 67, 54, 0.07000, 0.15000, 0.04000, 0.05000, 
n_site, n_tet, site_k, tet_k, Tet_Sphere, Compute_RPD, GPU2CPU, Non_Dup_RPCs
1327, 2111, 66, 52, 0.06000, 0.14000, 0.04000, 0.05000, 
n_site, n_tet, site_k, tet_k, Tet_Sphere, Compute_RPD, GPU2CPU, Non_Dup_RPCs
1327, 2111, 66, 51, 0.06000, 0.14000, 0.04000, 0.05000, 
n_site, n_tet, site_k, tet_k, Tet_Sphere, Compute_RPD, GPU2CPU, Non_Dup_RPCs
1327, 2111, 66, 51, 0.08000, 0.17000, 0.11000, 0.05000, 
n_site, n_tet, site_k, tet_k, Tet_Sphere, Compute_RPD, GPU2CPU, Non_Dup_RPCs
1327, 2111, 66, 51, 0.06000, 0.13000, 0.04000, 0.06000, 
n_site, n_tet, site_k, tet_k, Tet_Sphere, Compute_RPD, GPU2CPU, Non_Dup_RPCs
1476, 2111, 70, 55, 0.10000, 0.20000, 0.08000, 0.05000, 
n_site, n_tet, site_k, tet_k, Tet_Sphere, Compute_RPD, GPU2CPU, Non_Dup_RPCs
1645, 2111, 49, 69, 0.20000, 0.16000, 0.05000, 0.08000, 
n_site, n_tet, site_k, tet_k, Tet_Sphere, Compute_RPD, GPU2CPU, Non_Dup_RPCs
1645, 2111, 49, 69, 0.06000, 0.20000, 0.06000, 0.08000, 
n_site, n_tet, site_k, tet_k, Tet_Sphere, Compute_RPD, GPU2CPU, Non_Dup_RPCs
1645, 2111, 62, 68, 0.06000, 0.17000, 0.05000, 0.08000, 
n_site, n_tet, site_k, tet_k, Tet_Sphere, Compute_RPD, GPU2CPU, Non_Dup_RPCs
1623, 2111, 62, 68, 0.06000, 0.24000, 0.14000, 0.08000, 
n_site, n_tet, site_k, tet_k, Tet_Sphere, Compute_RPD, GPU2CPU, Non_Dup_RPCs
1620, 2108, 58, 66, 0.12000, 0.32000, 0.10000, 0.06000, 
n_site, n_tet, site_k, tet_k, Tet_Sphere, Compute_RPD, GPU2CPU, Non_Dup_RPCs
25, 14, 13, 8, 0.00000, 0.00000, 0.00000, 0.00000, 
n_site, n_tet, site_k, tet_k, Tet_Sphere, Compute_RPD, GPU2CPU, Non_Dup_RPCs
17, 7, 12, 9, 0.00000, 0.00000, 0.00000, 0.00000, 
n_site, n_tet, site_k, tet_k, Tet_Sphere, Compute_RPD, GPU2CPU, Non_Dup_RPCs
1631, 2111, 60, 66, 0.22000, 0.30000, 0.05000, 0.08000, 
n_site, n_tet, site_k, tet_k, Tet_Sphere, Compute_RPD, GPU2CPU, Non_Dup_RPCs
1631, 2111, 60, 66, 0.13000, 0.24000, 0.13000, 0.09000, 
n_site, n_tet, site_k, tet_k, Tet_Sphere, Compute_RPD, GPU2CPU, Non_Dup_RPCs
1631, 2111, 60, 66, 0.13000, 0.24000, 0.14000, 0.08000, 
n_site, n_tet, site_k, tet_k, Tet_Sphere, Compute_RPD, GPU2CPU, Non_Dup_RPCs
1631, 2111, 60, 66, 0.13000, 0.22000, 0.15000, 0.08000, 
n_site, n_tet, site_k, tet_k, Tet_Sphere, Compute_RPD, GPU2CPU, Non_Dup_RPCs
1631, 2111, 60, 66, 0.07000, 0.20000, 0.14000, 0.09000, 
n_site, n_tet, site_k, tet_k, Tet_Sphere, Compute_RPD, GPU2CPU, Non_Dup_RPCs
1631, 2111, 60, 66, 0.05000, 0.22000, 0.14000, 0.08000, 
n_site, n_tet, site_k, tet_k, Tet_Sphere, Compute_RPD, GPU2CPU, Non_Dup_RPCs
1631, 2111, 59, 65, 0.14000, 0.22000, 0.09000, 0.09000, 
n_site, n_tet, site_k, tet_k, Tet_Sphere, Compute_RPD, GPU2CPU, Non_Dup_RPCs
1631, 2111, 59, 65, 0.18000, 0.23000, 0.15000, 0.08000, 
n_site, n_tet, site_k, tet_k, Tet_Sphere, Compute_RPD, GPU2CPU, Non_Dup_RPCs
1631, 2111, 59, 66, 0.11000, 0.24000, 0.11000, 0.08000, 
n_site, n_tet, site_k, tet_k, Tet_Sphere, Compute_RPD, GPU2CPU, Non_Dup_RPCs
1631, 2111, 59, 66, 0.12000, 0.21000, 0.11000, 0.08000, 
n_site, n_tet, site_k, tet_k, Tet_Sphere, Compute_RPD, GPU2CPU, Non_Dup_RPCs
1631, 2111, 59, 65, 0.15000, 0.28000, 0.10000, 0.08000, 
n_site, n_tet, site_k, tet_k, Tet_Sphere, Compute_RPD, GPU2CPU, Non_Dup_RPCs
1631, 2111, 59, 65, 0.13000, 0.20000, 0.15000, 0.08000, 
n_site, n_tet, site_k, tet_k, Tet_Sphere, Compute_RPD, GPU2CPU, Non_Dup_RPCs
1631, 2111, 59, 65, 0.07000, 0.20000, 0.15000, 0.08000, 
n_site, n_tet, site_k, tet_k, Tet_Sphere, Compute_RPD, GPU2CPU, Non_Dup_RPCs
1631, 2111, 59, 65, 0.06000, 0.19000, 0.14000, 0.09000, 
n_site, n_tet, site_k, tet_k, Tet_Sphere, Compute_RPD, GPU2CPU, Non_Dup_RPCs
1631, 2111, 59, 67, 0.06000, 0.19000, 0.06000, 0.08000, 
n_site, n_tet, site_k, tet_k, Tet_Sphere, Compute_RPD, GPU2CPU, Non_Dup_RPCs
1631, 2111, 59, 65, 0.13000, 0.23000, 0.14000, 0.08000, 
n_site, n_tet, site_k, tet_k, Tet_Sphere, Compute_RPD, GPU2CPU, Non_Dup_RPCs
1631, 2111, 59, 64, 0.06000, 0.19000, 0.04000, 0.08000, 
n_site, n_tet, site_k, tet_k, Tet_Sphere, Compute_RPD, GPU2CPU, Non_Dup_RPCs
1631, 2111, 59, 64, 0.12000, 0.22000, 0.08000, 0.07000, 
n_site, n_tet, site_k, tet_k, Tet_Sphere, Compute_RPD, GPU2CPU, Non_Dup_RPCs
1631, 2111, 59, 63, 0.17000, 0.23000, 0.14000, 0.08000, 
n_site, n_tet, site_k, tet_k, Tet_Sphere, Compute_RPD, GPU2CPU, Non_Dup_RPCs
1631, 2111, 59, 63, 0.07000, 0.20000, 0.06000, 0.08000, 
n_site, n_tet, site_k, tet_k, Tet_Sphere, Compute_RPD, GPU2CPU, Non_Dup_RPCs
1641, 2111, 59, 63, 0.19000, 0.27000, 0.11000, 0.08000, 
n_site, n_tet, site_k, tet_k, Tet_Sphere, Compute_RPD, GPU2CPU, Non_Dup_RPCs
1714, 2111, 59, 66, 0.16000, 0.24000, 0.14000, 0.08000, 
n_site, n_tet, site_k, tet_k, Tet_Sphere, Compute_RPD, GPU2CPU, Non_Dup_RPCs
1714, 2111, 59, 66, 0.06000, 0.17000, 0.05000, 0.08000, 
n_site, n_tet, site_k, tet_k, Tet_Sphere, Compute_RPD, GPU2CPU, Non_Dup_RPCs
1714, 2111, 62, 68, 0.07000, 0.17000, 0.05000, 0.09000, 
n_site, n_tet, site_k, tet_k, Tet_Sphere, Compute_RPD, GPU2CPU, Non_Dup_RPCs
1702, 2111, 62, 68, 0.14000, 0.22000, 0.15000, 0.09000, 
n_site, n_tet, site_k, tet_k, Tet_Sphere, Compute_RPD, GPU2CPU, Non_Dup_RPCs
1702, 2111, 62, 67, 0.23000, 0.29000, 0.15000, 0.09000, 
n_site, n_tet, site_k, tet_k, Tet_Sphere, Compute_RPD, GPU2CPU, Non_Dup_RPCs
1702, 2111, 62, 67, 0.14000, 0.27000, 0.11000, 0.08000, 
n_site, n_tet, site_k, tet_k, Tet_Sphere, Compute_RPD, GPU2CPU, Non_Dup_RPCs
1702, 2111, 62, 67, 0.13000, 0.25000, 0.11000, 0.09000, 
n_site, n_tet, site_k, tet_k, Tet_Sphere, Compute_RPD, GPU2CPU, Non_Dup_RPCs
1702, 2111, 62, 67, 0.14000, 0.23000, 0.10000, 0.09000, 
n_site, n_tet, site_k, tet_k, Tet_Sphere, Compute_RPD, GPU2CPU, Non_Dup_RPCs
1702, 2111, 62, 63, 0.19000, 0.24000, 0.14000, 0.09000, 
n_site, n_tet, site_k, tet_k, Tet_Sphere, Compute_RPD, GPU2CPU, Non_Dup_RPCs
1702, 2111, 62, 64, 0.19000, 0.15000, 0.05000, 0.08000, 
n_site, n_tet, site_k, tet_k, Tet_Sphere, Compute_RPD, GPU2CPU, Non_Dup_RPCs
1702, 2111, 63, 63, 0.13000, 0.24000, 0.12000, 0.08000, 
n_site, n_tet, site_k, tet_k, Tet_Sphere, Compute_RPD, GPU2CPU, Non_Dup_RPCs
1702, 2111, 63, 64, 0.14000, 0.22000, 0.11000, 0.09000, 
n_site, n_tet, site_k, tet_k, Tet_Sphere, Compute_RPD, GPU2CPU, Non_Dup_RPCs
1702, 2111, 63, 64, 0.14000, 0.21000, 0.11000, 0.08000, 
n_site, n_tet, site_k, tet_k, Tet_Sphere, Compute_RPD, GPU2CPU, Non_Dup_RPCs
1702, 2111, 63, 63, 0.19000, 0.25000, 0.14000, 0.09000, 
n_site, n_tet, site_k, tet_k, Tet_Sphere, Compute_RPD, GPU2CPU, Non_Dup_RPCs
1702, 2111, 63, 64, 0.17000, 0.25000, 0.13000, 0.08000, 
n_site, n_tet, site_k, tet_k, Tet_Sphere, Compute_RPD, GPU2CPU, Non_Dup_RPCs
1702, 2111, 63, 64, 0.15000, 0.23000, 0.10000, 0.09000, 
n_site, n_tet, site_k, tet_k, Tet_Sphere, Compute_RPD, GPU2CPU, Non_Dup_RPCs
1702, 2111, 63, 64, 0.20000, 0.25000, 0.15000, 0.08000, 
n_site, n_tet, site_k, tet_k, Tet_Sphere, Compute_RPD, GPU2CPU, Non_Dup_RPCs
1702, 2111, 63, 64, 0.13000, 0.21000, 0.14000, 0.08000, 
n_site, n_tet, site_k, tet_k, Tet_Sphere, Compute_RPD, GPU2CPU, Non_Dup_RPCs
1708, 2111, 63, 66, 0.19000, 0.31000, 0.06000, 0.08000, 
n_site, n_tet, site_k, tet_k, Tet_Sphere, Compute_RPD, GPU2CPU, Non_Dup_RPCs
1783, 2111, 63, 68, 0.16000, 0.26000, 0.09000, 0.09000, 
n_site, n_tet, site_k, tet_k, Tet_Sphere, Compute_RPD, GPU2CPU, Non_Dup_RPCs
1783, 2111, 63, 68, 0.09000, 0.21000, 0.16000, 0.09000, 
n_site, n_tet, site_k, tet_k, Tet_Sphere, Compute_RPD, GPU2CPU, Non_Dup_RPCs
1783, 2111, 63, 71, 0.07000, 0.20000, 0.06000, 0.09000, 
n_site, n_tet, site_k, tet_k, Tet_Sphere, Compute_RPD, GPU2CPU, Non_Dup_RPCs
1759, 2111, 63, 71, 0.16000, 0.25000, 0.15000, 0.09000, 
n_site, n_tet, site_k, tet_k, Tet_Sphere, Compute_RPD, GPU2CPU, Non_Dup_RPCs
1545, 2029, 56, 48, 0.10000, 0.21000, 0.08000, 0.05000, 
n_site, n_tet, site_k, tet_k, Tet_Sphere, Compute_RPD, GPU2CPU, Non_Dup_RPCs
1762, 2111, 63, 71, 0.18000, 0.27000, 0.16000, 0.10000, 
n_site, n_tet, site_k, tet_k, Tet_Sphere, Compute_RPD, GPU2CPU, Non_Dup_RPCs
1045, 2187, 48, 54, 0.05000, 0.17000, 0.04000, 0.06000, 
n_site, n_tet, site_k, tet_k, Tet_Sphere, Compute_RPD, GPU2CPU, Non_Dup_RPCs
608, 803, 37, 12, 0.01000, 0.01000, 0.01000, 0.00000, 
n_site, n_tet, site_k, tet_k, Tet_Sphere, Compute_RPD, GPU2CPU, Non_Dup_RPCs
1275, 2045, 60, 36, 0.04000, 0.09000, 0.03000, 0.04000, 
n_site, n_tet, site_k, tet_k, Tet_Sphere, Compute_RPD, GPU2CPU, Non_Dup_RPCs
1003, 827, 62, 22, 0.02000, 0.03000, 0.01000, 0.00000, 
n_site, n_tet, site_k, tet_k, Tet_Sphere, Compute_RPD, GPU2CPU, Non_Dup_RPCs
684, 457, 65, 14, 0.02000, 0.00000, 0.00000, 0.00000, 
n_site, n_tet, site_k, tet_k, Tet_Sphere, Compute_RPD, GPU2CPU, Non_Dup_RPCs
345, 200, 30, 9, 0.00000, 0.00000, 0.01000, 0.00000, 
n_site, n_tet, site_k, tet_k, Tet_Sphere, Compute_RPD, GPU2CPU, Non_Dup_RPCs
545, 863, 38, 18, 0.03000, 0.07000, 0.03000, 0.02000, 
n_site, n_tet, site_k, tet_k, Tet_Sphere, Compute_RPD, GPU2CPU, Non_Dup_RPCs
164, 147, 26, 11, 0.01000, 0.01000, 0.00000, 0.01000, 
n_site, n_tet, site_k, tet_k, Tet_Sphere, Compute_RPD, GPU2CPU, Non_Dup_RPCs
182, 102, 30, 8, 0.01000, 0.01000, 0.00000, 0.01000, 
n_site, n_tet, site_k, tet_k, Tet_Sphere, Compute_RPD, GPU2CPU, Non_Dup_RPCs
160, 289, 31, 12, 0.01000, 0.02000, 0.01000, 0.00000, 
n_site, n_tet, site_k, tet_k, Tet_Sphere, Compute_RPD, GPU2CPU, Non_Dup_RPCs
105, 249, 26, 12, 0.00000, 0.02000, 0.01000, 0.00000, 
n_site, n_tet, site_k, tet_k, Tet_Sphere, Compute_RPD, GPU2CPU, Non_Dup_RPCs
121, 232, 25, 16, 0.00000, 0.02000, 0.01000, 0.01000, 
n_site, n_tet, site_k, tet_k, Tet_Sphere, Compute_RPD, GPU2CPU, Non_Dup_RPCs
201, 380, 31, 22, 0.00000, 0.04000, 0.02000, 0.00000, 
n_site, n_tet, site_k, tet_k, Tet_Sphere, Compute_RPD, GPU2CPU, Non_Dup_RPCs
1507, 2187, 38, 65, 0.20000, 0.20000, 0.06000, 0.15000, 
n_site, n_tet, site_k, tet_k, Tet_Sphere, Compute_RPD, GPU2CPU, Non_Dup_RPCs
1507, 2187, 40, 66, 0.11000, 0.24000, 0.16000, 0.10000, 
n_site, n_tet, site_k, tet_k, Tet_Sphere, Compute_RPD, GPU2CPU, Non_Dup_RPCs
1507, 2187, 40, 66, 0.06000, 0.22000, 0.07000, 0.11000, 
n_site, n_tet, site_k, tet_k, Tet_Sphere, Compute_RPD, GPU2CPU, Non_Dup_RPCs
1507, 2187, 40, 66, 0.07000, 0.23000, 0.15000, 0.10000, 
n_site, n_tet, site_k, tet_k, Tet_Sphere, Compute_RPD, GPU2CPU, Non_Dup_RPCs
1507, 2187, 40, 66, 0.05000, 0.20000, 0.07000, 0.10000, 
n_site, n_tet, site_k, tet_k, Tet_Sphere, Compute_RPD, GPU2CPU, Non_Dup_RPCs
1507, 2187, 40, 67, 0.06000, 0.22000, 0.16000, 0.12000, 
n_site, n_tet, site_k, tet_k, Tet_Sphere, Compute_RPD, GPU2CPU, Non_Dup_RPCs
1507, 2187, 38, 67, 0.04000, 0.22000, 0.07000, 0.11000, 
n_site, n_tet, site_k, tet_k, Tet_Sphere, Compute_RPD, GPU2CPU, Non_Dup_RPCs
1507, 2187, 38, 69, 0.06000, 0.25000, 0.14000, 0.11000, 
n_site, n_tet, site_k, tet_k, Tet_Sphere, Compute_RPD, GPU2CPU, Non_Dup_RPCs
1507, 2187, 40, 68, 0.05000, 0.22000, 0.16000, 0.10000, 
n_site, n_tet, site_k, tet_k, Tet_Sphere, Compute_RPD, GPU2CPU, Non_Dup_RPCs
1507, 2187, 40, 69, 0.05000, 0.22000, 0.08000, 0.10000, 
n_site, n_tet, site_k, tet_k, Tet_Sphere, Compute_RPD, GPU2CPU, Non_Dup_RPCs
1507, 2187, 43, 70, 0.05000, 0.22000, 0.16000, 0.10000, 
n_site, n_tet, site_k, tet_k, Tet_Sphere, Compute_RPD, GPU2CPU, Non_Dup_RPCs
1507, 2187, 45, 71, 0.06000, 0.21000, 0.09000, 0.11000, 
n_site, n_tet, site_k, tet_k, Tet_Sphere, Compute_RPD, GPU2CPU, Non_Dup_RPCs
1507, 2187, 45, 72, 0.06000, 0.22000, 0.17000, 0.11000, 
n_site, n_tet, site_k, tet_k, Tet_Sphere, Compute_RPD, GPU2CPU, Non_Dup_RPCs
1507, 2187, 45, 72, 0.05000, 0.21000, 0.07000, 0.11000, 
n_site, n_tet, site_k, tet_k, Tet_Sphere, Compute_RPD, GPU2CPU, Non_Dup_RPCs
1507, 2187, 49, 73, 0.08000, 0.30000, 0.09000, 0.11000, 
n_site, n_tet, site_k, tet_k, Tet_Sphere, Compute_RPD, GPU2CPU, Non_Dup_RPCs
1507, 2187, 52, 73, 0.10000, 0.26000, 0.11000, 0.12000, 
n_site, n_tet, site_k, tet_k, Tet_Sphere, Compute_RPD, GPU2CPU, Non_Dup_RPCs
1507, 2187, 52, 72, 0.11000, 0.24000, 0.11000, 0.12000, 
n_site, n_tet, site_k, tet_k, Tet_Sphere, Compute_RPD, GPU2CPU, Non_Dup_RPCs
1507, 2187, 52, 72, 0.16000, 0.25000, 0.16000, 0.12000, 
n_site, n_tet, site_k, tet_k, Tet_Sphere, Compute_RPD, GPU2CPU, Non_Dup_RPCs
1507, 2187, 52, 70, 0.05000, 0.21000, 0.16000, 0.10000, 
n_site, n_tet, site_k, tet_k, Tet_Sphere, Compute_RPD, GPU2CPU, Non_Dup_RPCs
1507, 2187, 54, 70, 0.05000, 0.21000, 0.06000, 0.10000, 
n_site, n_tet, site_k, tet_k, Tet_Sphere, Compute_RPD, GPU2CPU, Non_Dup_RPCs
1507, 2187, 56, 71, 0.12000, 0.25000, 0.16000, 0.12000, 
n_site, n_tet, site_k, tet_k, Tet_Sphere, Compute_RPD, GPU2CPU, Non_Dup_RPCs
1507, 2187, 56, 71, 0.04000, 0.21000, 0.05000, 0.11000, 
n_site, n_tet, site_k, tet_k, Tet_Sphere, Compute_RPD, GPU2CPU, Non_Dup_RPCs
1507, 2187, 56, 70, 0.08000, 0.24000, 0.15000, 0.10000, 
n_site, n_tet, site_k, tet_k, Tet_Sphere, Compute_RPD, GPU2CPU, Non_Dup_RPCs
1507, 2187, 57, 70, 0.05000, 0.21000, 0.06000, 0.09000, 
n_site, n_tet, site_k, tet_k, Tet_Sphere, Compute_RPD, GPU2CPU, Non_Dup_RPCs
1507, 2187, 56, 70, 0.07000, 0.22000, 0.16000, 0.11000, 
n_site, n_tet, site_k, tet_k, Tet_Sphere, Compute_RPD, GPU2CPU, Non_Dup_RPCs
1507, 2187, 56, 70, 0.05000, 0.21000, 0.05000, 0.10000, 
n_site, n_tet, site_k, tet_k, Tet_Sphere, Compute_RPD, GPU2CPU, Non_Dup_RPCs
1507, 2187, 56, 70, 0.08000, 0.28000, 0.11000, 0.10000, 
n_site, n_tet, site_k, tet_k, Tet_Sphere, Compute_RPD, GPU2CPU, Non_Dup_RPCs
1706, 2187, 56, 77, 0.14000, 0.30000, 0.11000, 0.13000, 
n_site, n_tet, site_k, tet_k, Tet_Sphere, Compute_RPD, GPU2CPU, Non_Dup_RPCs
1887, 2187, 43, 89, 0.21000, 0.24000, 0.07000, 0.13000, 
n_site, n_tet, site_k, tet_k, Tet_Sphere, Compute_RPD, GPU2CPU, Non_Dup_RPCs
1887, 2187, 43, 89, 0.07000, 0.31000, 0.07000, 0.15000, 
n_site, n_tet, site_k, tet_k, Tet_Sphere, Compute_RPD, GPU2CPU, Non_Dup_RPCs
1887, 2187, 43, 92, 0.17000, 0.35000, 0.13000, 0.16000, 
n_site, n_tet, site_k, tet_k, Tet_Sphere, Compute_RPD, GPU2CPU, Non_Dup_RPCs
1857, 2187, 43, 86, 0.19000, 0.49000, 0.07000, 0.17000, 
n_site, n_tet, site_k, tet_k, Tet_Sphere, Compute_RPD, GPU2CPU, Non_Dup_RPCs
1840, 2156, 42, 86, 0.13000, 0.32000, 0.16000, 0.13000, 
n_site, n_tet, site_k, tet_k, Tet_Sphere, Compute_RPD, GPU2CPU, Non_Dup_RPCs
67, 32, 18, 12, 0.00000, 0.00000, 0.00000, 0.00000, 
n_site, n_tet, site_k, tet_k, Tet_Sphere, Compute_RPD, GPU2CPU, Non_Dup_RPCs
50, 19, 15, 10, 0.00000, 0.01000, 0.00000, 0.00000, 
n_site, n_tet, site_k, tet_k, Tet_Sphere, Compute_RPD, GPU2CPU, Non_Dup_RPCs
1866, 2187, 44, 86, 0.26000, 0.44000, 0.07000, 0.18000, 
n_site, n_tet, site_k, tet_k, Tet_Sphere, Compute_RPD, GPU2CPU, Non_Dup_RPCs
1866, 2187, 44, 86, 0.17000, 0.33000, 0.13000, 0.16000, 
n_site, n_tet, site_k, tet_k, Tet_Sphere, Compute_RPD, GPU2CPU, Non_Dup_RPCs
1866, 2187, 44, 86, 0.17000, 0.30000, 0.16000, 0.14000, 
n_site, n_tet, site_k, tet_k, Tet_Sphere, Compute_RPD, GPU2CPU, Non_Dup_RPCs
1866, 2187, 44, 86, 0.17000, 0.37000, 0.14000, 0.18000, 
n_site, n_tet, site_k, tet_k, Tet_Sphere, Compute_RPD, GPU2CPU, Non_Dup_RPCs
1866, 2187, 44, 86, 0.15000, 0.33000, 0.18000, 0.18000, 
n_site, n_tet, site_k, tet_k, Tet_Sphere, Compute_RPD, GPU2CPU, Non_Dup_RPCs
1866, 2187, 44, 86, 0.17000, 0.35000, 0.12000, 0.18000, 
n_site, n_tet, site_k, tet_k, Tet_Sphere, Compute_RPD, GPU2CPU, Non_Dup_RPCs
1866, 2187, 43, 85, 0.16000, 0.32000, 0.18000, 0.16000, 
n_site, n_tet, site_k, tet_k, Tet_Sphere, Compute_RPD, GPU2CPU, Non_Dup_RPCs
1866, 2187, 43, 84, 0.17000, 0.32000, 0.16000, 0.17000, 
n_site, n_tet, site_k, tet_k, Tet_Sphere, Compute_RPD, GPU2CPU, Non_Dup_RPCs
1866, 2187, 42, 82, 0.16000, 0.31000, 0.17000, 0.14000, 
n_site, n_tet, site_k, tet_k, Tet_Sphere, Compute_RPD, GPU2CPU, Non_Dup_RPCs
1866, 2187, 41, 82, 0.16000, 0.32000, 0.16000, 0.17000, 
n_site, n_tet, site_k, tet_k, Tet_Sphere, Compute_RPD, GPU2CPU, Non_Dup_RPCs
1866, 2187, 41, 82, 0.16000, 0.32000, 0.18000, 0.15000, 
n_site, n_tet, site_k, tet_k, Tet_Sphere, Compute_RPD, GPU2CPU, Non_Dup_RPCs
1866, 2187, 41, 82, 0.17000, 0.35000, 0.18000, 0.16000, 
n_site, n_tet, site_k, tet_k, Tet_Sphere, Compute_RPD, GPU2CPU, Non_Dup_RPCs
1866, 2187, 41, 84, 0.16000, 0.39000, 0.17000, 0.20000, 
n_site, n_tet, site_k, tet_k, Tet_Sphere, Compute_RPD, GPU2CPU, Non_Dup_RPCs
1866, 2187, 40, 83, 0.17000, 0.31000, 0.16000, 0.17000, 
n_site, n_tet, site_k, tet_k, Tet_Sphere, Compute_RPD, GPU2CPU, Non_Dup_RPCs
1866, 2187, 40, 84, 0.17000, 0.33000, 0.15000, 0.18000, 
n_site, n_tet, site_k, tet_k, Tet_Sphere, Compute_RPD, GPU2CPU, Non_Dup_RPCs
1866, 2187, 40, 83, 0.14000, 0.35000, 0.11000, 0.17000, 
n_site, n_tet, site_k, tet_k, Tet_Sphere, Compute_RPD, GPU2CPU, Non_Dup_RPCs
1866, 2187, 40, 83, 0.17000, 0.31000, 0.10000, 0.18000, 
n_site, n_tet, site_k, tet_k, Tet_Sphere, Compute_RPD, GPU2CPU, Non_Dup_RPCs
1866, 2187, 40, 82, 0.15000, 0.32000, 0.18000, 0.16000, 
n_site, n_tet, site_k, tet_k, Tet_Sphere, Compute_RPD, GPU2CPU, Non_Dup_RPCs
1866, 2187, 41, 81, 0.16000, 0.37000, 0.17000, 0.15000, 
n_site, n_tet, site_k, tet_k, Tet_Sphere, Compute_RPD, GPU2CPU, Non_Dup_RPCs
1866, 2187, 41, 81, 0.17000, 0.35000, 0.15000, 0.16000, 
n_site, n_tet, site_k, tet_k, Tet_Sphere, Compute_RPD, GPU2CPU, Non_Dup_RPCs
1887, 2187, 41, 86, 0.17000, 0.35000, 0.14000, 0.19000, 
n_site, n_tet, site_k, tet_k, Tet_Sphere, Compute_RPD, GPU2CPU, Non_Dup_RPCs
1982, 2187, 52, 91, 0.20000, 0.37000, 0.19000, 0.15000, 
n_site, n_tet, site_k, tet_k, Tet_Sphere, Compute_RPD, GPU2CPU, Non_Dup_RPCs
1982, 2187, 52, 91, 0.16000, 0.40000, 0.17000, 0.14000, 
n_site, n_tet, site_k, tet_k, Tet_Sphere, Compute_RPD, GPU2CPU, Non_Dup_RPCs
1982, 2187, 53, 94, 0.15000, 0.33000, 0.17000, 0.11000, 
n_site, n_tet, site_k, tet_k, Tet_Sphere, Compute_RPD, GPU2CPU, Non_Dup_RPCs
1958, 2187, 47, 90, 0.16000, 0.32000, 0.18000, 0.10000, 
n_site, n_tet, site_k, tet_k, Tet_Sphere, Compute_RPD, GPU2CPU, Non_Dup_RPCs
1580, 1772, 44, 67, 0.09000, 0.26000, 0.12000, 0.04000, 
n_site, n_tet, site_k, tet_k, Tet_Sphere, Compute_RPD, GPU2CPU, Non_Dup_RPCs
1963, 2187, 47, 90, 0.20000, 0.47000, 0.11000, 0.19000, 
n_site, n_tet, site_k, tet_k, Tet_Sphere, Compute_RPD, GPU2CPU, Non_Dup_RPCs
1963, 2187, 47, 90, 0.19000, 0.31000, 0.13000, 0.11000, 
n_site, n_tet, site_k, tet_k, Tet_Sphere, Compute_RPD, GPU2CPU, Non_Dup_RPCs
1963, 2187, 47, 90, 0.16000, 0.42000, 0.17000, 0.15000, 
n_site, n_tet, site_k, tet_k, Tet_Sphere, Compute_RPD, GPU2CPU, Non_Dup_RPCs
1963, 2187, 47, 90, 0.17000, 0.43000, 0.15000, 0.14000, 
n_site, n_tet, site_k, tet_k, Tet_Sphere, Compute_RPD, GPU2CPU, Non_Dup_RPCs
1963, 2187, 47, 90, 0.17000, 0.36000, 0.16000, 0.16000, 
n_site, n_tet, site_k, tet_k, Tet_Sphere, Compute_RPD, GPU2CPU, Non_Dup_RPCs
1963, 2187, 47, 88, 0.16000, 0.38000, 0.19000, 0.16000, 
n_site, n_tet, site_k, tet_k, Tet_Sphere, Compute_RPD, GPU2CPU, Non_Dup_RPCs
1963, 2187, 47, 88, 0.18000, 0.37000, 0.16000, 0.17000, 
n_site, n_tet, site_k, tet_k, Tet_Sphere, Compute_RPD, GPU2CPU, Non_Dup_RPCs
1963, 2187, 47, 87, 0.19000, 0.33000, 0.17000, 0.14000, 
n_site, n_tet, site_k, tet_k, Tet_Sphere, Compute_RPD, GPU2CPU, Non_Dup_RPCs
1963, 2187, 47, 87, 0.18000, 0.33000, 0.10000, 0.17000, 
n_site, n_tet, site_k, tet_k, Tet_Sphere, Compute_RPD, GPU2CPU, Non_Dup_RPCs
1963, 2187, 47, 88, 0.16000, 0.36000, 0.18000, 0.12000, 
n_site, n_tet, site_k, tet_k, Tet_Sphere, Compute_RPD, GPU2CPU, Non_Dup_RPCs
1963, 2187, 47, 88, 0.19000, 0.34000, 0.21000, 0.15000, 
n_site, n_tet, site_k, tet_k, Tet_Sphere, Compute_RPD, GPU2CPU, Non_Dup_RPCs
1963, 2187, 48, 87, 0.18000, 0.39000, 0.09000, 0.15000, 
n_site, n_tet, site_k, tet_k, Tet_Sphere, Compute_RPD, GPU2CPU, Non_Dup_RPCs
1963, 2187, 48, 87, 0.25000, 0.24000, 0.07000, 0.13000, 
n_site, n_tet, site_k, tet_k, Tet_Sphere, Compute_RPD, GPU2CPU, Non_Dup_RPCs
1963, 2187, 48, 87, 0.15000, 0.33000, 0.20000, 0.13000, 
n_site, n_tet, site_k, tet_k, Tet_Sphere, Compute_RPD, GPU2CPU, Non_Dup_RPCs
1976, 2187, 48, 90, 0.19000, 0.36000, 0.20000, 0.15000, 
n_site, n_tet, site_k, tet_k, Tet_Sphere, Compute_RPD, GPU2CPU, Non_Dup_RPCs
2046, 2187, 49, 97, 0.21000, 0.28000, 0.08000, 0.14000, 
n_site, n_tet, site_k, tet_k, Tet_Sphere, Compute_RPD, GPU2CPU, Non_Dup_RPCs
2046, 2187, 49, 97, 0.15000, 0.40000, 0.17000, 0.14000, 
n_site, n_tet, site_k, tet_k, Tet_Sphere, Compute_RPD, GPU2CPU, Non_Dup_RPCs
2046, 2187, 49, 99, 0.16000, 0.39000, 0.17000, 0.15000, 
n_site, n_tet, site_k, tet_k, Tet_Sphere, Compute_RPD, GPU2CPU, Non_Dup_RPCs
2022, 2187, 49, 92, 0.18000, 0.38000, 0.16000, 0.14000, 
n_site, n_tet, site_k, tet_k, Tet_Sphere, Compute_RPD, GPU2CPU, Non_Dup_RPCs
2022, 2187, 49, 92, 0.25000, 0.49000, 0.08000, 0.19000, 
n_site, n_tet, site_k, tet_k, Tet_Sphere, Compute_RPD, GPU2CPU, Non_Dup_RPCs
1239, 2634, 36, 46, 0.05000, 0.17000, 0.04000, 0.13000, 
n_site, n_tet, site_k, tet_k, Tet_Sphere, Compute_RPD, GPU2CPU, Non_Dup_RPCs
1054, 1434, 37, 15, 0.02000, 0.03000, 0.01000, 0.02000, 
n_site, n_tet, site_k, tet_k, Tet_Sphere, Compute_RPD, GPU2CPU, Non_Dup_RPCs
139, 119, 26, 6, 0.01000, 0.00000, 0.00000, 0.00000, 
n_site, n_tet, site_k, tet_k, Tet_Sphere, Compute_RPD, GPU2CPU, Non_Dup_RPCs
1613, 2634, 38, 50, 0.21000, 0.38000, 0.14000, 0.16000, 
n_site, n_tet, site_k, tet_k, Tet_Sphere, Compute_RPD, GPU2CPU, Non_Dup_RPCs
1613, 2634, 38, 50, 0.19000, 0.33000, 0.06000, 0.12000, 
n_site, n_tet, site_k, tet_k, Tet_Sphere, Compute_RPD, GPU2CPU, Non_Dup_RPCs
1613, 2634, 38, 50, 0.14000, 0.30000, 0.08000, 0.13000, 
n_site, n_tet, site_k, tet_k, Tet_Sphere, Compute_RPD, GPU2CPU, Non_Dup_RPCs
1613, 2634, 39, 50, 0.18000, 0.16000, 0.05000, 0.12000, 
n_site, n_tet, site_k, tet_k, Tet_Sphere, Compute_RPD, GPU2CPU, Non_Dup_RPCs
1613, 2634, 40, 50, 0.13000, 0.27000, 0.12000, 0.12000, 
n_site, n_tet, site_k, tet_k, Tet_Sphere, Compute_RPD, GPU2CPU, Non_Dup_RPCs
1613, 2634, 40, 51, 0.16000, 0.28000, 0.05000, 0.13000, 
n_site, n_tet, site_k, tet_k, Tet_Sphere, Compute_RPD, GPU2CPU, Non_Dup_RPCs
1613, 2634, 40, 50, 0.23000, 0.17000, 0.05000, 0.12000, 
n_site, n_tet, site_k, tet_k, Tet_Sphere, Compute_RPD, GPU2CPU, Non_Dup_RPCs
1613, 2634, 43, 50, 0.13000, 0.27000, 0.12000, 0.12000, 
n_site, n_tet, site_k, tet_k, Tet_Sphere, Compute_RPD, GPU2CPU, Non_Dup_RPCs
1613, 2634, 38, 50, 0.16000, 0.32000, 0.05000, 0.13000, 
n_site, n_tet, site_k, tet_k, Tet_Sphere, Compute_RPD, GPU2CPU, Non_Dup_RPCs
1613, 2634, 39, 51, 0.14000, 0.29000, 0.08000, 0.13000, 
n_site, n_tet, site_k, tet_k, Tet_Sphere, Compute_RPD, GPU2CPU, Non_Dup_RPCs
1613, 2634, 43, 51, 0.13000, 0.28000, 0.08000, 0.13000, 
n_site, n_tet, site_k, tet_k, Tet_Sphere, Compute_RPD, GPU2CPU, Non_Dup_RPCs
1613, 2634, 46, 51, 0.14000, 0.28000, 0.06000, 0.12000, 
n_site, n_tet, site_k, tet_k, Tet_Sphere, Compute_RPD, GPU2CPU, Non_Dup_RPCs
1613, 2634, 45, 53, 0.14000, 0.33000, 0.08000, 0.14000, 
n_site, n_tet, site_k, tet_k, Tet_Sphere, Compute_RPD, GPU2CPU, Non_Dup_RPCs
1613, 2634, 47, 52, 0.14000, 0.30000, 0.06000, 0.13000, 
n_site, n_tet, site_k, tet_k, Tet_Sphere, Compute_RPD, GPU2CPU, Non_Dup_RPCs
1613, 2634, 52, 54, 0.15000, 0.26000, 0.15000, 0.12000, 
n_site, n_tet, site_k, tet_k, Tet_Sphere, Compute_RPD, GPU2CPU, Non_Dup_RPCs
1613, 2634, 60, 53, 0.18000, 0.32000, 0.04000, 0.13000, 
n_site, n_tet, site_k, tet_k, Tet_Sphere, Compute_RPD, GPU2CPU, Non_Dup_RPCs
1613, 2634, 61, 52, 0.15000, 0.29000, 0.08000, 0.12000, 
n_site, n_tet, site_k, tet_k, Tet_Sphere, Compute_RPD, GPU2CPU, Non_Dup_RPCs
1613, 2634, 62, 51, 0.19000, 0.27000, 0.14000, 0.11000, 
n_site, n_tet, site_k, tet_k, Tet_Sphere, Compute_RPD, GPU2CPU, Non_Dup_RPCs
1613, 2634, 63, 51, 0.18000, 0.23000, 0.14000, 0.13000, 
n_site, n_tet, site_k, tet_k, Tet_Sphere, Compute_RPD, GPU2CPU, Non_Dup_RPCs
1613, 2634, 64, 48, 0.15000, 0.24000, 0.13000, 0.12000, 
n_site, n_tet, site_k, tet_k, Tet_Sphere, Compute_RPD, GPU2CPU, Non_Dup_RPCs
1613, 2634, 66, 48, 0.17000, 0.30000, 0.09000, 0.12000, 
n_site, n_tet, site_k, tet_k, Tet_Sphere, Compute_RPD, GPU2CPU, Non_Dup_RPCs
1613, 2634, 69, 48, 0.15000, 0.26000, 0.09000, 0.12000, 
n_site, n_tet, site_k, tet_k, Tet_Sphere, Compute_RPD, GPU2CPU, Non_Dup_RPCs
1613, 2634, 71, 48, 0.15000, 0.27000, 0.10000, 0.13000, 
n_site, n_tet, site_k, tet_k, Tet_Sphere, Compute_RPD, GPU2CPU, Non_Dup_RPCs
1613, 2634, 73, 46, 0.17000, 0.30000, 0.07000, 0.13000, 
n_site, n_tet, site_k, tet_k, Tet_Sphere, Compute_RPD, GPU2CPU, Non_Dup_RPCs
1613, 2634, 75, 45, 0.16000, 0.24000, 0.09000, 0.12000, 
n_site, n_tet, site_k, tet_k, Tet_Sphere, Compute_RPD, GPU2CPU, Non_Dup_RPCs
1613, 2634, 77, 45, 0.18000, 0.27000, 0.06000, 0.12000, 
n_site, n_tet, site_k, tet_k, Tet_Sphere, Compute_RPD, GPU2CPU, Non_Dup_RPCs
1613, 2634, 77, 45, 0.16000, 0.22000, 0.13000, 0.10000, 
n_site, n_tet, site_k, tet_k, Tet_Sphere, Compute_RPD, GPU2CPU, Non_Dup_RPCs
1905, 2634, 77, 48, 0.25000, 0.15000, 0.05000, 0.12000, 
n_site, n_tet, site_k, tet_k, Tet_Sphere, Compute_RPD, GPU2CPU, Non_Dup_RPCs
2096, 2634, 78, 58, 0.27000, 0.31000, 0.16000, 0.15000, 
n_site, n_tet, site_k, tet_k, Tet_Sphere, Compute_RPD, GPU2CPU, Non_Dup_RPCs
2096, 2634, 78, 58, 0.22000, 0.32000, 0.05000, 0.14000, 
n_site, n_tet, site_k, tet_k, Tet_Sphere, Compute_RPD, GPU2CPU, Non_Dup_RPCs
2096, 2634, 37, 57, 0.18000, 0.29000, 0.13000, 0.14000, 
n_site, n_tet, site_k, tet_k, Tet_Sphere, Compute_RPD, GPU2CPU, Non_Dup_RPCs
2078, 2634, 37, 53, 0.23000, 0.29000, 0.15000, 0.14000, 
n_site, n_tet, site_k, tet_k, Tet_Sphere, Compute_RPD, GPU2CPU, Non_Dup_RPCs
2078, 2634, 37, 53, 0.21000, 0.20000, 0.06000, 0.14000, 
n_site, n_tet, site_k, tet_k, Tet_Sphere, Compute_RPD, GPU2CPU, Non_Dup_RPCs
2078, 2634, 37, 53, 0.20000, 0.17000, 0.05000, 0.14000, 
n_site, n_tet, site_k, tet_k, Tet_Sphere, Compute_RPD, GPU2CPU, Non_Dup_RPCs
2078, 2634, 37, 53, 0.21000, 0.27000, 0.15000, 0.14000, 
n_site, n_tet, site_k, tet_k, Tet_Sphere, Compute_RPD, GPU2CPU, Non_Dup_RPCs
2078, 2634, 37, 53, 0.23000, 0.18000, 0.05000, 0.14000, 
n_site, n_tet, site_k, tet_k, Tet_Sphere, Compute_RPD, GPU2CPU, Non_Dup_RPCs
2078, 2634, 37, 53, 0.20000, 0.27000, 0.15000, 0.14000, 
n_site, n_tet, site_k, tet_k, Tet_Sphere, Compute_RPD, GPU2CPU, Non_Dup_RPCs
2078, 2634, 38, 53, 0.24000, 0.32000, 0.04000, 0.14000, 
n_site, n_tet, site_k, tet_k, Tet_Sphere, Compute_RPD, GPU2CPU, Non_Dup_RPCs
2078, 2634, 37, 53, 0.19000, 0.32000, 0.05000, 0.15000, 
n_site, n_tet, site_k, tet_k, Tet_Sphere, Compute_RPD, GPU2CPU, Non_Dup_RPCs
2078, 2634, 37, 54, 0.20000, 0.29000, 0.15000, 0.15000, 
n_site, n_tet, site_k, tet_k, Tet_Sphere, Compute_RPD, GPU2CPU, Non_Dup_RPCs
2078, 2634, 36, 53, 0.24000, 0.31000, 0.05000, 0.14000, 
n_site, n_tet, site_k, tet_k, Tet_Sphere, Compute_RPD, GPU2CPU, Non_Dup_RPCs
2078, 2634, 36, 53, 0.20000, 0.32000, 0.05000, 0.15000, 
n_site, n_tet, site_k, tet_k, Tet_Sphere, Compute_RPD, GPU2CPU, Non_Dup_RPCs
2078, 2634, 36, 54, 0.23000, 0.17000, 0.05000, 0.14000, 
n_site, n_tet, site_k, tet_k, Tet_Sphere, Compute_RPD, GPU2CPU, Non_Dup_RPCs
2078, 2634, 35, 54, 0.20000, 0.30000, 0.16000, 0.14000, 
n_site, n_tet, site_k, tet_k, Tet_Sphere, Compute_RPD, GPU2CPU, Non_Dup_RPCs
2078, 2634, 35, 54, 0.23000, 0.18000, 0.05000, 0.16000, 
n_site, n_tet, site_k, tet_k, Tet_Sphere, Compute_RPD, GPU2CPU, Non_Dup_RPCs
2078, 2634, 35, 55, 0.19000, 0.28000, 0.15000, 0.14000, 
n_site, n_tet, site_k, tet_k, Tet_Sphere, Compute_RPD, GPU2CPU, Non_Dup_RPCs
2078, 2634, 35, 55, 0.22000, 0.18000, 0.04000, 0.15000, 
n_site, n_tet, site_k, tet_k, Tet_Sphere, Compute_RPD, GPU2CPU, Non_Dup_RPCs
2078, 2634, 34, 55, 0.19000, 0.29000, 0.15000, 0.15000, 
n_site, n_tet, site_k, tet_k, Tet_Sphere, Compute_RPD, GPU2CPU, Non_Dup_RPCs
2078, 2634, 36, 55, 0.24000, 0.32000, 0.05000, 0.14000, 
n_site, n_tet, site_k, tet_k, Tet_Sphere, Compute_RPD, GPU2CPU, Non_Dup_RPCs
2078, 2634, 36, 55, 0.23000, 0.18000, 0.05000, 0.14000, 
n_site, n_tet, site_k, tet_k, Tet_Sphere, Compute_RPD, GPU2CPU, Non_Dup_RPCs
2078, 2634, 37, 56, 0.20000, 0.27000, 0.12000, 0.16000, 
n_site, n_tet, site_k, tet_k, Tet_Sphere, Compute_RPD, GPU2CPU, Non_Dup_RPCs
2078, 2634, 37, 56, 0.25000, 0.18000, 0.05000, 0.15000, 
n_site, n_tet, site_k, tet_k, Tet_Sphere, Compute_RPD, GPU2CPU, Non_Dup_RPCs
2083, 2634, 37, 56, 0.24000, 0.19000, 0.05000, 0.15000, 
n_site, n_tet, site_k, tet_k, Tet_Sphere, Compute_RPD, GPU2CPU, Non_Dup_RPCs
2238, 2634, 37, 68, 0.26000, 0.40000, 0.14000, 0.15000, 
n_site, n_tet, site_k, tet_k, Tet_Sphere, Compute_RPD, GPU2CPU, Non_Dup_RPCs
2238, 2634, 37, 68, 0.21000, 0.34000, 0.15000, 0.15000, 
n_site, n_tet, site_k, tet_k, Tet_Sphere, Compute_RPD, GPU2CPU, Non_Dup_RPCs
2238, 2634, 37, 66, 0.20000, 0.24000, 0.06000, 0.16000, 
n_site, n_tet, site_k, tet_k, Tet_Sphere, Compute_RPD, GPU2CPU, Non_Dup_RPCs
2217, 2634, 37, 65, 0.26000, 0.36000, 0.12000, 0.15000, 
n_site, n_tet, site_k, tet_k, Tet_Sphere, Compute_RPD, GPU2CPU, Non_Dup_RPCs
2219, 2634, 63, 64, 0.31000, 0.21000, 0.07000, 0.14000, 
n_site, n_tet, site_k, tet_k, Tet_Sphere, Compute_RPD, GPU2CPU, Non_Dup_RPCs
2219, 2634, 67, 65, 0.24000, 0.24000, 0.06000, 0.15000, 
n_site, n_tet, site_k, tet_k, Tet_Sphere, Compute_RPD, GPU2CPU, Non_Dup_RPCs
2219, 2634, 68, 65, 0.29000, 0.35000, 0.15000, 0.15000, 
n_site, n_tet, site_k, tet_k, Tet_Sphere, Compute_RPD, GPU2CPU, Non_Dup_RPCs
2219, 2634, 68, 65, 0.29000, 0.39000, 0.13000, 0.16000, 
n_site, n_tet, site_k, tet_k, Tet_Sphere, Compute_RPD, GPU2CPU, Non_Dup_RPCs
2219, 2634, 68, 65, 0.28000, 0.22000, 0.06000, 0.16000, 
n_site, n_tet, site_k, tet_k, Tet_Sphere, Compute_RPD, GPU2CPU, Non_Dup_RPCs
2219, 2634, 68, 64, 0.27000, 0.32000, 0.15000, 0.15000, 
n_site, n_tet, site_k, tet_k, Tet_Sphere, Compute_RPD, GPU2CPU, Non_Dup_RPCs
2219, 2634, 68, 63, 0.30000, 0.37000, 0.13000, 0.16000, 
n_site, n_tet, site_k, tet_k, Tet_Sphere, Compute_RPD, GPU2CPU, Non_Dup_RPCs
2219, 2634, 68, 63, 0.28000, 0.35000, 0.14000, 0.14000, 
n_site, n_tet, site_k, tet_k, Tet_Sphere, Compute_RPD, GPU2CPU, Non_Dup_RPCs
2219, 2634, 69, 63, 0.26000, 0.22000, 0.09000, 0.15000, 
n_site, n_tet, site_k, tet_k, Tet_Sphere, Compute_RPD, GPU2CPU, Non_Dup_RPCs
2219, 2634, 72, 65, 0.31000, 0.24000, 0.06000, 0.14000, 
n_site, n_tet, site_k, tet_k, Tet_Sphere, Compute_RPD, GPU2CPU, Non_Dup_RPCs
2219, 2634, 72, 65, 0.26000, 0.35000, 0.15000, 0.15000, 
n_site, n_tet, site_k, tet_k, Tet_Sphere, Compute_RPD, GPU2CPU, Non_Dup_RPCs
2219, 2634, 72, 64, 0.25000, 0.22000, 0.07000, 0.14000, 
n_site, n_tet, site_k, tet_k, Tet_Sphere, Compute_RPD, GPU2CPU, Non_Dup_RPCs
2219, 2634, 72, 63, 0.27000, 0.33000, 0.16000, 0.15000, 
n_site, n_tet, site_k, tet_k, Tet_Sphere, Compute_RPD, GPU2CPU, Non_Dup_RPCs
2219, 2634, 72, 63, 0.28000, 0.22000, 0.05000, 0.15000, 
n_site, n_tet, site_k, tet_k, Tet_Sphere, Compute_RPD, GPU2CPU, Non_Dup_RPCs
2219, 2634, 72, 63, 0.23000, 0.21000, 0.05000, 0.15000, 
n_site, n_tet, site_k, tet_k, Tet_Sphere, Compute_RPD, GPU2CPU, Non_Dup_RPCs
2219, 2634, 72, 63, 0.27000, 0.21000, 0.06000, 0.14000, 
n_site, n_tet, site_k, tet_k, Tet_Sphere, Compute_RPD, GPU2CPU, Non_Dup_RPCs
2219, 2634, 72, 63, 0.29000, 0.23000, 0.07000, 0.15000, 
n_site, n_tet, site_k, tet_k, Tet_Sphere, Compute_RPD, GPU2CPU, Non_Dup_RPCs
2375, 2634, 71, 68, 0.23000, 0.24000, 0.06000, 0.22000, 
n_site, n_tet, site_k, tet_k, Tet_Sphere, Compute_RPD, GPU2CPU, Non_Dup_RPCs
2375, 2634, 71, 68, 0.25000, 0.33000, 0.18000, 0.24000, 
n_site, n_tet, site_k, tet_k, Tet_Sphere, Compute_RPD, GPU2CPU, Non_Dup_RPCs
2375, 2634, 39, 70, 0.25000, 0.38000, 0.14000, 0.24000, 
n_site, n_tet, site_k, tet_k, Tet_Sphere, Compute_RPD, GPU2CPU, Non_Dup_RPCs
2345, 2634, 39, 69, 0.30000, 0.24000, 0.07000, 0.23000, 
n_site, n_tet, site_k, tet_k, Tet_Sphere, Compute_RPD, GPU2CPU, Non_Dup_RPCs
2345, 2634, 39, 69, 0.30000, 0.26000, 0.06000, 0.22000, 
n_site, n_tet, site_k, tet_k, Tet_Sphere, Compute_RPD, GPU2CPU, Non_Dup_RPCs
586, 5278, 58, 32, 0.04000, 0.23000, 0.08000, 0.11000, 
n_site, n_tet, site_k, tet_k, Tet_Sphere, Compute_RPD, GPU2CPU, Non_Dup_RPCs
562, 3319, 56, 12, 0.02000, 0.06000, 0.01000, 0.03000, 
n_site, n_tet, site_k, tet_k, Tet_Sphere, Compute_RPD, GPU2CPU, Non_Dup_RPCs
186, 2289, 40, 6, 0.00000, 0.02000, 0.01000, 0.01000, 
n_site, n_tet, site_k, tet_k, Tet_Sphere, Compute_RPD, GPU2CPU, Non_Dup_RPCs
60, 561, 40, 3, 0.00000, 0.00000, 0.01000, 0.00000, 
n_site, n_tet, site_k, tet_k, Tet_Sphere, Compute_RPD, GPU2CPU, Non_Dup_RPCs
295, 5259, 60, 31, 0.05000, 0.42000, 0.07000, 0.08000, 
n_site, n_tet, site_k, tet_k, Tet_Sphere, Compute_RPD, GPU2CPU, Non_Dup_RPCs
82, 1703, 37, 4, 0.00000, 0.00000, 0.01000, 0.01000, 
n_site, n_tet, site_k, tet_k, Tet_Sphere, Compute_RPD, GPU2CPU, Non_Dup_RPCs
112, 3619, 38, 15, 0.01000, 0.08000, 0.06000, 0.03000, 
n_site, n_tet, site_k, tet_k, Tet_Sphere, Compute_RPD, GPU2CPU, Non_Dup_RPCs
311, 5278, 62, 32, 0.04000, 0.26000, 0.15000, 0.08000, 
n_site, n_tet, site_k, tet_k, Tet_Sphere, Compute_RPD, GPU2CPU, Non_Dup_RPCs
311, 5278, 64, 33, 0.01000, 0.20000, 0.06000, 0.09000, 
n_site, n_tet, site_k, tet_k, Tet_Sphere, Compute_RPD, GPU2CPU, Non_Dup_RPCs
311, 5278, 64, 33, 0.02000, 0.22000, 0.06000, 0.08000, 
n_site, n_tet, site_k, tet_k, Tet_Sphere, Compute_RPD, GPU2CPU, Non_Dup_RPCs
311, 5278, 64, 33, 0.02000, 0.19000, 0.06000, 0.09000, 
n_site, n_tet, site_k, tet_k, Tet_Sphere, Compute_RPD, GPU2CPU, Non_Dup_RPCs
311, 5278, 64, 32, 0.02000, 0.18000, 0.06000, 0.08000, 
n_site, n_tet, site_k, tet_k, Tet_Sphere, Compute_RPD, GPU2CPU, Non_Dup_RPCs
311, 5278, 63, 32, 0.02000, 0.20000, 0.06000, 0.09000, 
n_site, n_tet, site_k, tet_k, Tet_Sphere, Compute_RPD, GPU2CPU, Non_Dup_RPCs
311, 5278, 43, 29, 0.03000, 0.21000, 0.05000, 0.08000, 
n_site, n_tet, site_k, tet_k, Tet_Sphere, Compute_RPD, GPU2CPU, Non_Dup_RPCs
311, 5278, 45, 32, 0.02000, 0.20000, 0.06000, 0.09000, 
n_site, n_tet, site_k, tet_k, Tet_Sphere, Compute_RPD, GPU2CPU, Non_Dup_RPCs
311, 5278, 46, 34, 0.02000, 0.19000, 0.07000, 0.09000, 
n_site, n_tet, site_k, tet_k, Tet_Sphere, Compute_RPD, GPU2CPU, Non_Dup_RPCs
311, 5278, 47, 34, 0.02000, 0.20000, 0.06000, 0.09000, 
n_site, n_tet, site_k, tet_k, Tet_Sphere, Compute_RPD, GPU2CPU, Non_Dup_RPCs
311, 5278, 47, 31, 0.03000, 0.20000, 0.06000, 0.07000, 
n_site, n_tet, site_k, tet_k, Tet_Sphere, Compute_RPD, GPU2CPU, Non_Dup_RPCs
311, 5278, 47, 32, 0.03000, 0.20000, 0.06000, 0.09000, 
n_site, n_tet, site_k, tet_k, Tet_Sphere, Compute_RPD, GPU2CPU, Non_Dup_RPCs
311, 5278, 47, 32, 0.02000, 0.18000, 0.06000, 0.08000, 
n_site, n_tet, site_k, tet_k, Tet_Sphere, Compute_RPD, GPU2CPU, Non_Dup_RPCs
311, 5278, 48, 30, 0.01000, 0.18000, 0.05000, 0.09000, 
n_site, n_tet, site_k, tet_k, Tet_Sphere, Compute_RPD, GPU2CPU, Non_Dup_RPCs
311, 5278, 50, 30, 0.01000, 0.17000, 0.06000, 0.08000, 
n_site, n_tet, site_k, tet_k, Tet_Sphere, Compute_RPD, GPU2CPU, Non_Dup_RPCs
311, 5278, 51, 30, 0.02000, 0.17000, 0.06000, 0.09000, 
n_site, n_tet, site_k, tet_k, Tet_Sphere, Compute_RPD, GPU2CPU, Non_Dup_RPCs
311, 5278, 51, 26, 0.02000, 0.15000, 0.05000, 0.08000, 
n_site, n_tet, site_k, tet_k, Tet_Sphere, Compute_RPD, GPU2CPU, Non_Dup_RPCs
311, 5278, 51, 24, 0.02000, 0.14000, 0.04000, 0.05000, 
n_site, n_tet, site_k, tet_k, Tet_Sphere, Compute_RPD, GPU2CPU, Non_Dup_RPCs
311, 5278, 52, 24, 0.02000, 0.15000, 0.05000, 0.05000, 
n_site, n_tet, site_k, tet_k, Tet_Sphere, Compute_RPD, GPU2CPU, Non_Dup_RPCs
311, 5278, 52, 23, 0.02000, 0.16000, 0.04000, 0.05000, 
n_site, n_tet, site_k, tet_k, Tet_Sphere, Compute_RPD, GPU2CPU, Non_Dup_RPCs
311, 5278, 53, 23, 0.02000, 0.15000, 0.04000, 0.05000, 
n_site, n_tet, site_k, tet_k, Tet_Sphere, Compute_RPD, GPU2CPU, Non_Dup_RPCs
311, 5278, 52, 22, 0.02000, 0.15000, 0.03000, 0.05000, 
n_site, n_tet, site_k, tet_k, Tet_Sphere, Compute_RPD, GPU2CPU, Non_Dup_RPCs
311, 5278, 51, 22, 0.03000, 0.17000, 0.09000, 0.06000, 
n_site, n_tet, site_k, tet_k, Tet_Sphere, Compute_RPD, GPU2CPU, Non_Dup_RPCs
311, 5278, 51, 21, 0.01000, 0.14000, 0.03000, 0.06000, 
n_site, n_tet, site_k, tet_k, Tet_Sphere, Compute_RPD, GPU2CPU, Non_Dup_RPCs
311, 5278, 52, 21, 0.02000, 0.13000, 0.04000, 0.05000, 
n_site, n_tet, site_k, tet_k, Tet_Sphere, Compute_RPD, GPU2CPU, Non_Dup_RPCs
311, 5278, 52, 21, 0.02000, 0.16000, 0.05000, 0.05000, 
n_site, n_tet, site_k, tet_k, Tet_Sphere, Compute_RPD, GPU2CPU, Non_Dup_RPCs
381, 5278, 51, 21, 0.03000, 0.15000, 0.04000, 0.09000, 
n_site, n_tet, site_k, tet_k, Tet_Sphere, Compute_RPD, GPU2CPU, Non_Dup_RPCs
428, 5278, 49, 23, 0.04000, 0.23000, 0.07000, 0.08000, 
n_site, n_tet, site_k, tet_k, Tet_Sphere, Compute_RPD, GPU2CPU, Non_Dup_RPCs
428, 5278, 49, 23, 0.04000, 0.19000, 0.07000, 0.09000, 
n_site, n_tet, site_k, tet_k, Tet_Sphere, Compute_RPD, GPU2CPU, Non_Dup_RPCs
428, 5278, 72, 27, 0.05000, 0.28000, 0.11000, 0.11000, 
n_site, n_tet, site_k, tet_k, Tet_Sphere, Compute_RPD, GPU2CPU, Non_Dup_RPCs
400, 5278, 68, 25, 0.03000, 0.22000, 0.08000, 0.06000, 
n_site, n_tet, site_k, tet_k, Tet_Sphere, Compute_RPD, GPU2CPU, Non_Dup_RPCs
369, 5263, 70, 24, 0.03000, 0.16000, 0.06000, 0.05000, 
n_site, n_tet, site_k, tet_k, Tet_Sphere, Compute_RPD, GPU2CPU, Non_Dup_RPCs
162, 3958, 63, 13, 0.01000, 0.08000, 0.02000, 0.03000, 
n_site, n_tet, site_k, tet_k, Tet_Sphere, Compute_RPD, GPU2CPU, Non_Dup_RPCs
460, 5278, 65, 25, 0.05000, 0.27000, 0.11000, 0.09000, 
n_site, n_tet, site_k, tet_k, Tet_Sphere, Compute_RPD, GPU2CPU, Non_Dup_RPCs
460, 5278, 72, 25, 0.03000, 0.16000, 0.04000, 0.09000, 
n_site, n_tet, site_k, tet_k, Tet_Sphere, Compute_RPD, GPU2CPU, Non_Dup_RPCs
460, 5278, 72, 25, 0.03000, 0.16000, 0.05000, 0.09000, 
n_site, n_tet, site_k, tet_k, Tet_Sphere, Compute_RPD, GPU2CPU, Non_Dup_RPCs
460, 5278, 72, 26, 0.03000, 0.16000, 0.06000, 0.08000, 
n_site, n_tet, site_k, tet_k, Tet_Sphere, Compute_RPD, GPU2CPU, Non_Dup_RPCs
460, 5278, 72, 26, 0.03000, 0.16000, 0.05000, 0.09000, 
n_site, n_tet, site_k, tet_k, Tet_Sphere, Compute_RPD, GPU2CPU, Non_Dup_RPCs
460, 5278, 72, 25, 0.03000, 0.18000, 0.04000, 0.09000, 
n_site, n_tet, site_k, tet_k, Tet_Sphere, Compute_RPD, GPU2CPU, Non_Dup_RPCs
460, 5278, 72, 26, 0.04000, 0.22000, 0.04000, 0.09000, 
n_site, n_tet, site_k, tet_k, Tet_Sphere, Compute_RPD, GPU2CPU, Non_Dup_RPCs
460, 5278, 72, 26, 0.03000, 0.19000, 0.06000, 0.08000, 
n_site, n_tet, site_k, tet_k, Tet_Sphere, Compute_RPD, GPU2CPU, Non_Dup_RPCs
460, 5278, 71, 23, 0.03000, 0.15000, 0.04000, 0.09000, 
n_site, n_tet, site_k, tet_k, Tet_Sphere, Compute_RPD, GPU2CPU, Non_Dup_RPCs
460, 5278, 71, 23, 0.04000, 0.19000, 0.04000, 0.09000, 
n_site, n_tet, site_k, tet_k, Tet_Sphere, Compute_RPD, GPU2CPU, Non_Dup_RPCs
460, 5278, 71, 25, 0.04000, 0.24000, 0.14000, 0.08000, 
n_site, n_tet, site_k, tet_k, Tet_Sphere, Compute_RPD, GPU2CPU, Non_Dup_RPCs
460, 5278, 71, 25, 0.03000, 0.16000, 0.05000, 0.08000, 
n_site, n_tet, site_k, tet_k, Tet_Sphere, Compute_RPD, GPU2CPU, Non_Dup_RPCs
460, 5278, 71, 25, 0.03000, 0.15000, 0.05000, 0.10000, 
n_site, n_tet, site_k, tet_k, Tet_Sphere, Compute_RPD, GPU2CPU, Non_Dup_RPCs
460, 5278, 71, 25, 0.03000, 0.16000, 0.04000, 0.09000, 
n_site, n_tet, site_k, tet_k, Tet_Sphere, Compute_RPD, GPU2CPU, Non_Dup_RPCs
460, 5278, 71, 25, 0.03000, 0.16000, 0.04000, 0.09000, 
n_site, n_tet, site_k, tet_k, Tet_Sphere, Compute_RPD, GPU2CPU, Non_Dup_RPCs
460, 5278, 71, 25, 0.04000, 0.19000, 0.05000, 0.08000, 
n_site, n_tet, site_k, tet_k, Tet_Sphere, Compute_RPD, GPU2CPU, Non_Dup_RPCs
460, 5278, 71, 25, 0.04000, 0.24000, 0.14000, 0.08000, 
n_site, n_tet, site_k, tet_k, Tet_Sphere, Compute_RPD, GPU2CPU, Non_Dup_RPCs
460, 5278, 69, 25, 0.03000, 0.16000, 0.05000, 0.08000, 
n_site, n_tet, site_k, tet_k, Tet_Sphere, Compute_RPD, GPU2CPU, Non_Dup_RPCs
460, 5278, 69, 25, 0.03000, 0.16000, 0.05000, 0.09000, 
n_site, n_tet, site_k, tet_k, Tet_Sphere, Compute_RPD, GPU2CPU, Non_Dup_RPCs
664, 5278, 70, 25, 0.04000, 0.15000, 0.05000, 0.10000, 
n_site, n_tet, site_k, tet_k, Tet_Sphere, Compute_RPD, GPU2CPU, Non_Dup_RPCs
725, 5278, 93, 27, 0.07000, 0.29000, 0.08000, 0.05000, 
n_site, n_tet, site_k, tet_k, Tet_Sphere, Compute_RPD, GPU2CPU, Non_Dup_RPCs
725, 5278, 93, 27, 0.03000, 0.17000, 0.05000, 0.05000, 
n_site, n_tet, site_k, tet_k, Tet_Sphere, Compute_RPD, GPU2CPU, Non_Dup_RPCs
725, 5278, 70, 31, 0.03000, 0.19000, 0.06000, 0.10000, 
n_site, n_tet, site_k, tet_k, Tet_Sphere, Compute_RPD, GPU2CPU, Non_Dup_RPCs
714, 5278, 69, 29, 0.04000, 0.17000, 0.05000, 0.09000, 
n_site, n_tet, site_k, tet_k, Tet_Sphere, Compute_RPD, GPU2CPU, Non_Dup_RPCs
379, 5259, 60, 29, 0.03000, 0.20000, 0.05000, 0.06000, 
n_site, n_tet, site_k, tet_k, Tet_Sphere, Compute_RPD, GPU2CPU, Non_Dup_RPCs
117, 3585, 49, 22, 0.00000, 0.09000, 0.03000, 0.02000, 
n_site, n_tet, site_k, tet_k, Tet_Sphere, Compute_RPD, GPU2CPU, Non_Dup_RPCs
92, 641, 48, 7, 0.00000, 0.00000, 0.01000, 0.00000, 
n_site, n_tet, site_k, tet_k, Tet_Sphere, Compute_RPD, GPU2CPU, Non_Dup_RPCs
809, 5278, 154, 30, 0.12000, 0.37000, 0.09000, 0.10000, 
n_site, n_tet, site_k, tet_k, Tet_Sphere, Compute_RPD, GPU2CPU, Non_Dup_RPCs
809, 5278, 108, 29, 0.04000, 0.20000, 0.06000, 0.09000, 
n_site, n_tet, site_k, tet_k, Tet_Sphere, Compute_RPD, GPU2CPU, Non_Dup_RPCs
809, 5278, 110, 29, 0.08000, 0.26000, 0.05000, 0.12000, 
n_site, n_tet, site_k, tet_k, Tet_Sphere, Compute_RPD, GPU2CPU, Non_Dup_RPCs
809, 5278, 110, 29, 0.07000, 0.23000, 0.06000, 0.10000, 
n_site, n_tet, site_k, tet_k, Tet_Sphere, Compute_RPD, GPU2CPU, Non_Dup_RPCs
809, 5278, 110, 29, 0.07000, 0.23000, 0.06000, 0.12000, 
n_site, n_tet, site_k, tet_k, Tet_Sphere, Compute_RPD, GPU2CPU, Non_Dup_RPCs
809, 5278, 110, 28, 0.06000, 0.20000, 0.06000, 0.10000, 
n_site, n_tet, site_k, tet_k, Tet_Sphere, Compute_RPD, GPU2CPU, Non_Dup_RPCs
809, 5278, 110, 28, 0.06000, 0.19000, 0.06000, 0.12000, 
n_site, n_tet, site_k, tet_k, Tet_Sphere, Compute_RPD, GPU2CPU, Non_Dup_RPCs
809, 5278, 110, 28, 0.05000, 0.19000, 0.05000, 0.10000, 
n_site, n_tet, site_k, tet_k, Tet_Sphere, Compute_RPD, GPU2CPU, Non_Dup_RPCs
809, 5278, 110, 28, 0.05000, 0.18000, 0.06000, 0.11000, 
n_site, n_tet, site_k, tet_k, Tet_Sphere, Compute_RPD, GPU2CPU, Non_Dup_RPCs
809, 5278, 110, 28, 0.07000, 0.22000, 0.06000, 0.10000, 
n_site, n_tet, site_k, tet_k, Tet_Sphere, Compute_RPD, GPU2CPU, Non_Dup_RPCs
809, 5278, 110, 28, 0.06000, 0.21000, 0.05000, 0.11000, 
n_site, n_tet, site_k, tet_k, Tet_Sphere, Compute_RPD, GPU2CPU, Non_Dup_RPCs
809, 5278, 110, 28, 0.09000, 0.29000, 0.13000, 0.11000, 
n_site, n_tet, site_k, tet_k, Tet_Sphere, Compute_RPD, GPU2CPU, Non_Dup_RPCs
809, 5278, 110, 28, 0.06000, 0.19000, 0.06000, 0.11000, 
n_site, n_tet, site_k, tet_k, Tet_Sphere, Compute_RPD, GPU2CPU, Non_Dup_RPCs
809, 5278, 110, 28, 0.05000, 0.18000, 0.05000, 0.11000, 
n_site, n_tet, site_k, tet_k, Tet_Sphere, Compute_RPD, GPU2CPU, Non_Dup_RPCs
809, 5278, 110, 28, 0.05000, 0.19000, 0.04000, 0.12000, 
n_site, n_tet, site_k, tet_k, Tet_Sphere, Compute_RPD, GPU2CPU, Non_Dup_RPCs
1127, 5278, 110, 56, 0.15000, 0.57000, 0.16000, 0.13000, 
n_site, n_tet, site_k, tet_k, Tet_Sphere, Compute_RPD, GPU2CPU, Non_Dup_RPCs
1211, 5278, 114, 46, 0.14000, 0.50000, 0.09000, 0.11000, 
n_site, n_tet, site_k, tet_k, Tet_Sphere, Compute_RPD, GPU2CPU, Non_Dup_RPCs
1211, 5278, 114, 46, 0.06000, 0.28000, 0.09000, 0.11000, 
n_site, n_tet, site_k, tet_k, Tet_Sphere, Compute_RPD, GPU2CPU, Non_Dup_RPCs
1211, 5278, 125, 110, 0.07000, 0.96000, 0.31000, 0.11000, 
n_site, n_tet, site_k, tet_k, Tet_Sphere, Compute_RPD, GPU2CPU, Non_Dup_RPCs
1144, 5278, 120, 84, 0.06000, 0.62000, 0.17000, 0.10000, 
n_site, n_tet, site_k, tet_k, Tet_Sphere, Compute_RPD, GPU2CPU, Non_Dup_RPCs
464, 5262, 68, 84, 0.02000, 0.68000, 0.16000, 0.12000, 
n_site, n_tet, site_k, tet_k, Tet_Sphere, Compute_RPD, GPU2CPU, Non_Dup_RPCs
146, 3623, 37, 41, 0.01000, 0.15000, 0.06000, 0.03000, 
n_site, n_tet, site_k, tet_k, Tet_Sphere, Compute_RPD, GPU2CPU, Non_Dup_RPCs
50, 404, 27, 7, 0.00000, 0.00000, 0.00000, 0.01000, 
n_site, n_tet, site_k, tet_k, Tet_Sphere, Compute_RPD, GPU2CPU, Non_Dup_RPCs
397, 5278, 72, 84, 0.05000, 0.65000, 0.26000, 0.13000, 
n_site, n_tet, site_k, tet_k, Tet_Sphere, Compute_RPD, GPU2CPU, Non_Dup_RPCs
264, 3964, 67, 81, 0.01000, 0.43000, 0.15000, 0.05000, 
n_site, n_tet, site_k, tet_k, Tet_Sphere, Compute_RPD, GPU2CPU, Non_Dup_RPCs
152, 3659, 39, 49, 0.01000, 0.18000, 0.07000, 0.04000, 
n_site, n_tet, site_k, tet_k, Tet_Sphere, Compute_RPD, GPU2CPU, Non_Dup_RPCs
2161, 5601, 51, 43, 0.17000, 0.33000, 0.09000, 0.26000, 
n_site, n_tet, site_k, tet_k, Tet_Sphere, Compute_RPD, GPU2CPU, Non_Dup_RPCs
2326, 4194, 44, 32, 0.11000, 0.18000, 0.05000, 0.14000, 
n_site, n_tet, site_k, tet_k, Tet_Sphere, Compute_RPD, GPU2CPU, Non_Dup_RPCs
836, 853, 36, 13, 0.03000, 0.05000, 0.03000, 0.01000, 
n_site, n_tet, site_k, tet_k, Tet_Sphere, Compute_RPD, GPU2CPU, Non_Dup_RPCs
90, 122, 28, 11, 0.00000, 0.01000, 0.01000, 0.00000, 
n_site, n_tet, site_k, tet_k, Tet_Sphere, Compute_RPD, GPU2CPU, Non_Dup_RPCs
165, 271, 33, 8, 0.00000, 0.02000, 0.01000, 0.01000, 
n_site, n_tet, site_k, tet_k, Tet_Sphere, Compute_RPD, GPU2CPU, Non_Dup_RPCs
311, 533, 41, 11, 0.01000, 0.04000, 0.01000, 0.00000, 
n_site, n_tet, site_k, tet_k, Tet_Sphere, Compute_RPD, GPU2CPU, Non_Dup_RPCs
2741, 5601, 44, 44, 0.39000, 0.45000, 0.08000, 0.26000, 
n_site, n_tet, site_k, tet_k, Tet_Sphere, Compute_RPD, GPU2CPU, Non_Dup_RPCs
2741, 5601, 43, 44, 0.45000, 0.46000, 0.08000, 0.27000, 
n_site, n_tet, site_k, tet_k, Tet_Sphere, Compute_RPD, GPU2CPU, Non_Dup_RPCs
2741, 5601, 43, 44, 0.36000, 0.46000, 0.12000, 0.27000, 
n_site, n_tet, site_k, tet_k, Tet_Sphere, Compute_RPD, GPU2CPU, Non_Dup_RPCs
2741, 5601, 43, 44, 0.39000, 0.42000, 0.09000, 0.23000, 
n_site, n_tet, site_k, tet_k, Tet_Sphere, Compute_RPD, GPU2CPU, Non_Dup_RPCs
2741, 5601, 44, 44, 0.39000, 0.46000, 0.11000, 0.26000, 
n_site, n_tet, site_k, tet_k, Tet_Sphere, Compute_RPD, GPU2CPU, Non_Dup_RPCs
2741, 5601, 44, 44, 0.33000, 0.46000, 0.09000, 0.25000, 
n_site, n_tet, site_k, tet_k, Tet_Sphere, Compute_RPD, GPU2CPU, Non_Dup_RPCs
2741, 5601, 44, 44, 0.40000, 0.45000, 0.09000, 0.25000, 
n_site, n_tet, site_k, tet_k, Tet_Sphere, Compute_RPD, GPU2CPU, Non_Dup_RPCs
2741, 5601, 44, 44, 0.48000, 0.47000, 0.09000, 0.25000, 
n_site, n_tet, site_k, tet_k, Tet_Sphere, Compute_RPD, GPU2CPU, Non_Dup_RPCs
2741, 5601, 41, 42, 0.39000, 0.40000, 0.09000, 0.25000, 
n_site, n_tet, site_k, tet_k, Tet_Sphere, Compute_RPD, GPU2CPU, Non_Dup_RPCs
2741, 5601, 43, 44, 0.40000, 0.46000, 0.10000, 0.25000, 
n_site, n_tet, site_k, tet_k, Tet_Sphere, Compute_RPD, GPU2CPU, Non_Dup_RPCs
2741, 5601, 43, 44, 0.34000, 0.45000, 0.11000, 0.25000, 
n_site, n_tet, site_k, tet_k, Tet_Sphere, Compute_RPD, GPU2CPU, Non_Dup_RPCs
2741, 5601, 44, 45, 0.42000, 0.47000, 0.09000, 0.26000, 
n_site, n_tet, site_k, tet_k, Tet_Sphere, Compute_RPD, GPU2CPU, Non_Dup_RPCs
2741, 5601, 44, 45, 0.40000, 0.45000, 0.09000, 0.26000, 
n_site, n_tet, site_k, tet_k, Tet_Sphere, Compute_RPD, GPU2CPU, Non_Dup_RPCs
2741, 5601, 44, 46, 0.46000, 0.42000, 0.09000, 0.24000, 
n_site, n_tet, site_k, tet_k, Tet_Sphere, Compute_RPD, GPU2CPU, Non_Dup_RPCs
2741, 5601, 44, 46, 0.38000, 0.45000, 0.10000, 0.26000, 
n_site, n_tet, site_k, tet_k, Tet_Sphere, Compute_RPD, GPU2CPU, Non_Dup_RPCs
2741, 5601, 44, 47, 0.47000, 0.48000, 0.10000, 0.25000, 
n_site, n_tet, site_k, tet_k, Tet_Sphere, Compute_RPD, GPU2CPU, Non_Dup_RPCs
2741, 5601, 43, 47, 0.43000, 0.47000, 0.10000, 0.25000, 
n_site, n_tet, site_k, tet_k, Tet_Sphere, Compute_RPD, GPU2CPU, Non_Dup_RPCs
2741, 5601, 42, 47, 0.40000, 0.47000, 0.11000, 0.25000, 
n_site, n_tet, site_k, tet_k, Tet_Sphere, Compute_RPD, GPU2CPU, Non_Dup_RPCs
2741, 5601, 42, 44, 0.44000, 0.41000, 0.08000, 0.24000, 
n_site, n_tet, site_k, tet_k, Tet_Sphere, Compute_RPD, GPU2CPU, Non_Dup_RPCs
2741, 5601, 45, 45, 0.46000, 0.48000, 0.11000, 0.26000, 
n_site, n_tet, site_k, tet_k, Tet_Sphere, Compute_RPD, GPU2CPU, Non_Dup_RPCs
2741, 5601, 45, 45, 0.38000, 0.46000, 0.09000, 0.26000, 
n_site, n_tet, site_k, tet_k, Tet_Sphere, Compute_RPD, GPU2CPU, Non_Dup_RPCs
2741, 5601, 46, 46, 0.40000, 0.47000, 0.09000, 0.25000, 
n_site, n_tet, site_k, tet_k, Tet_Sphere, Compute_RPD, GPU2CPU, Non_Dup_RPCs
2741, 5601, 45, 45, 0.48000, 0.45000, 0.09000, 0.25000, 
n_site, n_tet, site_k, tet_k, Tet_Sphere, Compute_RPD, GPU2CPU, Non_Dup_RPCs
2741, 5601, 42, 45, 0.37000, 0.42000, 0.09000, 0.23000, 
n_site, n_tet, site_k, tet_k, Tet_Sphere, Compute_RPD, GPU2CPU, Non_Dup_RPCs
2741, 5601, 42, 45, 0.44000, 0.44000, 0.12000, 0.26000, 
n_site, n_tet, site_k, tet_k, Tet_Sphere, Compute_RPD, GPU2CPU, Non_Dup_RPCs
2741, 5601, 43, 44, 0.45000, 0.42000, 0.09000, 0.26000, 
n_site, n_tet, site_k, tet_k, Tet_Sphere, Compute_RPD, GPU2CPU, Non_Dup_RPCs
2741, 5601, 47, 45, 0.37000, 0.45000, 0.10000, 0.25000, 
n_site, n_tet, site_k, tet_k, Tet_Sphere, Compute_RPD, GPU2CPU, Non_Dup_RPCs
2741, 5601, 47, 45, 0.44000, 0.45000, 0.09000, 0.26000, 
n_site, n_tet, site_k, tet_k, Tet_Sphere, Compute_RPD, GPU2CPU, Non_Dup_RPCs
2944, 5601, 60, 45, 0.41000, 0.42000, 0.08000, 0.25000, 
n_site, n_tet, site_k, tet_k, Tet_Sphere, Compute_RPD, GPU2CPU, Non_Dup_RPCs
3307, 5601, 45, 52, 0.47000, 0.55000, 0.10000, 0.26000, 
n_site, n_tet, site_k, tet_k, Tet_Sphere, Compute_RPD, GPU2CPU, Non_Dup_RPCs
3307, 5601, 45, 52, 0.38000, 0.53000, 0.11000, 0.26000, 
n_site, n_tet, site_k, tet_k, Tet_Sphere, Compute_RPD, GPU2CPU, Non_Dup_RPCs
3307, 5601, 46, 55, 0.46000, 0.57000, 0.11000, 0.28000, 
n_site, n_tet, site_k, tet_k, Tet_Sphere, Compute_RPD, GPU2CPU, Non_Dup_RPCs
3280, 5601, 46, 55, 0.49000, 0.68000, 0.11000, 0.31000, 
n_site, n_tet, site_k, tet_k, Tet_Sphere, Compute_RPD, GPU2CPU, Non_Dup_RPCs
3280, 5601, 46, 54, 0.50000, 0.58000, 0.11000, 0.31000, 
n_site, n_tet, site_k, tet_k, Tet_Sphere, Compute_RPD, GPU2CPU, Non_Dup_RPCs
3280, 5601, 46, 54, 0.39000, 0.58000, 0.11000, 0.33000, 
n_site, n_tet, site_k, tet_k, Tet_Sphere, Compute_RPD, GPU2CPU, Non_Dup_RPCs
3280, 5601, 46, 54, 0.38000, 0.65000, 0.11000, 0.33000, 
n_site, n_tet, site_k, tet_k, Tet_Sphere, Compute_RPD, GPU2CPU, Non_Dup_RPCs
3280, 5601, 46, 54, 0.43000, 0.52000, 0.12000, 0.33000, 
n_site, n_tet, site_k, tet_k, Tet_Sphere, Compute_RPD, GPU2CPU, Non_Dup_RPCs
3280, 5601, 46, 54, 0.45000, 0.56000, 0.10000, 0.31000, 
n_site, n_tet, site_k, tet_k, Tet_Sphere, Compute_RPD, GPU2CPU, Non_Dup_RPCs
3280, 5601, 46, 54, 0.47000, 0.58000, 0.10000, 0.32000, 
n_site, n_tet, site_k, tet_k, Tet_Sphere, Compute_RPD, GPU2CPU, Non_Dup_RPCs
3280, 5601, 47, 51, 0.50000, 0.55000, 0.10000, 0.31000, 
n_site, n_tet, site_k, tet_k, Tet_Sphere, Compute_RPD, GPU2CPU, Non_Dup_RPCs
3280, 5601, 48, 51, 0.48000, 0.49000, 0.11000, 0.30000, 
n_site, n_tet, site_k, tet_k, Tet_Sphere, Compute_RPD, GPU2CPU, Non_Dup_RPCs
3280, 5601, 47, 53, 0.40000, 0.54000, 0.11000, 0.30000, 
n_site, n_tet, site_k, tet_k, Tet_Sphere, Compute_RPD, GPU2CPU, Non_Dup_RPCs
3280, 5601, 45, 54, 0.39000, 0.58000, 0.11000, 0.32000, 
n_site, n_tet, site_k, tet_k, Tet_Sphere, Compute_RPD, GPU2CPU, Non_Dup_RPCs
3280, 5601, 45, 56, 0.49000, 0.60000, 0.10000, 0.33000, 
n_site, n_tet, site_k, tet_k, Tet_Sphere, Compute_RPD, GPU2CPU, Non_Dup_RPCs
3280, 5601, 46, 56, 0.48000, 0.53000, 0.15000, 0.31000, 
n_site, n_tet, site_k, tet_k, Tet_Sphere, Compute_RPD, GPU2CPU, Non_Dup_RPCs
3280, 5601, 45, 55, 0.50000, 0.59000, 0.11000, 0.32000, 
n_site, n_tet, site_k, tet_k, Tet_Sphere, Compute_RPD, GPU2CPU, Non_Dup_RPCs
3280, 5601, 45, 55, 0.49000, 0.58000, 0.11000, 0.33000, 
n_site, n_tet, site_k, tet_k, Tet_Sphere, Compute_RPD, GPU2CPU, Non_Dup_RPCs
3280, 5601, 62, 54, 0.50000, 0.57000, 0.11000, 0.32000, 
n_site, n_tet, site_k, tet_k, Tet_Sphere, Compute_RPD, GPU2CPU, Non_Dup_RPCs
3280, 5601, 63, 53, 0.41000, 0.52000, 0.12000, 0.30000, 
n_site, n_tet, site_k, tet_k, Tet_Sphere, Compute_RPD, GPU2CPU, Non_Dup_RPCs
3280, 5601, 60, 52, 0.49000, 0.53000, 0.11000, 0.31000, 
n_site, n_tet, site_k, tet_k, Tet_Sphere, Compute_RPD, GPU2CPU, Non_Dup_RPCs
3280, 5601, 61, 52, 0.50000, 0.55000, 0.12000, 0.38000, 
n_site, n_tet, site_k, tet_k, Tet_Sphere, Compute_RPD, GPU2CPU, Non_Dup_RPCs
3280, 5601, 61, 51, 0.43000, 0.56000, 0.09000, 0.32000, 
n_site, n_tet, site_k, tet_k, Tet_Sphere, Compute_RPD, GPU2CPU, Non_Dup_RPCs
3280, 5601, 61, 50, 0.52000, 0.47000, 0.11000, 0.31000, 
n_site, n_tet, site_k, tet_k, Tet_Sphere, Compute_RPD, GPU2CPU, Non_Dup_RPCs
3280, 5601, 61, 50, 0.41000, 0.51000, 0.09000, 0.30000, 
n_site, n_tet, site_k, tet_k, Tet_Sphere, Compute_RPD, GPU2CPU, Non_Dup_RPCs
3295, 5601, 61, 50, 0.50000, 0.53000, 0.09000, 0.40000, 
n_site, n_tet, site_k, tet_k, Tet_Sphere, Compute_RPD, GPU2CPU, Non_Dup_RPCs
3558, 5601, 61, 54, 0.53000, 0.57000, 0.10000, 0.34000, 
n_site, n_tet, site_k, tet_k, Tet_Sphere, Compute_RPD, GPU2CPU, Non_Dup_RPCs
3558, 5601, 61, 54, 0.45000, 0.49000, 0.12000, 0.36000, 
n_site, n_tet, site_k, tet_k, Tet_Sphere, Compute_RPD, GPU2CPU, Non_Dup_RPCs
3558, 5601, 46, 55, 0.40000, 0.57000, 0.11000, 0.35000, 
n_site, n_tet, site_k, tet_k, Tet_Sphere, Compute_RPD, GPU2CPU, Non_Dup_RPCs
3534, 5601, 45, 55, 0.52000, 0.58000, 0.10000, 0.38000, 
n_site, n_tet, site_k, tet_k, Tet_Sphere, Compute_RPD, GPU2CPU, Non_Dup_RPCs
3537, 5601, 45, 52, 0.47000, 0.56000, 0.11000, 0.36000, 
n_site, n_tet, site_k, tet_k, Tet_Sphere, Compute_RPD, GPU2CPU, Non_Dup_RPCs
3537, 5601, 45, 55, 0.50000, 0.55000, 0.12000, 0.36000, 
n_site, n_tet, site_k, tet_k, Tet_Sphere, Compute_RPD, GPU2CPU, Non_Dup_RPCs
3537, 5601, 45, 55, 0.46000, 0.58000, 0.12000, 0.38000, 
n_site, n_tet, site_k, tet_k, Tet_Sphere, Compute_RPD, GPU2CPU, Non_Dup_RPCs
3537, 5601, 45, 55, 0.52000, 0.57000, 0.12000, 0.38000, 
n_site, n_tet, site_k, tet_k, Tet_Sphere, Compute_RPD, GPU2CPU, Non_Dup_RPCs
3537, 5601, 45, 55, 0.47000, 0.60000, 0.11000, 0.43000, 
n_site, n_tet, site_k, tet_k, Tet_Sphere, Compute_RPD, GPU2CPU, Non_Dup_RPCs
3537, 5601, 45, 55, 0.48000, 0.54000, 0.12000, 0.34000, 
n_site, n_tet, site_k, tet_k, Tet_Sphere, Compute_RPD, GPU2CPU, Non_Dup_RPCs
3537, 5601, 46, 54, 0.39000, 0.59000, 0.11000, 0.39000, 
n_site, n_tet, site_k, tet_k, Tet_Sphere, Compute_RPD, GPU2CPU, Non_Dup_RPCs
3537, 5601, 47, 54, 0.54000, 0.56000, 0.10000, 0.41000, 
n_site, n_tet, site_k, tet_k, Tet_Sphere, Compute_RPD, GPU2CPU, Non_Dup_RPCs
3537, 5601, 48, 54, 0.54000, 0.55000, 0.11000, 0.34000, 
n_site, n_tet, site_k, tet_k, Tet_Sphere, Compute_RPD, GPU2CPU, Non_Dup_RPCs
3537, 5601, 47, 54, 0.49000, 0.55000, 0.11000, 0.39000, 
n_site, n_tet, site_k, tet_k, Tet_Sphere, Compute_RPD, GPU2CPU, Non_Dup_RPCs
3537, 5601, 46, 54, 0.44000, 0.57000, 0.11000, 0.41000, 
n_site, n_tet, site_k, tet_k, Tet_Sphere, Compute_RPD, GPU2CPU, Non_Dup_RPCs
3537, 5601, 46, 54, 0.51000, 0.54000, 0.12000, 0.33000, 
n_site, n_tet, site_k, tet_k, Tet_Sphere, Compute_RPD, GPU2CPU, Non_Dup_RPCs
3537, 5601, 46, 54, 0.52000, 0.52000, 0.13000, 0.33000, 
n_site, n_tet, site_k, tet_k, Tet_Sphere, Compute_RPD, GPU2CPU, Non_Dup_RPCs
3537, 5601, 50, 55, 0.46000, 0.58000, 0.10000, 0.32000, 
n_site, n_tet, site_k, tet_k, Tet_Sphere, Compute_RPD, GPU2CPU, Non_Dup_RPCs
3537, 5601, 50, 55, 0.42000, 0.55000, 0.11000, 0.39000, 
n_site, n_tet, site_k, tet_k, Tet_Sphere, Compute_RPD, GPU2CPU, Non_Dup_RPCs
3537, 5601, 50, 55, 0.42000, 0.56000, 0.10000, 0.42000, 
n_site, n_tet, site_k, tet_k, Tet_Sphere, Compute_RPD, GPU2CPU, Non_Dup_RPCs
3547, 5601, 50, 55, 0.50000, 0.55000, 0.13000, 0.38000, 
n_site, n_tet, site_k, tet_k, Tet_Sphere, Compute_RPD, GPU2CPU, Non_Dup_RPCs
3810, 5601, 50, 59, 0.51000, 0.66000, 0.12000, 0.38000, 
n_site, n_tet, site_k, tet_k, Tet_Sphere, Compute_RPD, GPU2CPU, Non_Dup_RPCs
3810, 5601, 50, 59, 0.54000, 0.62000, 0.11000, 0.40000, 
n_site, n_tet, site_k, tet_k, Tet_Sphere, Compute_RPD, GPU2CPU, Non_Dup_RPCs
3810, 5601, 51, 58, 0.44000, 0.65000, 0.11000, 0.40000, 
